guard,coreLen,coreTh,exitTh,tp,sl,maxBars,trainN,trainExp,trainPF,trainWin,testN,testExp,testPF,testWin,testDD,robust
none,2,5,60,0,2,0,3164,-0.397,0.681,39.3,1257,-0.383,0.651,46.1,-66.7,0
none,2,5,60,0,2,24,3164,-0.397,0.681,39.3,1257,-0.383,0.651,46.1,-66.7,0
none,2,5,60,0,2,48,3164,-0.397,0.681,39.3,1257,-0.383,0.651,46.1,-66.7,0
none,2,5,60,0,3,0,2804,-0.410,0.721,47.3,1076,-0.434,0.654,52.1,-67.0,0
none,2,5,60,0,3,24,2804,-0.410,0.721,47.3,1076,-0.434,0.654,52.1,-67.0,0
none,2,5,60,0,3,48,2804,-0.410,0.721,47.3,1076,-0.434,0.654,52.1,-67.0,0
none,2,5,60,0,5,0,2426,-0.413,0.757,55.4,945,-0.414,0.688,58.0,-62.8,0
none,2,5,60,0,5,24,2426,-0.413,0.757,55.4,945,-0.414,0.688,58.0,-62.8,0
none,2,5,60,0,5,48,2426,-0.413,0.757,55.4,945,-0.414,0.688,58.0,-62.8,0
none,2,5,60,2,2,0,3165,-0.373,0.688,41.5,1257,-0.392,0.638,46.7,-67.1,0
none,2,5,60,2,2,24,3165,-0.373,0.688,41.5,1257,-0.392,0.638,46.7,-67.1,0
none,2,5,60,2,2,48,3165,-0.373,0.688,41.5,1257,-0.392,0.638,46.7,-67.1,0
none,2,5,60,2,3,0,2805,-0.401,0.712,49.7,1078,-0.442,0.640,52.9,-67.3,0
none,2,5,60,2,3,24,2805,-0.401,0.712,49.7,1078,-0.442,0.640,52.9,-67.3,0
none,2,5,60,2,3,48,2805,-0.401,0.712,49.7,1078,-0.442,0.640,52.9,-67.3,0
none,2,5,60,2,5,0,2427,-0.411,0.740,57.5,948,-0.415,0.677,59.0,-62.3,0
none,2,5,60,2,5,24,2427,-0.411,0.740,57.5,948,-0.415,0.677,59.0,-62.3,0
none,2,5,60,2,5,48,2427,-0.411,0.740,57.5,948,-0.415,0.677,59.0,-62.3,0
none,2,5,60,3,2,0,3164,-0.385,0.688,40.1,1257,-0.402,0.631,46.3,-67.6,0
none,2,5,60,3,2,24,3164,-0.385,0.688,40.1,1257,-0.402,0.631,46.3,-67.6,0
none,2,5,60,3,2,48,3164,-0.385,0.688,40.1,1257,-0.402,0.631,46.3,-67.6,0
none,2,5,60,3,3,0,2804,-0.403,0.722,48.2,1078,-0.454,0.635,52.4,-67.8,0
none,2,5,60,3,3,24,2804,-0.403,0.722,48.2,1078,-0.454,0.635,52.4,-67.8,0
none,2,5,60,3,3,48,2804,-0.403,0.722,48.2,1078,-0.454,0.635,52.4,-67.8,0
none,2,5,60,3,5,0,2426,-0.399,0.759,56.3,947,-0.441,0.664,58.4,-63.8,0
none,2,5,60,3,5,24,2426,-0.399,0.759,56.3,947,-0.441,0.664,58.4,-63.8,0
none,2,5,60,3,5,48,2426,-0.399,0.759,56.3,947,-0.441,0.664,58.4,-63.8,0
none,2,5,70,0,2,0,3160,-0.357,0.730,36.8,1255,-0.417,0.652,42.2,-68.8,0
none,2,5,70,0,2,24,3160,-0.357,0.730,36.8,1255,-0.417,0.652,42.2,-68.8,0
none,2,5,70,0,2,48,3160,-0.357,0.730,36.8,1255,-0.417,0.652,42.2,-68.8,0
none,2,5,70,0,3,0,2796,-0.368,0.769,45.6,1074,-0.451,0.675,50.4,-68.1,0
none,2,5,70,0,3,24,2796,-0.368,0.769,45.6,1074,-0.451,0.675,50.4,-68.1,0
none,2,5,70,0,3,48,2796,-0.368,0.769,45.6,1074,-0.451,0.675,50.4,-68.1,0
none,2,5,70,0,5,0,2390,-0.346,0.812,54.9,936,-0.452,0.704,57.6,-65.6,0
none,2,5,70,0,5,24,2390,-0.346,0.812,54.9,936,-0.452,0.704,57.6,-65.6,0
none,2,5,70,0,5,48,2390,-0.346,0.812,54.9,936,-0.452,0.704,57.6,-65.6,0
none,2,5,70,2,2,0,3161,-0.360,0.712,40.1,1255,-0.393,0.659,44.4,-67.2,0
none,2,5,70,2,2,24,3161,-0.360,0.712,40.1,1255,-0.393,0.659,44.4,-67.2,0
none,2,5,70,2,2,48,3161,-0.360,0.712,40.1,1255,-0.393,0.659,44.4,-67.2,0
none,2,5,70,2,3,0,2798,-0.394,0.732,49.2,1076,-0.447,0.666,52.1,-68.2,0
none,2,5,70,2,3,24,2798,-0.394,0.732,49.2,1076,-0.447,0.666,52.1,-68.2,0
none,2,5,70,2,3,48,2798,-0.394,0.732,49.2,1076,-0.447,0.666,52.1,-68.2,0
none,2,5,70,2,5,0,2398,-0.377,0.773,58.5,939,-0.423,0.703,59.5,-63.6,0
none,2,5,70,2,5,24,2398,-0.377,0.773,58.5,939,-0.423,0.703,59.5,-63.6,0
none,2,5,70,2,5,48,2398,-0.377,0.773,58.5,939,-0.423,0.703,59.5,-63.6,0
none,2,5,70,3,2,0,3160,-0.367,0.719,38.0,1255,-0.434,0.635,42.8,-69.5,0
none,2,5,70,3,2,24,3160,-0.367,0.719,38.0,1255,-0.434,0.635,42.8,-69.5,0
none,2,5,70,3,2,48,3160,-0.367,0.719,38.0,1255,-0.434,0.635,42.8,-69.5,0
none,2,5,70,3,3,0,2796,-0.382,0.755,47.0,1076,-0.488,0.646,50.8,-69.9,0
none,2,5,70,3,3,24,2796,-0.382,0.755,47.0,1076,-0.488,0.646,50.8,-69.9,0
none,2,5,70,3,3,48,2796,-0.382,0.755,47.0,1076,-0.488,0.646,50.8,-69.9,0
none,2,5,70,3,5,0,2394,-0.352,0.801,56.5,938,-0.499,0.668,58.1,-67.5,0
none,2,5,70,3,5,24,2394,-0.352,0.801,56.5,938,-0.499,0.668,58.1,-67.5,0
none,2,5,70,3,5,48,2394,-0.352,0.801,56.5,938,-0.499,0.668,58.1,-67.5,0
none,2,10,60,0,2,0,5633,-0.354,0.715,40.8,2218,-0.326,0.685,48.1,-79.1,0
none,2,10,60,0,2,24,5633,-0.354,0.715,40.8,2218,-0.326,0.685,48.1,-79.1,0
none,2,10,60,0,2,48,5633,-0.354,0.715,40.8,2218,-0.326,0.685,48.1,-79.1,0
none,2,10,60,0,3,0,4894,-0.377,0.743,48.4,1885,-0.355,0.691,54.5,-78.5,0
none,2,10,60,0,3,24,4894,-0.377,0.743,48.4,1885,-0.355,0.691,54.5,-78.5,0
none,2,10,60,0,3,48,4894,-0.377,0.743,48.4,1885,-0.355,0.691,54.5,-78.5,0
none,2,10,60,0,5,0,4116,-0.381,0.770,55.6,1605,-0.325,0.725,59.4,-72.2,0
none,2,10,60,0,5,24,4116,-0.381,0.770,55.6,1605,-0.325,0.725,59.4,-72.2,0
none,2,10,60,0,5,48,4116,-0.381,0.770,55.6,1605,-0.325,0.725,59.4,-72.2,0
none,2,10,60,2,2,0,5637,-0.347,0.712,42.6,2221,-0.332,0.676,48.7,-79.3,0
none,2,10,60,2,2,24,5637,-0.347,0.712,42.6,2221,-0.332,0.676,48.7,-79.3,0
none,2,10,60,2,2,48,5637,-0.347,0.712,42.6,2221,-0.332,0.676,48.7,-79.3,0
none,2,10,60,2,3,0,4901,-0.388,0.725,50.3,1889,-0.361,0.681,55.2,-78.6,0
none,2,10,60,2,3,24,4901,-0.388,0.725,50.3,1889,-0.361,0.681,55.2,-78.6,0
none,2,10,60,2,3,48,4901,-0.388,0.725,50.3,1889,-0.361,0.681,55.2,-78.6,0
none,2,10,60,2,5,0,4126,-0.406,0.743,57.3,1610,-0.336,0.710,60.1,-72.8,0
none,2,10,60,2,5,24,4126,-0.406,0.743,57.3,1610,-0.336,0.710,60.1,-72.8,0
none,2,10,60,2,5,48,4126,-0.406,0.743,57.3,1610,-0.336,0.710,60.1,-72.8,0
none,2,10,60,3,2,0,5633,-0.349,0.717,41.4,2219,-0.340,0.670,48.2,-79.8,0
none,2,10,60,3,2,24,5633,-0.349,0.717,41.4,2219,-0.340,0.670,48.2,-79.8,0
none,2,10,60,3,2,48,5633,-0.349,0.717,41.4,2219,-0.340,0.670,48.2,-79.8,0
none,2,10,60,3,3,0,4894,-0.378,0.740,49.1,1887,-0.374,0.674,54.6,-79.5,0
none,2,10,60,3,3,24,4894,-0.378,0.740,49.1,1887,-0.374,0.674,54.6,-79.5,0
none,2,10,60,3,3,48,4894,-0.378,0.740,49.1,1887,-0.374,0.674,54.6,-79.5,0
none,2,10,60,3,5,0,4117,-0.381,0.765,56.3,1607,-0.349,0.703,59.6,-73.5,0
none,2,10,60,3,5,24,4117,-0.381,0.765,56.3,1607,-0.349,0.703,59.6,-73.5,0
none,2,10,60,3,5,48,4117,-0.381,0.765,56.3,1607,-0.349,0.703,59.6,-73.5,0
none,2,10,70,0,2,0,5588,-0.337,0.748,37.9,2190,-0.324,0.716,45.2,-79.6,0
none,2,10,70,0,2,24,5588,-0.337,0.748,37.9,2190,-0.324,0.716,45.2,-79.6,0
none,2,10,70,0,2,48,5588,-0.337,0.748,37.9,2190,-0.324,0.716,45.2,-79.6,0
none,2,10,70,0,3,0,4831,-0.361,0.774,46.5,1837,-0.356,0.724,52.9,-78.6,0
none,2,10,70,0,3,24,4831,-0.361,0.774,46.5,1837,-0.356,0.724,52.9,-78.6,0
none,2,10,70,0,3,48,4831,-0.361,0.774,46.5,1837,-0.356,0.724,52.9,-78.6,0
none,2,10,70,0,5,0,4008,-0.351,0.807,55.3,1535,-0.322,0.761,59.8,-71.9,0
none,2,10,70,0,5,24,4008,-0.351,0.807,55.3,1535,-0.322,0.761,59.8,-71.9,0
none,2,10,70,0,5,48,4008,-0.351,0.807,55.3,1535,-0.322,0.761,59.8,-71.9,0
none,2,10,70,2,2,0,5604,-0.340,0.731,41.0,2198,-0.323,0.706,46.9,-79.4,0
none,2,10,70,2,2,24,5604,-0.340,0.731,41.0,2198,-0.323,0.706,46.9,-79.4,0
none,2,10,70,2,2,48,5604,-0.340,0.731,41.0,2198,-0.323,0.706,46.9,-79.4,0
none,2,10,70,2,3,0,4849,-0.385,0.741,49.8,1851,-0.365,0.707,54.4,-79.2,0
none,2,10,70,2,3,24,4849,-0.385,0.741,49.8,1851,-0.365,0.707,54.4,-79.2,0
none,2,10,70,2,3,48,4849,-0.385,0.741,49.8,1851,-0.365,0.707,54.4,-79.2,0
none,2,10,70,2,5,0,4038,-0.390,0.767,58.4,1552,-0.333,0.743,61.2,-72.7,0
none,2,10,70,2,5,24,4038,-0.390,0.767,58.4,1552,-0.333,0.743,61.2,-72.7,0
none,2,10,70,2,5,48,4038,-0.390,0.767,58.4,1552,-0.333,0.743,61.2,-72.7,0
none,2,10,70,3,2,0,5592,-0.338,0.742,39.2,2192,-0.348,0.691,45.6,-81.1,0
none,2,10,70,3,2,24,5592,-0.338,0.742,39.2,2192,-0.348,0.691,45.6,-81.1,0
none,2,10,70,3,2,48,5592,-0.338,0.742,39.2,2192,-0.348,0.691,45.6,-81.1,0
none,2,10,70,3,3,0,4834,-0.365,0.765,48.0,1842,-0.394,0.692,53.2,-80.7,0
none,2,10,70,3,3,24,4834,-0.365,0.765,48.0,1842,-0.394,0.692,53.2,-80.7,0
none,2,10,70,3,3,48,4834,-0.365,0.765,48.0,1842,-0.394,0.692,53.2,-80.7,0
none,2,10,70,3,5,0,4019,-0.361,0.794,56.9,1542,-0.369,0.723,60.1,-74.7,0
none,2,10,70,3,5,24,4019,-0.361,0.794,56.9,1542,-0.369,0.723,60.1,-74.7,0
none,2,10,70,3,5,48,4019,-0.361,0.794,56.9,1542,-0.369,0.723,60.1,-74.7,0
none,2,15,60,0,2,0,7629,-0.291,0.759,42.3,3001,-0.311,0.693,49.2,-87.0,0
none,2,15,60,0,2,24,7629,-0.291,0.759,42.3,3001,-0.311,0.693,49.2,-87.0,0
none,2,15,60,0,2,48,7629,-0.291,0.759,42.3,3001,-0.311,0.693,49.2,-87.0,0
none,2,15,60,0,3,0,6573,-0.302,0.788,49.6,2545,-0.343,0.698,54.9,-86.4,0
none,2,15,60,0,3,24,6573,-0.302,0.788,49.6,2545,-0.343,0.698,54.9,-86.4,0
none,2,15,60,0,3,48,6573,-0.302,0.788,49.6,2545,-0.343,0.698,54.9,-86.4,0
none,2,15,60,0,5,0,5453,-0.310,0.807,56.2,2157,-0.329,0.724,59.4,-81.8,0
none,2,15,60,0,5,24,5453,-0.310,0.807,56.2,2157,-0.329,0.724,59.4,-81.8,0
none,2,15,60,0,5,48,5453,-0.310,0.807,56.2,2157,-0.329,0.724,59.4,-81.8,0
none,2,15,60,2,2,0,7645,-0.288,0.754,43.8,3008,-0.314,0.686,49.7,-87.1,0
none,2,15,60,2,2,24,7645,-0.288,0.754,43.8,3008,-0.314,0.686,49.7,-87.1,0
none,2,15,60,2,2,48,7645,-0.288,0.754,43.8,3008,-0.314,0.686,49.7,-87.1,0
none,2,15,60,2,3,0,6598,-0.313,0.772,51.3,2554,-0.346,0.690,55.5,-86.4,0
none,2,15,60,2,3,24,6598,-0.313,0.772,51.3,2554,-0.346,0.690,55.5,-86.4,0
none,2,15,60,2,3,48,6598,-0.313,0.772,51.3,2554,-0.346,0.690,55.5,-86.4,0
none,2,15,60,2,5,0,5490,-0.331,0.784,57.8,2167,-0.337,0.711,60.0,-82.4,0
none,2,15,60,2,5,24,5490,-0.331,0.784,57.8,2167,-0.337,0.711,60.0,-82.4,0
none,2,15,60,2,5,48,5490,-0.331,0.784,57.8,2167,-0.337,0.711,60.0,-82.4,0
none,2,15,60,3,2,0,7630,-0.289,0.759,42.8,3003,-0.323,0.680,49.3,-87.3,0
none,2,15,60,3,2,24,7630,-0.289,0.759,42.8,3003,-0.323,0.680,49.3,-87.3,0
none,2,15,60,3,2,48,7630,-0.289,0.759,42.8,3003,-0.323,0.680,49.3,-87.3,0
none,2,15,60,3,3,0,6577,-0.305,0.783,50.3,2547,-0.358,0.684,54.9,-86.8,0
none,2,15,60,3,3,24,6577,-0.305,0.783,50.3,2547,-0.358,0.684,54.9,-86.8,0
none,2,15,60,3,3,48,6577,-0.305,0.783,50.3,2547,-0.358,0.684,54.9,-86.8,0
none,2,15,60,3,5,0,5464,-0.310,0.803,57.0,2160,-0.347,0.706,59.5,-82.6,0
none,2,15,60,3,5,24,5464,-0.310,0.803,57.0,2160,-0.347,0.706,59.5,-82.6,0
none,2,15,60,3,5,48,5464,-0.310,0.803,57.0,2160,-0.347,0.706,59.5,-82.6,0
none,2,15,70,0,2,0,7505,-0.276,0.790,39.1,2933,-0.309,0.723,46.2,-87.6,0
none,2,15,70,0,2,24,7505,-0.276,0.790,39.1,2933,-0.309,0.723,46.2,-87.6,0
none,2,15,70,0,2,48,7505,-0.276,0.790,39.1,2933,-0.309,0.723,46.2,-87.6,0
none,2,15,70,0,3,0,6398,-0.289,0.817,47.5,2449,-0.334,0.735,53.7,-86.3,0
none,2,15,70,0,3,24,6398,-0.289,0.817,47.5,2449,-0.334,0.735,53.7,-86.3,0
none,2,15,70,0,3,48,6398,-0.289,0.817,47.5,2449,-0.334,0.735,53.7,-86.3,0
none,2,15,70,0,5,0,5216,-0.295,0.836,55.6,2029,-0.283,0.786,60.1,-78.9,0
none,2,15,70,0,5,24,5216,-0.295,0.836,55.6,2029,-0.283,0.786,60.1,-78.9,0
none,2,15,70,0,5,48,5216,-0.295,0.836,55.6,2029,-0.283,0.786,60.1,-78.9,0
none,2,15,70,2,2,0,7547,-0.283,0.771,42.0,2949,-0.306,0.717,47.7,-87.4,0
none,2,15,70,2,2,24,7547,-0.283,0.771,42.0,2949,-0.306,0.717,47.7,-87.4,0
none,2,15,70,2,2,48,7547,-0.283,0.771,42.0,2949,-0.306,0.717,47.7,-87.4,0
none,2,15,70,2,3,0,6457,-0.310,0.788,50.6,2472,-0.343,0.721,55.0,-86.7,0
none,2,15,70,2,3,24,6457,-0.310,0.788,50.6,2472,-0.343,0.721,55.0,-86.7,0
none,2,15,70,2,3,48,6457,-0.310,0.788,50.6,2472,-0.343,0.721,55.0,-86.7,0
none,2,15,70,2,5,0,5298,-0.327,0.803,58.6,2055,-0.304,0.764,61.1,-80.2,0
none,2,15,70,2,5,24,5298,-0.327,0.803,58.6,2055,-0.304,0.764,61.1,-80.2,0
none,2,15,70,2,5,48,5298,-0.327,0.803,58.6,2055,-0.304,0.764,61.1,-80.2,0
none,2,15,70,3,2,0,7514,-0.276,0.785,40.4,2939,-0.326,0.704,46.6,-88.3,0
none,2,15,70,3,2,24,7514,-0.276,0.785,40.4,2939,-0.326,0.704,46.6,-88.3,0
none,2,15,70,3,2,48,7514,-0.276,0.785,40.4,2939,-0.326,0.704,46.6,-88.3,0
none,2,15,70,3,3,0,6414,-0.292,0.809,48.9,2456,-0.364,0.709,54.0,-87.5,0
none,2,15,70,3,3,24,6414,-0.292,0.809,48.9,2456,-0.364,0.709,54.0,-87.5,0
none,2,15,70,3,3,48,6414,-0.292,0.809,48.9,2456,-0.364,0.709,54.0,-87.5,0
none,2,15,70,3,5,0,5251,-0.294,0.830,57.2,2039,-0.322,0.753,60.4,-81.4,0
none,2,15,70,3,5,24,5251,-0.294,0.830,57.2,2039,-0.322,0.753,60.4,-81.4,0
none,2,15,70,3,5,48,5251,-0.294,0.830,57.2,2039,-0.322,0.753,60.4,-81.4,0
none,3,5,60,0,2,0,978,-0.263,0.787,31.1,381,-0.470,0.674,33.7,-37.6,1
none,3,5,60,0,2,24,978,-0.263,0.787,31.1,381,-0.470,0.674,33.7,-37.6,1
none,3,5,60,0,2,48,978,-0.263,0.787,31.1,381,-0.470,0.674,33.7,-37.6,1
none,3,5,60,0,3,0,881,-0.316,0.798,39.5,331,-0.563,0.692,41.4,-39.8,1
none,3,5,60,0,3,24,881,-0.316,0.798,39.5,331,-0.570,0.690,41.4,-39.8,1
none,3,5,60,0,3,48,881,-0.316,0.798,39.5,331,-0.563,0.692,41.4,-39.8,1
none,3,5,60,0,5,0,748,-0.312,0.838,50.8,289,-0.547,0.749,51.4,-38.3,1
none,3,5,60,0,5,24,748,-0.312,0.838,50.8,289,-0.554,0.747,51.4,-38.6,1
none,3,5,60,0,5,48,748,-0.312,0.838,50.8,289,-0.547,0.749,51.4,-38.3,1
none,3,5,60,2,2,0,978,-0.325,0.742,36.2,381,-0.494,0.635,37.6,-37.5,0
none,3,5,60,2,2,24,978,-0.325,0.742,36.2,381,-0.494,0.635,37.6,-37.5,0
none,3,5,60,2,2,48,978,-0.325,0.742,36.2,381,-0.494,0.635,37.6,-37.5,0
none,3,5,60,2,3,0,881,-0.402,0.735,45.1,331,-0.708,0.595,44.0,-42.7,0
none,3,5,60,2,3,24,881,-0.402,0.735,45.1,331,-0.708,0.595,44.0,-42.7,0
none,3,5,60,2,3,48,881,-0.402,0.735,45.1,331,-0.708,0.595,44.0,-42.7,0
none,3,5,60,2,5,0,748,-0.350,0.800,56.8,289,-0.743,0.624,54.2,-43.2,0
none,3,5,60,2,5,24,748,-0.350,0.800,56.8,289,-0.743,0.624,54.2,-43.2,0
none,3,5,60,2,5,48,748,-0.350,0.800,56.8,289,-0.743,0.624,54.2,-43.2,0
none,3,5,60,3,2,0,978,-0.306,0.761,33.3,381,-0.518,0.628,35.4,-38.3,0
none,3,5,60,3,2,24,978,-0.306,0.761,33.3,381,-0.518,0.628,35.4,-38.3,0
none,3,5,60,3,2,48,978,-0.306,0.761,33.3,381,-0.518,0.628,35.4,-38.3,0
none,3,5,60,3,3,0,881,-0.366,0.768,42.1,331,-0.684,0.618,42.3,-42.1,0
none,3,5,60,3,3,24,881,-0.366,0.768,42.1,331,-0.691,0.616,42.3,-42.1,0
none,3,5,60,3,3,48,881,-0.366,0.768,42.1,331,-0.684,0.618,42.3,-42.1,0
none,3,5,60,3,5,0,748,-0.282,0.844,54.4,289,-0.778,0.625,52.2,-43.2,0
none,3,5,60,3,5,24,748,-0.282,0.844,54.4,289,-0.785,0.623,52.2,-43.5,0
none,3,5,60,3,5,48,748,-0.282,0.844,54.4,289,-0.778,0.625,52.2,-43.2,0
none,3,5,70,0,2,0,977,-0.324,0.759,25.6,380,-0.457,0.701,30.0,-39.8,1
none,3,5,70,0,2,24,977,-0.321,0.761,25.7,381,-0.458,0.699,30.2,-39.7,1
none,3,5,70,0,2,48,977,-0.324,0.759,25.6,380,-0.457,0.701,30.0,-39.8,1
none,3,5,70,0,3,0,881,-0.443,0.752,33.8,330,-0.532,0.727,38.9,-40.8,1
none,3,5,70,0,3,24,881,-0.439,0.753,33.9,331,-0.539,0.722,39.1,-40.8,1
none,3,5,70,0,3,48,881,-0.443,0.752,33.8,330,-0.532,0.727,38.9,-40.8,1
none,3,5,70,0,5,0,743,-0.457,0.796,46.7,289,-0.576,0.764,50.8,-41.4,1
none,3,5,70,0,5,24,743,-0.450,0.797,46.7,289,-0.596,0.756,50.4,-42.1,1
none,3,5,70,0,5,48,743,-0.457,0.796,46.7,289,-0.576,0.764,50.8,-41.4,1
none,3,5,70,2,2,0,978,-0.356,0.727,34.2,381,-0.497,0.646,36.5,-38.6,0
none,3,5,70,2,2,24,978,-0.356,0.727,34.2,381,-0.497,0.646,36.5,-38.6,0
none,3,5,70,2,2,48,978,-0.356,0.727,34.2,381,-0.497,0.646,36.5,-38.6,0
none,3,5,70,2,3,0,881,-0.459,0.719,43.2,331,-0.718,0.601,43.7,-43.9,0
none,3,5,70,2,3,24,881,-0.460,0.718,43.1,331,-0.718,0.601,43.7,-43.9,0
none,3,5,70,2,3,48,881,-0.459,0.719,43.2,331,-0.718,0.601,43.7,-43.9,0
none,3,5,70,2,5,0,745,-0.473,0.760,55.4,289,-0.785,0.634,55.6,-45.3,0
none,3,5,70,2,5,24,745,-0.471,0.760,55.3,289,-0.792,0.631,55.2,-45.5,0
none,3,5,70,2,5,48,745,-0.473,0.760,55.4,289,-0.785,0.634,55.6,-45.3,0
none,3,5,70,3,2,0,977,-0.354,0.739,30.1,380,-0.532,0.641,33.0,-39.6,0
none,3,5,70,3,2,24,977,-0.354,0.739,30.1,381,-0.533,0.639,33.2,-39.5,0
none,3,5,70,3,2,48,977,-0.354,0.739,30.1,380,-0.532,0.641,33.0,-39.6,0
none,3,5,70,3,3,0,881,-0.470,0.730,38.7,330,-0.688,0.633,41.3,-42.1,0
none,3,5,70,3,3,24,881,-0.472,0.729,38.6,331,-0.695,0.629,41.5,-42.4,0
none,3,5,70,3,3,48,881,-0.470,0.730,38.7,330,-0.688,0.633,41.3,-42.1,0
none,3,5,70,3,5,0,743,-0.436,0.791,52.2,289,-0.805,0.645,53.2,-44.1,0
none,3,5,70,3,5,24,743,-0.434,0.791,52.1,289,-0.825,0.637,52.9,-44.8,0
none,3,5,70,3,5,48,743,-0.436,0.791,52.2,289,-0.805,0.645,53.2,-44.1,0
none,3,10,60,0,2,0,2538,-0.268,0.805,33.2,994,-0.436,0.669,38.0,-62.9,0
none,3,10,60,0,2,24,2538,-0.268,0.805,33.2,994,-0.436,0.669,38.0,-62.9,0
none,3,10,60,0,2,48,2538,-0.268,0.805,33.2,994,-0.436,0.669,38.0,-62.9,0
none,3,10,60,0,3,0,2227,-0.299,0.827,41.7,840,-0.484,0.689,47.9,-63.0,0
none,3,10,60,0,3,24,2227,-0.299,0.827,41.7,840,-0.484,0.689,47.9,-63.0,0
none,3,10,60,0,3,48,2227,-0.299,0.827,41.7,840,-0.484,0.689,47.9,-63.0,0
none,3,10,60,0,5,0,1866,-0.250,0.874,52.2,711,-0.484,0.727,57.1,-59.0,0
none,3,10,60,0,5,24,1866,-0.250,0.874,52.2,711,-0.486,0.726,57.1,-59.2,0
none,3,10,60,0,5,48,1866,-0.250,0.874,52.2,711,-0.484,0.727,57.1,-59.0,0
none,3,10,60,2,2,0,2539,-0.318,0.752,37.8,995,-0.416,0.666,41.6,-61.4,0
none,3,10,60,2,2,24,2539,-0.318,0.752,37.8,995,-0.416,0.666,41.6,-61.4,0
none,3,10,60,2,2,48,2539,-0.318,0.752,37.8,995,-0.416,0.666,41.6,-61.4,0
none,3,10,60,2,3,0,2231,-0.356,0.770,47.0,842,-0.503,0.659,50.8,-63.7,0
none,3,10,60,2,3,24,2231,-0.356,0.770,47.0,842,-0.503,0.659,50.8,-63.7,0
none,3,10,60,2,3,48,2231,-0.356,0.770,47.0,842,-0.503,0.659,50.8,-63.7,0
none,3,10,60,2,5,0,1872,-0.347,0.805,56.9,716,-0.452,0.713,60.5,-56.6,0
none,3,10,60,2,5,24,1872,-0.347,0.805,56.9,716,-0.454,0.712,60.5,-56.7,0
none,3,10,60,2,5,48,1872,-0.347,0.805,56.9,716,-0.452,0.713,60.5,-56.6,0
none,3,10,60,3,2,0,2539,-0.307,0.773,35.2,994,-0.469,0.641,39.0,-64.1,0
none,3,10,60,3,2,24,2539,-0.307,0.773,35.2,994,-0.469,0.641,39.0,-64.1,0
none,3,10,60,3,2,48,2539,-0.307,0.773,35.2,994,-0.469,0.641,39.0,-64.1,0
none,3,10,60,3,3,0,2230,-0.337,0.798,44.1,840,-0.564,0.638,48.3,-66.2,0
none,3,10,60,3,3,24,2230,-0.337,0.798,44.1,840,-0.564,0.638,48.3,-66.2,0
none,3,10,60,3,3,48,2230,-0.337,0.798,44.1,840,-0.564,0.638,48.3,-66.2,0
none,3,10,60,3,5,0,1869,-0.290,0.846,54.8,712,-0.584,0.665,57.6,-63.3,0
none,3,10,60,3,5,24,1869,-0.290,0.846,54.8,712,-0.586,0.664,57.6,-63.4,0
none,3,10,60,3,5,48,1869,-0.290,0.846,54.8,712,-0.584,0.665,57.6,-63.3,0
none,3,10,70,0,2,0,2526,-0.277,0.810,28.9,990,-0.467,0.675,33.2,-64.5,0
none,3,10,70,0,2,24,2526,-0.277,0.811,28.9,992,-0.465,0.676,33.3,-64.3,0
none,3,10,70,0,2,48,2526,-0.277,0.810,28.9,990,-0.467,0.675,33.2,-64.5,0
none,3,10,70,0,3,0,2213,-0.319,0.830,37.5,835,-0.517,0.702,43.7,-64.5,0
none,3,10,70,0,3,24,2213,-0.317,0.831,37.5,837,-0.515,0.703,43.8,-64.3,0
none,3,10,70,0,3,48,2213,-0.319,0.830,37.5,835,-0.517,0.702,43.7,-64.5,0
none,3,10,70,0,5,0,1832,-0.333,0.855,48.4,693,-0.479,0.762,54.4,-60.5,0
none,3,10,70,0,5,24,1835,-0.325,0.858,48.5,695,-0.479,0.762,54.5,-60.6,0
none,3,10,70,0,5,48,1832,-0.333,0.855,48.4,693,-0.479,0.762,54.4,-60.5,0
none,3,10,70,2,2,0,2532,-0.300,0.773,36.5,994,-0.440,0.668,39.0,-62.8,0
none,3,10,70,2,2,24,2532,-0.300,0.772,36.4,994,-0.440,0.668,39.0,-62.8,0
none,3,10,70,2,2,48,2532,-0.300,0.773,36.5,994,-0.440,0.668,39.0,-62.8,0
none,3,10,70,2,3,0,2222,-0.339,0.790,46.2,839,-0.538,0.664,48.6,-65.5,0
none,3,10,70,2,3,24,2222,-0.338,0.790,46.1,839,-0.538,0.664,48.6,-65.5,0
none,3,10,70,2,3,48,2222,-0.339,0.790,46.2,839,-0.538,0.664,48.6,-65.5,0
none,3,10,70,2,5,0,1848,-0.362,0.811,56.8,702,-0.468,0.733,59.7,-57.7,0
none,3,10,70,2,5,24,1851,-0.359,0.813,56.7,702,-0.471,0.732,59.7,-57.9,0
none,3,10,70,2,5,48,1848,-0.362,0.811,56.8,702,-0.468,0.733,59.7,-57.7,0
none,3,10,70,3,2,0,2529,-0.303,0.786,32.8,990,-0.504,0.645,35.0,-66.3,0
none,3,10,70,3,2,24,2529,-0.303,0.785,32.7,992,-0.502,0.646,35.1,-66.1,0
none,3,10,70,3,2,48,2529,-0.303,0.786,32.8,990,-0.504,0.645,35.0,-66.3,0
none,3,10,70,3,3,0,2219,-0.340,0.808,42.1,835,-0.614,0.642,44.9,-68.0,0
none,3,10,70,3,3,24,2219,-0.339,0.809,42.1,837,-0.611,0.643,45.0,-67.9,0
none,3,10,70,3,3,48,2219,-0.340,0.808,42.1,835,-0.614,0.642,44.9,-68.0,0
none,3,10,70,3,5,0,1839,-0.319,0.846,53.6,696,-0.608,0.687,55.7,-63.7,0
none,3,10,70,3,5,24,1842,-0.311,0.849,53.6,698,-0.608,0.687,55.8,-63.7,0
none,3,10,70,3,5,48,1839,-0.319,0.846,53.6,696,-0.608,0.687,55.7,-63.7,0
none,3,15,60,0,2,0,4257,-0.330,0.766,34.2,1601,-0.390,0.693,40.1,-76.1,0
none,3,15,60,0,2,24,4257,-0.330,0.766,34.2,1601,-0.390,0.693,40.1,-76.1,0
none,3,15,60,0,2,48,4257,-0.330,0.766,34.2,1601,-0.390,0.693,40.1,-76.1,0
none,3,15,60,0,3,0,3634,-0.361,0.789,43.1,1335,-0.449,0.699,48.7,-76.1,0
none,3,15,60,0,3,24,3634,-0.361,0.789,43.1,1335,-0.449,0.699,48.7,-76.1,0
none,3,15,60,0,3,48,3634,-0.361,0.789,43.1,1335,-0.449,0.699,48.7,-76.1,0
none,3,15,60,0,5,0,2964,-0.353,0.826,53.0,1093,-0.418,0.742,57.6,-69.8,0
none,3,15,60,0,5,24,2964,-0.353,0.826,53.0,1093,-0.417,0.742,57.6,-69.7,0
none,3,15,60,0,5,48,2964,-0.353,0.826,53.0,1093,-0.418,0.742,57.6,-69.8,0
none,3,15,60,2,2,0,4270,-0.352,0.733,38.5,1606,-0.392,0.677,43.1,-76.0,0
none,3,15,60,2,2,24,4270,-0.352,0.733,38.5,1606,-0.392,0.677,43.1,-76.0,0
none,3,15,60,2,2,48,4270,-0.352,0.733,38.5,1606,-0.392,0.677,43.1,-76.0,0
none,3,15,60,2,3,0,3657,-0.395,0.748,47.9,1343,-0.481,0.662,51.2,-77.8,0
none,3,15,60,2,3,24,3657,-0.395,0.748,47.9,1343,-0.481,0.662,51.2,-77.8,0
none,3,15,60,2,3,48,3657,-0.395,0.748,47.9,1343,-0.481,0.662,51.2,-77.8,0
none,3,15,60,2,5,0,2999,-0.426,0.768,57.5,1105,-0.441,0.708,60.0,-70.8,0
none,3,15,60,2,5,24,2999,-0.426,0.768,57.5,1105,-0.441,0.708,60.0,-70.8,0
none,3,15,60,2,5,48,2999,-0.426,0.768,57.5,1105,-0.441,0.708,60.0,-70.8,0
none,3,15,60,3,2,0,4262,-0.350,0.747,36.0,1602,-0.431,0.659,40.8,-78.3,0
none,3,15,60,3,2,24,4262,-0.350,0.747,36.0,1602,-0.431,0.659,40.8,-78.3,0
none,3,15,60,3,2,48,4262,-0.350,0.747,36.0,1602,-0.431,0.659,40.8,-78.3,0
none,3,15,60,3,3,0,3643,-0.385,0.768,45.1,1338,-0.523,0.649,49.0,-79.6,0
none,3,15,60,3,3,24,3643,-0.385,0.768,45.1,1338,-0.523,0.649,49.0,-79.6,0
none,3,15,60,3,3,48,3643,-0.385,0.768,45.1,1338,-0.523,0.649,49.0,-79.6,0
none,3,15,60,3,5,0,2979,-0.394,0.798,55.2,1096,-0.519,0.678,58.0,-74.5,0
none,3,15,60,3,5,24,2979,-0.394,0.798,55.2,1096,-0.518,0.678,58.0,-74.5,0
none,3,15,60,3,5,48,2979,-0.394,0.798,55.2,1096,-0.519,0.678,58.0,-74.5,0
none,3,15,70,0,2,0,4203,-0.314,0.792,30.0,1579,-0.454,0.681,34.5,-80.4,0
none,3,15,70,0,2,24,4203,-0.312,0.793,30.0,1580,-0.453,0.682,34.5,-80.3,0
none,3,15,70,0,2,48,4203,-0.314,0.792,30.0,1579,-0.454,0.681,34.5,-80.4,0
none,3,15,70,0,3,0,3560,-0.350,0.812,38.9,1307,-0.509,0.703,44.0,-79.4,0
none,3,15,70,0,3,24,3561,-0.347,0.813,38.9,1310,-0.507,0.704,44.1,-79.3,0
none,3,15,70,0,3,48,3560,-0.350,0.812,38.9,1307,-0.509,0.703,44.0,-79.4,0
none,3,15,70,0,5,0,2859,-0.353,0.848,49.5,1046,-0.486,0.749,54.5,-74.2,0
none,3,15,70,0,5,24,2864,-0.348,0.849,49.5,1048,-0.483,0.750,54.5,-74.2,0
none,3,15,70,0,5,48,2859,-0.353,0.848,49.5,1046,-0.486,0.749,54.5,-74.2,0
none,3,15,70,2,2,0,4242,-0.337,0.753,36.8,1592,-0.408,0.687,40.0,-78.1,0
none,3,15,70,2,2,24,4242,-0.337,0.753,36.8,1592,-0.408,0.687,40.0,-78.1,0
none,3,15,70,2,2,48,4242,-0.337,0.753,36.8,1592,-0.408,0.687,40.0,-78.1,0
none,3,15,70,2,3,0,3620,-0.374,0.773,46.7,1324,-0.515,0.671,48.8,-80.2,0
none,3,15,70,2,3,24,3620,-0.374,0.772,46.6,1325,-0.513,0.672,48.7,-80.1,0
none,3,15,70,2,3,48,3620,-0.374,0.773,46.7,1324,-0.515,0.671,48.8,-80.2,0
none,3,15,70,2,5,0,2933,-0.430,0.783,56.9,1069,-0.475,0.722,59.1,-73.7,0
none,3,15,70,2,5,24,2936,-0.429,0.783,56.8,1070,-0.473,0.723,59.0,-73.7,0
none,3,15,70,2,5,48,2933,-0.430,0.783,56.9,1069,-0.475,0.722,59.1,-73.7,0
none,3,15,70,3,2,0,4225,-0.335,0.768,33.4,1584,-0.470,0.661,36.3,-81.1,0
none,3,15,70,3,2,24,4225,-0.335,0.768,33.4,1585,-0.470,0.661,36.4,-81.0,0
none,3,15,70,3,2,48,4225,-0.335,0.768,33.4,1584,-0.470,0.661,36.3,-81.1,0
none,3,15,70,3,3,0,3589,-0.371,0.790,42.9,1314,-0.565,0.660,45.7,-81.6,0
none,3,15,70,3,3,24,3589,-0.371,0.790,42.9,1317,-0.563,0.661,45.7,-81.5,0
none,3,15,70,3,3,48,3589,-0.371,0.790,42.9,1314,-0.565,0.660,45.7,-81.6,0
none,3,15,70,3,5,0,2896,-0.397,0.814,53.7,1055,-0.579,0.688,55.9,-77.4,0
none,3,15,70,3,5,24,2900,-0.393,0.816,53.7,1057,-0.576,0.689,55.9,-77.4,0
none,3,15,70,3,5,48,2896,-0.397,0.814,53.7,1055,-0.579,0.688,55.9,-77.4,0
none,4,5,60,0,2,0,372,-0.807,0.551,19.9,157,-0.234,0.798,29.6,-20.9,2
none,4,5,60,0,2,24,372,-0.807,0.551,19.9,157,-0.234,0.798,29.6,-20.9,2
none,4,5,60,0,2,48,372,-0.807,0.551,19.9,157,-0.234,0.798,29.6,-20.9,2
none,4,5,60,0,3,0,330,-1.065,0.556,27.0,141,-0.177,0.870,40.2,-21.7,2
none,4,5,60,0,3,24,330,-1.065,0.556,27.0,141,-0.177,0.870,40.2,-21.7,2
none,4,5,60,0,3,48,330,-1.065,0.556,27.0,141,-0.177,0.870,40.2,-21.7,2
none,4,5,60,0,5,0,287,-0.924,0.660,41.5,127,-0.177,0.919,51.4,-23.4,2
none,4,5,60,0,5,24,287,-0.919,0.660,41.5,127,-0.166,0.923,51.4,-23.4,2
none,4,5,60,0,5,48,287,-0.924,0.660,41.5,127,-0.177,0.919,51.4,-23.4,2
none,4,5,60,2,2,0,372,-0.532,0.654,31.6,157,-0.395,0.711,36.0,-18.9,0
none,4,5,60,2,2,24,372,-0.532,0.654,31.6,157,-0.395,0.711,36.0,-18.9,0
none,4,5,60,2,2,48,372,-0.532,0.654,31.6,157,-0.395,0.711,36.0,-18.9,0
none,4,5,60,2,3,0,330,-0.676,0.657,40.2,141,-0.548,0.691,44.6,-20.7,0
none,4,5,60,2,3,24,330,-0.676,0.657,40.2,141,-0.548,0.691,44.6,-20.7,0
none,4,5,60,2,3,48,330,-0.676,0.657,40.2,141,-0.548,0.691,44.6,-20.7,0
none,4,5,60,2,5,0,287,-0.641,0.715,53.4,127,-0.790,0.668,55.4,-24.9,0
none,4,5,60,2,5,24,287,-0.635,0.716,53.4,127,-0.778,0.671,55.4,-24.7,0
none,4,5,60,2,5,48,287,-0.641,0.715,53.4,127,-0.790,0.668,55.4,-24.9,0
none,4,5,60,3,2,0,372,-0.592,0.640,26.3,157,-0.442,0.674,33.3,-20.3,0
none,4,5,60,3,2,24,372,-0.592,0.640,26.3,157,-0.442,0.674,33.3,-20.3,0
none,4,5,60,3,2,48,372,-0.592,0.640,26.3,157,-0.442,0.674,33.3,-20.3,0
none,4,5,60,3,3,0,330,-0.753,0.644,34.9,141,-0.496,0.714,43.6,-20.2,0
none,4,5,60,3,3,24,330,-0.753,0.644,34.9,141,-0.496,0.714,43.6,-20.2,0
none,4,5,60,3,3,48,330,-0.753,0.644,34.9,141,-0.496,0.714,43.6,-20.2,0
none,4,5,60,3,5,0,287,-0.647,0.736,49.8,127,-0.739,0.685,54.2,-23.9,0
none,4,5,60,3,5,24,287,-0.641,0.737,49.8,127,-0.727,0.688,54.2,-23.7,0
none,4,5,60,3,5,48,287,-0.647,0.736,49.8,127,-0.739,0.685,54.2,-23.9,0
none,4,5,70,0,2,0,372,-1.081,0.432,14.5,157,-0.003,0.940,28.1,-19.9,3
none,4,5,70,0,2,24,372,-1.090,0.427,14.5,157,0.019,0.951,28.9,-19.8,3
none,4,5,70,0,2,48,372,-1.081,0.432,14.5,157,-0.003,0.940,28.1,-19.9,3
none,4,5,70,0,3,0,330,-1.310,0.475,21.0,141,-0.008,0.956,36.4,-22.5,3
none,4,5,70,0,3,24,330,-1.335,0.465,21.0,141,0.083,0.998,38.6,-21.1,3
none,4,5,70,0,3,48,330,-1.310,0.475,21.0,141,-0.008,0.956,36.4,-22.5,3
none,4,5,70,0,5,0,287,-1.419,0.572,33.9,125,-0.053,0.968,46.9,-24.2,3
none,4,5,70,0,5,24,287,-1.408,0.565,33.6,127,0.095,1.020,49.6,-23.1,4
none,4,5,70,0,5,48,287,-1.419,0.572,33.9,125,-0.053,0.968,46.9,-24.2,3
none,4,5,70,2,2,0,372,-0.528,0.658,31.4,157,-0.419,0.700,35.3,-19.2,0
none,4,5,70,2,2,24,372,-0.528,0.658,31.4,157,-0.419,0.700,35.3,-19.2,0
none,4,5,70,2,2,48,372,-0.528,0.658,31.4,157,-0.419,0.700,35.3,-19.2,0
none,4,5,70,2,3,0,330,-0.667,0.665,39.6,141,-0.667,0.652,41.3,-23.0,0
none,4,5,70,2,3,24,330,-0.667,0.665,39.6,141,-0.587,0.677,43.0,-21.6,0
none,4,5,70,2,3,48,330,-0.667,0.665,39.6,141,-0.667,0.652,41.3,-23.0,0
none,4,5,70,2,5,0,287,-0.634,0.725,52.9,125,-0.907,0.644,52.5,-26.8,0
none,4,5,70,2,5,24,287,-0.638,0.722,52.9,127,-0.733,0.691,55.2,-24.7,0
none,4,5,70,2,5,48,287,-0.634,0.725,52.9,125,-0.907,0.644,52.5,-26.8,0
none,4,5,70,3,2,0,372,-0.580,0.653,25.2,157,-0.423,0.696,31.8,-20.9,0
none,4,5,70,3,2,24,372,-0.580,0.653,25.2,157,-0.400,0.705,32.5,-20.3,0
none,4,5,70,3,2,48,372,-0.580,0.653,25.2,157,-0.423,0.696,31.8,-20.9,0
none,4,5,70,3,3,0,330,-0.750,0.653,33.7,141,-0.535,0.715,40.3,-21.8,1
none,4,5,70,3,3,24,330,-0.754,0.651,33.7,141,-0.455,0.742,42.0,-20.3,1
none,4,5,70,3,3,48,330,-0.750,0.653,33.7,141,-0.535,0.715,40.3,-21.8,1
none,4,5,70,3,5,0,287,-0.659,0.754,47.9,125,-0.768,0.695,51.3,-24.5,0
none,4,5,70,3,5,24,287,-0.643,0.750,47.7,127,-0.595,0.743,54.1,-22.7,0
none,4,5,70,3,5,48,287,-0.659,0.754,47.9,125,-0.768,0.695,51.3,-24.5,0
none,4,10,60,0,2,0,1273,-0.385,0.747,25.8,514,-0.479,0.686,30.7,-48.3,0
none,4,10,60,0,2,24,1273,-0.386,0.746,25.7,514,-0.479,0.686,30.7,-48.3,0
none,4,10,60,0,2,48,1273,-0.385,0.747,25.8,514,-0.479,0.686,30.7,-48.3,0
none,4,10,60,0,3,0,1138,-0.468,0.759,33.9,441,-0.474,0.744,41.6,-46.5,0
none,4,10,60,0,3,24,1138,-0.470,0.758,33.8,441,-0.474,0.744,41.6,-46.5,0
none,4,10,60,0,3,48,1138,-0.468,0.759,33.9,441,-0.474,0.744,41.6,-46.5,0
none,4,10,60,0,5,0,945,-0.423,0.813,46.4,372,-0.548,0.768,52.0,-47.7,0
none,4,10,60,0,5,24,945,-0.423,0.813,46.2,372,-0.552,0.767,52.0,-47.8,0
none,4,10,60,0,5,48,945,-0.423,0.813,46.4,372,-0.548,0.768,52.0,-47.7,0
none,4,10,60,2,2,0,1273,-0.402,0.703,33.9,515,-0.489,0.646,37.2,-48.2,0
none,4,10,60,2,2,24,1273,-0.403,0.703,33.8,515,-0.489,0.646,37.2,-48.2,0
none,4,10,60,2,2,48,1273,-0.402,0.703,33.9,515,-0.489,0.646,37.2,-48.2,0
none,4,10,60,2,3,0,1138,-0.501,0.702,42.9,441,-0.590,0.653,46.9,-48.8,0
none,4,10,60,2,3,24,1138,-0.504,0.701,42.8,441,-0.590,0.653,46.9,-48.8,0
none,4,10,60,2,3,48,1138,-0.501,0.702,42.9,441,-0.590,0.653,46.9,-48.8,0
none,4,10,60,2,5,0,946,-0.494,0.748,55.4,372,-0.647,0.688,57.4,-48.0,0
none,4,10,60,2,5,24,946,-0.493,0.748,55.2,372,-0.651,0.687,57.4,-48.1,0
none,4,10,60,2,5,48,946,-0.494,0.748,55.4,372,-0.647,0.688,57.4,-48.0,0
none,4,10,60,3,2,0,1273,-0.422,0.707,29.7,514,-0.526,0.644,33.3,-49.8,0
none,4,10,60,3,2,24,1273,-0.423,0.707,29.6,514,-0.526,0.644,33.3,-49.8,0
none,4,10,60,3,2,48,1273,-0.422,0.707,29.7,514,-0.526,0.644,33.3,-49.8,0
none,4,10,60,3,3,0,1138,-0.517,0.715,38.3,441,-0.580,0.679,43.6,-48.2,0
none,4,10,60,3,3,24,1138,-0.519,0.714,38.2,441,-0.580,0.679,43.6,-48.2,0
none,4,10,60,3,3,48,1138,-0.517,0.715,38.3,441,-0.580,0.679,43.6,-48.2,0
none,4,10,60,3,5,0,945,-0.414,0.798,52.0,372,-0.776,0.655,53.3,-52.1,0
none,4,10,60,3,5,24,945,-0.414,0.798,51.8,372,-0.781,0.654,53.3,-52.2,0
none,4,10,60,3,5,48,945,-0.414,0.798,52.0,372,-0.776,0.655,53.3,-52.1,0
none,4,10,70,0,2,0,1268,-0.387,0.753,21.5,512,-0.385,0.750,27.3,-45.2,1
none,4,10,70,0,2,24,1271,-0.391,0.750,21.4,514,-0.383,0.750,27.4,-45.1,1
none,4,10,70,0,2,48,1268,-0.389,0.752,21.5,512,-0.385,0.750,27.3,-45.2,1
none,4,10,70,0,3,0,1132,-0.471,0.764,29.2,437,-0.390,0.795,37.2,-45.0,1
none,4,10,70,0,3,24,1135,-0.479,0.758,29.1,440,-0.377,0.798,37.6,-44.5,1
none,4,10,70,0,3,48,1132,-0.473,0.763,29.2,437,-0.390,0.795,37.2,-45.0,1
none,4,10,70,0,5,0,932,-0.509,0.801,41.6,367,-0.499,0.797,48.4,-50.5,0
none,4,10,70,0,5,24,937,-0.513,0.796,40.9,369,-0.474,0.805,48.0,-49.1,0
none,4,10,70,0,5,48,932,-0.512,0.800,41.6,367,-0.499,0.797,48.4,-50.5,0
none,4,10,70,2,2,0,1273,-0.399,0.709,33.4,514,-0.503,0.643,35.6,-49.2,0
none,4,10,70,2,2,24,1273,-0.402,0.708,33.2,515,-0.502,0.643,35.5,-49.2,0
none,4,10,70,2,2,48,1273,-0.399,0.709,33.4,514,-0.503,0.643,35.6,-49.2,0
none,4,10,70,2,3,0,1137,-0.482,0.719,42.6,440,-0.611,0.653,44.6,-50.2,0
none,4,10,70,2,3,24,1137,-0.489,0.716,42.2,441,-0.598,0.658,44.7,-50.0,0
none,4,10,70,2,3,48,1137,-0.482,0.719,42.6,440,-0.611,0.653,44.6,-50.2,0
none,4,10,70,2,5,0,942,-0.484,0.763,55.4,369,-0.640,0.703,56.4,-48.7,0
none,4,10,70,2,5,24,943,-0.494,0.758,54.8,370,-0.614,0.712,56.2,-47.9,0
none,4,10,70,2,5,48,942,-0.484,0.763,55.4,369,-0.640,0.703,56.4,-48.7,0
none,4,10,70,3,2,0,1272,-0.433,0.712,28.0,512,-0.511,0.662,31.1,-50.8,0
none,4,10,70,3,2,24,1272,-0.435,0.710,27.8,514,-0.507,0.663,31.2,-50.7,0
none,4,10,70,3,2,48,1272,-0.433,0.712,28.0,512,-0.511,0.662,31.1,-50.8,0
none,4,10,70,3,3,0,1136,-0.534,0.722,36.7,439,-0.572,0.696,40.7,-49.6,0
none,4,10,70,3,3,24,1136,-0.545,0.716,36.3,441,-0.556,0.701,40.9,-49.1,0
none,4,10,70,3,3,48,1136,-0.534,0.722,36.7,439,-0.572,0.696,40.7,-49.6,0
none,4,10,70,3,5,0,937,-0.468,0.793,50.6,367,-0.734,0.688,51.7,-52.5,0
none,4,10,70,3,5,24,939,-0.474,0.789,49.7,369,-0.704,0.697,51.7,-51.5,0
none,4,10,70,3,5,48,937,-0.468,0.793,50.6,367,-0.734,0.688,51.7,-52.5,0
none,4,15,60,0,2,0,2594,-0.302,0.805,28.7,982,-0.439,0.700,33.3,-65.7,0
none,4,15,60,0,2,24,2594,-0.302,0.804,28.6,982,-0.439,0.700,33.3,-65.7,0
none,4,15,60,0,2,48,2594,-0.302,0.805,28.7,982,-0.439,0.700,33.3,-65.7,0
none,4,15,60,0,3,0,2234,-0.336,0.831,37.6,817,-0.457,0.737,44.4,-63.4,0
none,4,15,60,0,3,24,2234,-0.336,0.831,37.5,817,-0.457,0.737,44.4,-63.4,0
none,4,15,60,0,3,48,2234,-0.336,0.831,37.6,817,-0.457,0.737,44.4,-63.4,0
none,4,15,60,0,5,0,1800,-0.350,0.860,48.4,669,-0.462,0.780,54.8,-61.0,0
none,4,15,60,0,5,24,1802,-0.350,0.860,48.4,669,-0.469,0.778,54.8,-61.4,0
none,4,15,60,0,5,48,1800,-0.350,0.860,48.4,669,-0.462,0.780,54.8,-61.0,0
none,4,15,60,2,2,0,2599,-0.333,0.755,35.9,984,-0.422,0.686,39.0,-61.9,0
none,4,15,60,2,2,24,2599,-0.333,0.755,35.9,984,-0.422,0.686,39.0,-61.9,0
none,4,15,60,2,2,48,2599,-0.333,0.755,35.9,984,-0.422,0.686,39.0,-61.9,0
none,4,15,60,2,3,0,2248,-0.372,0.777,45.9,820,-0.497,0.690,49.1,-63.6,0
none,4,15,60,2,3,24,2248,-0.372,0.777,45.9,820,-0.497,0.690,49.1,-63.6,0
none,4,15,60,2,3,48,2248,-0.372,0.777,45.9,820,-0.497,0.690,49.1,-63.6,0
none,4,15,60,2,5,0,1823,-0.440,0.784,56.2,676,-0.484,0.736,59.5,-59.6,0
none,4,15,60,2,5,24,1825,-0.439,0.784,56.2,676,-0.490,0.733,59.5,-60.0,0
none,4,15,60,2,5,48,1823,-0.440,0.784,56.2,676,-0.484,0.736,59.5,-59.6,0
none,4,15,60,3,2,0,2595,-0.329,0.774,32.3,982,-0.466,0.674,35.1,-64.2,0
none,4,15,60,3,2,24,2595,-0.330,0.774,32.3,982,-0.466,0.674,35.1,-64.2,0
none,4,15,60,3,2,48,2595,-0.329,0.774,32.3,982,-0.466,0.674,35.1,-64.2,0
none,4,15,60,3,3,0,2239,-0.364,0.802,41.9,817,-0.548,0.680,45.6,-65.9,0
none,4,15,60,3,3,24,2239,-0.364,0.802,41.8,817,-0.548,0.680,45.6,-65.9,0
none,4,15,60,3,3,48,2239,-0.364,0.802,41.9,817,-0.548,0.680,45.6,-65.9,0
none,4,15,60,3,5,0,1809,-0.372,0.831,53.1,671,-0.582,0.709,56.0,-64.1,0
none,4,15,60,3,5,24,1811,-0.372,0.830,53.1,671,-0.588,0.706,56.0,-64.4,0
none,4,15,60,3,5,48,1809,-0.372,0.831,53.1,671,-0.582,0.709,56.0,-64.1,0
none,4,15,70,0,2,0,2576,-0.300,0.815,23.9,974,-0.450,0.712,28.2,-67.4,0
none,4,15,70,0,2,24,2580,-0.307,0.810,23.9,976,-0.457,0.706,28.4,-67.6,0
none,4,15,70,0,2,48,2576,-0.301,0.814,23.9,974,-0.450,0.712,28.2,-67.4,0
none,4,15,70,0,3,0,2205,-0.361,0.830,32.1,801,-0.507,0.737,38.3,-67.4,0
none,4,15,70,0,3,24,2210,-0.367,0.826,32.2,807,-0.496,0.738,38.5,-66.0,0
none,4,15,70,0,3,48,2205,-0.362,0.829,32.1,801,-0.514,0.733,38.2,-67.4,0
none,4,15,70,0,5,0,1755,-0.420,0.854,43.4,642,-0.517,0.782,50.8,-66.8,0
none,4,15,70,0,5,24,1764,-0.421,0.852,43.3,647,-0.524,0.775,49.9,-66.2,0
none,4,15,70,0,5,48,1755,-0.421,0.854,43.4,642,-0.526,0.778,50.6,-66.8,0
none,4,15,70,2,2,0,2598,-0.312,0.774,35.3,981,-0.428,0.690,37.2,-63.1,0
none,4,15,70,2,2,24,2598,-0.314,0.773,35.1,981,-0.428,0.690,37.2,-63.1,0
none,4,15,70,2,2,48,2598,-0.312,0.774,35.3,981,-0.428,0.690,37.2,-63.1,0
none,4,15,70,2,3,0,2239,-0.354,0.794,44.9,814,-0.528,0.687,46.4,-66.0,0
none,4,15,70,2,3,24,2239,-0.357,0.793,44.8,815,-0.519,0.689,46.4,-65.4,0
none,4,15,70,2,3,48,2239,-0.354,0.794,44.9,814,-0.535,0.682,46.3,-66.0,0
none,4,15,70,2,5,0,1806,-0.439,0.797,55.9,663,-0.494,0.748,58.5,-61.9,0
none,4,15,70,2,5,24,1811,-0.447,0.793,55.6,663,-0.484,0.749,58.1,-61.0,0
none,4,15,70,2,5,48,1806,-0.439,0.797,55.9,663,-0.502,0.743,58.3,-61.9,0
none,4,15,70,3,2,0,2592,-0.319,0.790,30.4,977,-0.488,0.673,32.0,-67.2,0
none,4,15,70,3,2,24,2592,-0.320,0.789,30.2,979,-0.488,0.673,32.0,-67.3,0
none,4,15,70,3,2,48,2592,-0.319,0.790,30.4,977,-0.488,0.673,32.0,-67.2,0
none,4,15,70,3,3,0,2229,-0.362,0.813,39.7,806,-0.608,0.669,41.6,-69.7,0
none,4,15,70,3,3,24,2229,-0.364,0.811,39.6,810,-0.595,0.671,41.5,-68.9,0
none,4,15,70,3,3,48,2229,-0.362,0.813,39.7,806,-0.615,0.664,41.5,-69.8,0
none,4,15,70,3,5,0,1788,-0.395,0.836,51.6,651,-0.626,0.713,54.1,-67.4,0
none,4,15,70,3,5,24,1793,-0.398,0.834,51.3,654,-0.615,0.714,53.4,-66.3,0
none,4,15,70,3,5,48,1788,-0.395,0.836,51.6,651,-0.635,0.709,54.0,-67.4,0
sma100,2,5,60,0,2,0,701,-0.334,0.719,42.4,297,-0.256,0.716,53.2,-21.4,0
sma100,2,5,60,0,2,24,701,-0.334,0.719,42.4,297,-0.256,0.716,53.2,-21.4,0
sma100,2,5,60,0,2,48,701,-0.334,0.719,42.4,297,-0.256,0.716,53.2,-21.4,0
sma100,2,5,60,0,3,0,638,-0.318,0.761,50.8,265,-0.246,0.741,56.6,-20.4,0
sma100,2,5,60,0,3,24,638,-0.318,0.761,50.8,265,-0.246,0.741,56.6,-20.4,0
sma100,2,5,60,0,3,48,638,-0.318,0.761,50.8,265,-0.246,0.741,56.6,-20.4,0
sma100,2,5,60,0,5,0,583,-0.282,0.817,58.8,253,-0.282,0.719,58.8,-24.2,0
sma100,2,5,60,0,5,24,583,-0.282,0.817,58.8,253,-0.282,0.719,58.8,-24.2,0
sma100,2,5,60,0,5,48,583,-0.282,0.817,58.8,253,-0.282,0.719,58.8,-24.2,0
sma100,2,5,60,2,2,0,702,-0.352,0.701,43.9,297,-0.300,0.670,53.2,-22.4,0
sma100,2,5,60,2,2,24,702,-0.352,0.701,43.9,297,-0.300,0.670,53.2,-22.4,0
sma100,2,5,60,2,2,48,702,-0.352,0.701,43.9,297,-0.300,0.670,53.2,-22.4,0
sma100,2,5,60,2,3,0,639,-0.337,0.740,52.6,265,-0.284,0.701,56.6,-20.9,0
sma100,2,5,60,2,3,24,639,-0.337,0.740,52.6,265,-0.284,0.701,56.6,-20.9,0
sma100,2,5,60,2,3,48,639,-0.337,0.740,52.6,265,-0.284,0.701,56.6,-20.9,0
sma100,2,5,60,2,5,0,584,-0.332,0.771,60.3,253,-0.291,0.702,59.3,-23.4,0
sma100,2,5,60,2,5,24,584,-0.332,0.771,60.3,253,-0.291,0.702,59.3,-23.4,0
sma100,2,5,60,2,5,48,584,-0.332,0.771,60.3,253,-0.291,0.702,59.3,-23.4,0
sma100,2,5,60,3,2,0,701,-0.328,0.723,43.0,297,-0.300,0.670,53.2,-22.4,0
sma100,2,5,60,3,2,24,701,-0.328,0.723,43.0,297,-0.300,0.670,53.2,-22.4,0
sma100,2,5,60,3,2,48,701,-0.328,0.723,43.0,297,-0.300,0.670,53.2,-22.4,0
sma100,2,5,60,3,3,0,638,-0.299,0.774,51.4,265,-0.284,0.701,56.6,-20.9,0
sma100,2,5,60,3,3,24,638,-0.299,0.774,51.4,265,-0.284,0.701,56.6,-20.9,0
sma100,2,5,60,3,3,48,638,-0.299,0.774,51.4,265,-0.284,0.701,56.6,-20.9,0
sma100,2,5,60,3,5,0,583,-0.293,0.806,59.3,253,-0.289,0.705,59.3,-23.3,0
sma100,2,5,60,3,5,24,583,-0.293,0.806,59.3,253,-0.289,0.705,59.3,-23.3,0
sma100,2,5,60,3,5,48,583,-0.293,0.806,59.3,253,-0.289,0.705,59.3,-23.3,0
sma100,2,5,70,0,2,0,701,-0.269,0.779,40.7,297,-0.482,0.564,45.2,-29.9,0
sma100,2,5,70,0,2,24,701,-0.269,0.779,40.7,297,-0.482,0.564,45.2,-29.9,0
sma100,2,5,70,0,2,48,701,-0.269,0.779,40.7,297,-0.482,0.564,45.2,-29.9,0
sma100,2,5,70,0,3,0,637,-0.275,0.802,50.2,264,-0.441,0.621,52.1,-27.9,0
sma100,2,5,70,0,3,24,637,-0.275,0.802,50.2,264,-0.441,0.621,52.1,-27.9,0
sma100,2,5,70,0,3,48,637,-0.275,0.802,50.2,264,-0.441,0.621,52.1,-27.9,0
sma100,2,5,70,0,5,0,578,-0.122,0.920,59.3,250,-0.532,0.597,55.3,-31.2,0
sma100,2,5,70,0,5,24,578,-0.122,0.920,59.3,250,-0.532,0.597,55.3,-31.2,0
sma100,2,5,70,0,5,48,578,-0.122,0.920,59.3,250,-0.532,0.597,55.3,-31.2,0
sma100,2,5,70,2,2,0,702,-0.317,0.741,42.9,297,-0.407,0.613,47.5,-27.2,0
sma100,2,5,70,2,2,24,702,-0.317,0.741,42.9,297,-0.407,0.613,47.5,-27.2,0
sma100,2,5,70,2,2,48,702,-0.317,0.741,42.9,297,-0.407,0.613,47.5,-27.2,0
sma100,2,5,70,2,3,0,638,-0.315,0.772,53.0,264,-0.415,0.634,53.2,-26.4,0
sma100,2,5,70,2,3,24,638,-0.315,0.772,53.0,264,-0.415,0.634,53.2,-26.4,0
sma100,2,5,70,2,3,48,638,-0.315,0.772,53.0,264,-0.415,0.634,53.2,-26.4,0
sma100,2,5,70,2,5,0,579,-0.250,0.837,61.6,250,-0.509,0.603,56.1,-29.4,0
sma100,2,5,70,2,5,24,579,-0.250,0.837,61.6,250,-0.509,0.603,56.1,-29.4,0
sma100,2,5,70,2,5,48,579,-0.250,0.837,61.6,250,-0.509,0.603,56.1,-29.4,0
sma100,2,5,70,3,2,0,701,-0.298,0.759,41.4,297,-0.486,0.555,45.8,-29.4,0
sma100,2,5,70,3,2,24,701,-0.298,0.759,41.4,297,-0.486,0.555,45.8,-29.4,0
sma100,2,5,70,3,2,48,701,-0.298,0.759,41.4,297,-0.486,0.555,45.8,-29.4,0
sma100,2,5,70,3,3,0,637,-0.295,0.791,50.9,264,-0.485,0.584,52.1,-28.5,0
sma100,2,5,70,3,3,24,637,-0.295,0.791,50.9,264,-0.485,0.584,52.1,-28.5,0
sma100,2,5,70,3,3,48,637,-0.295,0.791,50.9,264,-0.485,0.584,52.1,-28.5,0
sma100,2,5,70,3,5,0,578,-0.219,0.862,59.8,250,-0.544,0.580,55.7,-30.8,0
sma100,2,5,70,3,5,24,578,-0.219,0.862,59.8,250,-0.544,0.580,55.7,-30.8,0
sma100,2,5,70,3,5,48,578,-0.219,0.862,59.8,250,-0.544,0.580,55.7,-30.8,0
sma100,2,10,60,0,2,0,1660,-0.222,0.810,44.3,633,-0.251,0.708,53.3,-37.6,0
sma100,2,10,60,0,2,24,1660,-0.222,0.810,44.3,633,-0.251,0.708,53.3,-37.6,0
sma100,2,10,60,0,2,48,1660,-0.222,0.810,44.3,633,-0.251,0.708,53.3,-37.6,0
sma100,2,10,60,0,3,0,1487,-0.241,0.821,51.3,558,-0.217,0.748,58.6,-33.2,1
sma100,2,10,60,0,3,24,1487,-0.241,0.821,51.3,558,-0.217,0.748,58.6,-33.2,1
sma100,2,10,60,0,3,48,1487,-0.241,0.821,51.3,558,-0.217,0.748,58.6,-33.2,1
sma100,2,10,60,0,5,0,1334,-0.205,0.863,58.4,513,-0.271,0.715,61.0,-37.3,0
sma100,2,10,60,0,5,24,1334,-0.205,0.863,58.4,513,-0.271,0.715,61.0,-37.3,0
sma100,2,10,60,0,5,48,1334,-0.205,0.863,58.4,513,-0.271,0.715,61.0,-37.3,0
sma100,2,10,60,2,2,0,1662,-0.264,0.770,45.4,633,-0.277,0.681,53.4,-37.8,0
sma100,2,10,60,2,2,24,1662,-0.264,0.770,45.4,633,-0.277,0.681,53.4,-37.8,0
sma100,2,10,60,2,2,48,1662,-0.264,0.770,45.4,633,-0.277,0.681,53.4,-37.8,0
sma100,2,10,60,2,3,0,1489,-0.284,0.782,52.8,558,-0.251,0.714,58.6,-34.4,0
sma100,2,10,60,2,3,24,1489,-0.284,0.782,52.8,558,-0.251,0.714,58.6,-34.4,0
sma100,2,10,60,2,3,48,1489,-0.284,0.782,52.8,558,-0.251,0.714,58.6,-34.4,0
sma100,2,10,60,2,5,0,1339,-0.250,0.821,60.0,513,-0.290,0.692,61.2,-36.9,0
sma100,2,10,60,2,5,24,1339,-0.250,0.821,60.0,513,-0.290,0.692,61.2,-36.9,0
sma100,2,10,60,2,5,48,1339,-0.250,0.821,60.0,513,-0.290,0.692,61.2,-36.9,0
sma100,2,10,60,3,2,0,1660,-0.241,0.792,44.5,633,-0.278,0.680,53.3,-38.1,0
sma100,2,10,60,3,2,24,1660,-0.241,0.792,44.5,633,-0.278,0.680,53.3,-38.1,0
sma100,2,10,60,3,2,48,1660,-0.241,0.792,44.5,633,-0.278,0.680,53.3,-38.1,0
sma100,2,10,60,3,3,0,1487,-0.255,0.808,51.8,558,-0.247,0.717,58.6,-34.4,1
sma100,2,10,60,3,3,24,1487,-0.255,0.808,51.8,558,-0.247,0.717,58.6,-34.4,1
sma100,2,10,60,3,3,48,1487,-0.255,0.808,51.8,558,-0.247,0.717,58.6,-34.4,1
sma100,2,10,60,3,5,0,1335,-0.232,0.840,58.9,513,-0.285,0.697,61.2,-36.9,0
sma100,2,10,60,3,5,24,1335,-0.232,0.840,58.9,513,-0.285,0.697,61.2,-36.9,0
sma100,2,10,60,3,5,48,1335,-0.232,0.840,58.9,513,-0.285,0.697,61.2,-36.9,0
sma100,2,10,70,0,2,0,1655,-0.223,0.821,41.9,622,-0.366,0.632,48.5,-44.3,0
sma100,2,10,70,0,2,24,1655,-0.223,0.821,41.9,622,-0.366,0.632,48.5,-44.3,0
sma100,2,10,70,0,2,48,1655,-0.223,0.821,41.9,622,-0.366,0.632,48.5,-44.3,0
sma100,2,10,70,0,3,0,1476,-0.241,0.832,50.5,544,-0.359,0.659,55.0,-41.5,0
sma100,2,10,70,0,3,24,1476,-0.241,0.832,50.5,544,-0.359,0.659,55.0,-41.5,0
sma100,2,10,70,0,3,48,1476,-0.241,0.832,50.5,544,-0.359,0.659,55.0,-41.5,0
sma100,2,10,70,0,5,0,1310,-0.153,0.902,59.4,490,-0.437,0.625,58.4,-44.5,0
sma100,2,10,70,0,5,24,1310,-0.153,0.902,59.4,490,-0.437,0.625,58.4,-44.5,0
sma100,2,10,70,0,5,48,1310,-0.153,0.902,59.4,490,-0.437,0.625,58.4,-44.5,0
sma100,2,10,70,2,2,0,1659,-0.242,0.801,44.2,623,-0.294,0.690,50.5,-40.4,0
sma100,2,10,70,2,2,24,1659,-0.242,0.801,44.2,623,-0.294,0.690,50.5,-40.4,0
sma100,2,10,70,2,2,48,1659,-0.242,0.801,44.2,623,-0.294,0.690,50.5,-40.4,0
sma100,2,10,70,2,3,0,1479,-0.263,0.810,53.1,546,-0.310,0.692,56.3,-39.6,1
sma100,2,10,70,2,3,24,1479,-0.263,0.810,53.1,546,-0.310,0.692,56.3,-39.6,1
sma100,2,10,70,2,3,48,1479,-0.263,0.810,53.1,546,-0.310,0.692,56.3,-39.6,1
sma100,2,10,70,2,5,0,1319,-0.208,0.858,62.0,494,-0.380,0.658,59.7,-42.3,1
sma100,2,10,70,2,5,24,1319,-0.208,0.858,62.0,494,-0.380,0.658,59.7,-42.3,1
sma100,2,10,70,2,5,48,1319,-0.208,0.858,62.0,494,-0.380,0.658,59.7,-42.3,1
sma100,2,10,70,3,2,0,1656,-0.218,0.823,42.9,622,-0.344,0.649,49.3,-43.8,0
sma100,2,10,70,3,2,24,1656,-0.218,0.823,42.9,622,-0.344,0.649,49.3,-43.8,0
sma100,2,10,70,3,2,48,1656,-0.218,0.823,42.9,622,-0.344,0.649,49.3,-43.8,0
sma100,2,10,70,3,3,0,1476,-0.232,0.836,51.7,545,-0.347,0.664,55.5,-41.8,1
sma100,2,10,70,3,3,24,1476,-0.232,0.836,51.7,545,-0.347,0.664,55.5,-41.8,1
sma100,2,10,70,3,3,48,1476,-0.232,0.836,51.7,545,-0.347,0.664,55.5,-41.8,1
sma100,2,10,70,3,5,0,1314,-0.193,0.875,60.6,492,-0.405,0.641,59.0,-43.7,0
sma100,2,10,70,3,5,24,1314,-0.193,0.875,60.6,492,-0.405,0.641,59.0,-43.7,0
sma100,2,10,70,3,5,48,1314,-0.193,0.875,60.6,492,-0.405,0.641,59.0,-43.7,0
sma100,2,15,60,0,2,0,2541,-0.184,0.839,45.9,956,-0.249,0.717,53.4,-48.7,0
sma100,2,15,60,0,2,24,2541,-0.184,0.839,45.9,956,-0.249,0.717,53.4,-48.7,0
sma100,2,15,60,0,2,48,2541,-0.184,0.839,45.9,956,-0.249,0.717,53.4,-48.7,0
sma100,2,15,60,0,3,0,2248,-0.174,0.869,53.2,840,-0.271,0.718,57.9,-47.6,0
sma100,2,15,60,0,3,24,2248,-0.174,0.869,53.2,840,-0.271,0.718,57.9,-47.6,0
sma100,2,15,60,0,3,48,2248,-0.174,0.869,53.2,840,-0.271,0.718,57.9,-47.6,0
sma100,2,15,60,0,5,0,1968,-0.149,0.898,59.5,757,-0.278,0.725,60.6,-46.4,0
sma100,2,15,60,0,5,24,1968,-0.149,0.898,59.5,757,-0.278,0.725,60.6,-46.4,0
sma100,2,15,60,0,5,48,1968,-0.149,0.898,59.5,757,-0.278,0.725,60.6,-46.4,0
sma100,2,15,60,2,2,0,2547,-0.216,0.809,46.8,956,-0.263,0.699,53.7,-48.8,0
sma100,2,15,60,2,2,24,2547,-0.216,0.809,46.8,956,-0.263,0.699,53.7,-48.8,0
sma100,2,15,60,2,2,48,2547,-0.216,0.809,46.8,956,-0.263,0.699,53.7,-48.8,0
sma100,2,15,60,2,3,0,2253,-0.219,0.830,54.4,840,-0.288,0.697,58.1,-47.7,0
sma100,2,15,60,2,3,24,2253,-0.219,0.830,54.4,840,-0.288,0.697,58.1,-47.7,0
sma100,2,15,60,2,3,48,2253,-0.219,0.830,54.4,840,-0.288,0.697,58.1,-47.7,0
sma100,2,15,60,2,5,0,1977,-0.188,0.862,60.9,758,-0.285,0.712,61.0,-45.9,0
sma100,2,15,60,2,5,24,1977,-0.188,0.862,60.9,758,-0.285,0.712,61.0,-45.9,0
sma100,2,15,60,2,5,48,1977,-0.188,0.862,60.9,758,-0.285,0.712,61.0,-45.9,0
sma100,2,15,60,3,2,0,2541,-0.199,0.826,46.1,956,-0.266,0.695,53.5,-49.2,0
sma100,2,15,60,3,2,24,2541,-0.199,0.826,46.1,956,-0.266,0.695,53.5,-49.2,0
sma100,2,15,60,3,2,48,2541,-0.199,0.826,46.1,956,-0.266,0.695,53.5,-49.2,0
sma100,2,15,60,3,3,0,2249,-0.196,0.850,53.6,840,-0.290,0.696,58.0,-47.9,0
sma100,2,15,60,3,3,24,2249,-0.196,0.850,53.6,840,-0.290,0.696,58.0,-47.9,0
sma100,2,15,60,3,3,48,2249,-0.196,0.850,53.6,840,-0.290,0.696,58.0,-47.9,0
sma100,2,15,60,3,5,0,1970,-0.170,0.879,60.0,758,-0.290,0.709,60.8,-46.2,0
sma100,2,15,60,3,5,24,1970,-0.170,0.879,60.0,758,-0.290,0.709,60.8,-46.2,0
sma100,2,15,60,3,5,48,1970,-0.170,0.879,60.0,758,-0.290,0.709,60.8,-46.2,0
sma100,2,15,70,0,2,0,2506,-0.181,0.853,42.9,930,-0.318,0.683,49.1,-54.3,0
sma100,2,15,70,0,2,24,2506,-0.181,0.853,42.9,930,-0.318,0.683,49.1,-54.3,0
sma100,2,15,70,0,2,48,2506,-0.181,0.853,42.9,930,-0.318,0.683,49.1,-54.3,0
sma100,2,15,70,0,3,0,2194,-0.182,0.875,51.5,806,-0.312,0.712,55.8,-51.0,0
sma100,2,15,70,0,3,24,2194,-0.182,0.875,51.5,806,-0.312,0.712,55.8,-51.0,0
sma100,2,15,70,0,3,48,2194,-0.182,0.875,51.5,806,-0.312,0.712,55.8,-51.0,0
sma100,2,15,70,0,5,0,1894,-0.129,0.918,59.7,713,-0.324,0.720,60.0,-49.2,0
sma100,2,15,70,0,5,24,1894,-0.129,0.918,59.7,713,-0.324,0.720,60.0,-49.2,0
sma100,2,15,70,0,5,48,1894,-0.129,0.918,59.7,713,-0.324,0.720,60.0,-49.2,0
sma100,2,15,70,2,2,0,2519,-0.201,0.833,45.1,933,-0.255,0.734,50.9,-49.2,0
sma100,2,15,70,2,2,24,2519,-0.201,0.833,45.1,933,-0.255,0.734,50.9,-49.2,0
sma100,2,15,70,2,2,48,2519,-0.201,0.833,45.1,933,-0.255,0.734,50.9,-49.2,0
sma100,2,15,70,2,3,0,2209,-0.202,0.855,54.2,811,-0.270,0.742,57.0,-47.4,0
sma100,2,15,70,2,3,24,2209,-0.202,0.855,54.2,811,-0.270,0.742,57.0,-47.4,0
sma100,2,15,70,2,3,48,2209,-0.202,0.855,54.2,811,-0.270,0.742,57.0,-47.4,0
sma100,2,15,70,2,5,0,1916,-0.168,0.886,62.2,720,-0.289,0.739,60.8,-46.5,0
sma100,2,15,70,2,5,24,1916,-0.168,0.886,62.2,720,-0.289,0.739,60.8,-46.5,0
sma100,2,15,70,2,5,48,1916,-0.168,0.886,62.2,720,-0.289,0.739,60.8,-46.5,0
sma100,2,15,70,3,2,0,2510,-0.178,0.855,43.8,931,-0.299,0.697,49.8,-52.4,0
sma100,2,15,70,3,2,24,2510,-0.178,0.855,43.8,931,-0.299,0.697,49.8,-52.4,0
sma100,2,15,70,3,2,48,2510,-0.178,0.855,43.8,931,-0.299,0.697,49.8,-52.4,0
sma100,2,15,70,3,3,0,2200,-0.180,0.874,52.7,808,-0.298,0.718,56.3,-49.4,0
sma100,2,15,70,3,3,24,2200,-0.180,0.874,52.7,808,-0.298,0.718,56.3,-49.4,0
sma100,2,15,70,3,3,48,2200,-0.180,0.874,52.7,808,-0.298,0.718,56.3,-49.4,0
sma100,2,15,70,3,5,0,1906,-0.144,0.907,61.0,718,-0.315,0.721,60.5,-48.5,0
sma100,2,15,70,3,5,24,1906,-0.144,0.907,61.0,718,-0.315,0.721,60.5,-48.5,0
sma100,2,15,70,3,5,48,1906,-0.144,0.907,61.0,718,-0.315,0.721,60.5,-48.5,0
sma100,3,5,60,0,2,0,79,0.505,1.290,42.1,41,-0.319,0.729,39.1,-8.6,1
sma100,3,5,60,0,2,24,79,0.505,1.290,42.1,41,-0.319,0.729,39.1,-8.6,1
sma100,3,5,60,0,2,48,79,0.505,1.290,42.1,41,-0.319,0.729,39.1,-8.6,1
sma100,3,5,60,0,3,0,73,0.088,1.001,46.8,40,-0.316,0.746,48.1,-9.9,2
sma100,3,5,60,0,3,24,73,0.088,1.001,46.8,40,-0.364,0.720,48.1,-9.9,2
sma100,3,5,60,0,3,48,73,0.088,1.001,46.8,40,-0.316,0.746,48.1,-9.9,2
sma100,3,5,60,0,5,0,68,0.163,1.061,56.4,40,-0.891,0.556,50.3,-13.4,1
sma100,3,5,60,0,5,24,68,0.163,1.061,56.4,40,-0.940,0.541,50.3,-13.4,1
sma100,3,5,60,0,5,48,68,0.163,1.061,56.4,40,-0.891,0.556,50.3,-13.4,1
sma100,3,5,60,2,2,0,79,0.028,0.971,43.3,41,-0.035,0.966,48.0,-7.0,1
sma100,3,5,60,2,2,24,79,0.028,0.971,43.3,41,-0.035,0.966,48.0,-7.0,1
sma100,3,5,60,2,2,48,79,0.028,0.971,43.3,41,-0.035,0.966,48.0,-7.0,1
sma100,3,5,60,2,3,0,73,-0.163,0.858,49.7,40,-0.164,0.848,55.1,-8.8,2
sma100,3,5,60,2,3,24,73,-0.163,0.858,49.7,40,-0.164,0.848,55.1,-8.8,2
sma100,3,5,60,2,3,48,73,-0.163,0.858,49.7,40,-0.164,0.848,55.1,-8.8,2
sma100,3,5,60,2,5,0,68,-0.161,0.873,59.7,40,-0.646,0.646,57.3,-11.6,1
sma100,3,5,60,2,5,24,68,-0.161,0.873,59.7,40,-0.646,0.646,57.3,-11.6,1
sma100,3,5,60,2,5,48,68,-0.161,0.873,59.7,40,-0.646,0.646,57.3,-11.6,1
sma100,3,5,60,3,2,0,79,0.399,1.235,43.3,41,-0.299,0.735,41.3,-7.8,1
sma100,3,5,60,3,2,24,79,0.399,1.235,43.3,41,-0.299,0.735,41.3,-7.8,1
sma100,3,5,60,3,2,48,79,0.399,1.235,43.3,41,-0.299,0.735,41.3,-7.8,1
sma100,3,5,60,3,3,0,73,0.102,1.009,48.2,40,-0.420,0.679,48.1,-9.9,2
sma100,3,5,60,3,3,24,73,0.102,1.009,48.2,40,-0.468,0.656,48.1,-9.9,2
sma100,3,5,60,3,3,48,73,0.102,1.009,48.2,40,-0.420,0.679,48.1,-9.9,2
sma100,3,5,60,3,5,0,68,0.272,1.108,59.7,40,-0.996,0.506,50.3,-13.4,1
sma100,3,5,60,3,5,24,68,0.272,1.108,59.7,40,-1.044,0.493,50.3,-13.4,1
sma100,3,5,60,3,5,48,68,0.272,1.108,59.7,40,-0.996,0.506,50.3,-13.4,1
sma100,3,5,70,0,2,0,79,0.853,1.497,40.0,41,-0.249,0.796,34.7,-9.9,2
sma100,3,5,70,0,2,24,79,0.853,1.497,40.0,41,-0.292,0.764,34.7,-9.9,2
sma100,3,5,70,0,2,48,79,0.853,1.497,40.0,41,-0.249,0.796,34.7,-9.9,2
sma100,3,5,70,0,3,0,73,0.335,1.123,43.6,40,-0.095,0.886,45.9,-10.2,2
sma100,3,5,70,0,3,24,73,0.335,1.123,43.6,40,-0.186,0.830,45.9,-10.6,2
sma100,3,5,70,0,3,48,73,0.335,1.123,43.6,40,-0.095,0.886,45.9,-10.2,2
sma100,3,5,70,0,5,0,68,0.119,1.010,52.1,40,-0.695,0.672,50.3,-14.6,2
sma100,3,5,70,0,5,24,68,0.119,1.010,52.1,40,-0.813,0.628,50.3,-14.9,2
sma100,3,5,70,0,5,48,68,0.119,1.010,52.1,40,-0.695,0.672,50.3,-14.6,2
sma100,3,5,70,2,2,0,79,0.034,0.974,42.1,41,-0.143,0.856,43.6,-7.9,2
sma100,3,5,70,2,2,24,79,0.034,0.974,42.1,41,-0.143,0.856,43.6,-7.9,2
sma100,3,5,70,2,2,48,79,0.034,0.974,42.1,41,-0.143,0.856,43.6,-7.9,2
sma100,3,5,70,2,3,0,73,-0.261,0.821,47.5,40,-0.214,0.811,52.8,-9.2,2
sma100,3,5,70,2,3,24,73,-0.261,0.821,47.5,40,-0.214,0.811,52.8,-9.2,2
sma100,3,5,70,2,3,48,73,-0.261,0.821,47.5,40,-0.214,0.811,52.8,-9.2,2
sma100,3,5,70,2,5,0,68,-0.409,0.782,57.6,40,-0.720,0.633,57.3,-12.9,1
sma100,3,5,70,2,5,24,68,-0.409,0.782,57.6,40,-0.746,0.624,57.3,-12.9,1
sma100,3,5,70,2,5,48,68,-0.409,0.782,57.6,40,-0.720,0.633,57.3,-12.9,1
sma100,3,5,70,3,2,0,79,0.409,1.217,41.2,41,-0.404,0.667,36.9,-9.0,2
sma100,3,5,70,3,2,24,79,0.409,1.217,41.2,41,-0.447,0.633,36.9,-9.0,2
sma100,3,5,70,3,2,48,79,0.409,1.217,41.2,41,-0.404,0.667,36.9,-9.0,2
sma100,3,5,70,3,3,0,73,-0.003,0.947,45.0,40,-0.467,0.664,45.9,-10.3,2
sma100,3,5,70,3,3,24,73,-0.003,0.947,45.0,40,-0.559,0.615,45.9,-10.7,2
sma100,3,5,70,3,3,48,73,-0.003,0.947,45.0,40,-0.467,0.664,45.9,-10.3,2
sma100,3,5,70,3,5,0,68,-0.009,0.959,56.5,40,-1.067,0.510,50.3,-14.7,2
sma100,3,5,70,3,5,24,68,-0.009,0.959,56.5,40,-1.185,0.471,50.3,-15.0,1
sma100,3,5,70,3,5,48,68,-0.009,0.959,56.5,40,-1.067,0.510,50.3,-14.7,2
sma100,3,10,60,0,2,0,426,-0.022,0.949,39.1,177,-0.575,0.535,40.3,-23.8,0
sma100,3,10,60,0,2,24,426,-0.022,0.949,39.1,177,-0.575,0.535,40.3,-23.8,0
sma100,3,10,60,0,2,48,426,-0.022,0.949,39.1,177,-0.575,0.535,40.3,-23.8,0
sma100,3,10,60,0,3,0,382,-0.121,0.902,47.4,158,-0.590,0.553,50.0,-24.9,0
sma100,3,10,60,0,3,24,382,-0.121,0.902,47.4,158,-0.590,0.553,50.0,-24.9,0
sma100,3,10,60,0,3,48,382,-0.121,0.902,47.4,158,-0.590,0.553,50.0,-24.9,0
sma100,3,10,60,0,5,0,345,0.140,1.076,59.1,149,-0.728,0.546,54.0,-26.8,0
sma100,3,10,60,0,5,24,345,0.140,1.076,59.1,149,-0.740,0.541,54.0,-27.1,0
sma100,3,10,60,0,5,48,345,0.140,1.076,59.1,149,-0.728,0.546,54.0,-26.8,0
sma100,3,10,60,2,2,0,426,-0.233,0.805,41.2,177,-0.435,0.625,44.5,-20.6,0
sma100,3,10,60,2,2,24,426,-0.233,0.805,41.2,177,-0.435,0.625,44.5,-20.6,0
sma100,3,10,60,2,2,48,426,-0.233,0.805,41.2,177,-0.435,0.625,44.5,-20.6,0
sma100,3,10,60,2,3,0,382,-0.291,0.804,50.3,158,-0.534,0.577,52.3,-22.6,0
sma100,3,10,60,2,3,24,382,-0.291,0.804,50.3,158,-0.534,0.577,52.3,-22.6,0
sma100,3,10,60,2,3,48,382,-0.291,0.804,50.3,158,-0.534,0.577,52.3,-22.6,0
sma100,3,10,60,2,5,0,345,-0.169,0.898,60.9,150,-0.659,0.562,56.3,-24.9,0
sma100,3,10,60,2,5,24,345,-0.169,0.898,60.9,150,-0.672,0.557,56.3,-25.1,0
sma100,3,10,60,2,5,48,345,-0.169,0.898,60.9,150,-0.659,0.562,56.3,-24.9,0
sma100,3,10,60,3,2,0,426,-0.127,0.877,39.8,177,-0.539,0.549,42.0,-22.7,0
sma100,3,10,60,3,2,24,426,-0.127,0.877,39.8,177,-0.539,0.549,42.0,-22.7,0
sma100,3,10,60,3,2,48,426,-0.127,0.877,39.8,177,-0.539,0.549,42.0,-22.7,0
sma100,3,10,60,3,3,0,382,-0.184,0.868,48.2,158,-0.659,0.501,50.0,-25.1,0
sma100,3,10,60,3,3,24,382,-0.184,0.868,48.2,158,-0.659,0.501,50.0,-25.1,0
sma100,3,10,60,3,3,48,382,-0.184,0.868,48.2,158,-0.659,0.501,50.0,-25.1,0
sma100,3,10,60,3,5,0,345,-0.048,0.967,59.4,149,-0.746,0.522,54.7,-26.7,0
sma100,3,10,60,3,5,24,345,-0.048,0.967,59.4,149,-0.759,0.518,54.7,-27.0,0
sma100,3,10,60,3,5,48,345,-0.048,0.967,59.4,149,-0.746,0.522,54.7,-26.7,0
sma100,3,10,70,0,2,0,425,-0.010,0.955,34.3,176,-0.605,0.559,34.7,-26.9,0
sma100,3,10,70,0,2,24,425,-0.010,0.955,34.3,177,-0.596,0.563,35.1,-26.7,0
sma100,3,10,70,0,2,48,425,-0.010,0.955,34.3,176,-0.605,0.559,34.7,-26.9,0
sma100,3,10,70,0,3,0,381,-0.101,0.924,42.6,157,-0.563,0.616,47.4,-28.0,0
sma100,3,10,70,0,3,24,381,-0.099,0.925,42.6,158,-0.556,0.620,47.8,-27.9,0
sma100,3,10,70,0,3,48,381,-0.101,0.924,42.6,157,-0.563,0.616,47.4,-28.0,0
sma100,3,10,70,0,5,0,344,0.149,1.070,56.4,146,-0.588,0.656,53.9,-28.3,0
sma100,3,10,70,0,5,24,344,0.146,1.068,56.4,147,-0.593,0.655,54.2,-28.5,0
sma100,3,10,70,0,5,48,344,0.149,1.070,56.4,146,-0.588,0.656,53.9,-28.3,0
sma100,3,10,70,2,2,0,425,-0.193,0.844,40.3,177,-0.482,0.624,39.9,-23.4,0
sma100,3,10,70,2,2,24,425,-0.193,0.844,40.3,177,-0.482,0.624,39.9,-23.4,0
sma100,3,10,70,2,2,48,425,-0.193,0.844,40.3,177,-0.482,0.624,39.9,-23.4,0
sma100,3,10,70,2,3,0,381,-0.273,0.828,49.3,158,-0.579,0.586,50.7,-25.4,0
sma100,3,10,70,2,3,24,381,-0.272,0.829,49.3,158,-0.579,0.586,50.7,-25.4,0
sma100,3,10,70,2,3,48,381,-0.273,0.828,49.3,158,-0.579,0.586,50.7,-25.4,0
sma100,3,10,70,2,5,0,344,-0.135,0.931,62.0,148,-0.587,0.628,57.1,-25.7,0
sma100,3,10,70,2,5,24,344,-0.138,0.929,62.0,148,-0.600,0.623,57.1,-26.0,0
sma100,3,10,70,2,5,48,344,-0.135,0.931,62.0,148,-0.587,0.628,57.1,-25.7,0
sma100,3,10,70,3,2,0,425,-0.113,0.894,37.3,176,-0.623,0.533,36.4,-26.0,0
sma100,3,10,70,3,2,24,425,-0.113,0.894,37.3,177,-0.613,0.538,36.8,-25.9,0
sma100,3,10,70,3,2,48,425,-0.113,0.894,37.3,176,-0.623,0.533,36.4,-26.0,0
sma100,3,10,70,3,3,0,381,-0.181,0.882,46.0,157,-0.751,0.496,47.4,-28.5,0
sma100,3,10,70,3,3,24,381,-0.179,0.883,46.0,158,-0.741,0.500,47.8,-28.3,0
sma100,3,10,70,3,3,48,381,-0.181,0.882,46.0,157,-0.751,0.496,47.4,-28.5,0
sma100,3,10,70,3,5,0,344,0.007,0.999,59.5,146,-0.733,0.560,54.5,-28.4,0
sma100,3,10,70,3,5,24,344,0.004,0.997,59.5,147,-0.737,0.560,54.8,-28.5,0
sma100,3,10,70,3,5,48,344,0.007,0.999,59.5,146,-0.733,0.560,54.5,-28.4,0
sma100,3,15,60,0,2,0,959,-0.239,0.821,36.9,361,-0.483,0.579,44.3,-35.5,0
sma100,3,15,60,0,2,24,959,-0.239,0.821,36.9,361,-0.483,0.579,44.3,-35.5,0
sma100,3,15,60,0,2,48,959,-0.239,0.821,36.9,361,-0.483,0.579,44.3,-35.5,0
sma100,3,15,60,0,3,0,852,-0.234,0.844,46.7,316,-0.489,0.611,51.5,-33.6,0
sma100,3,15,60,0,3,24,852,-0.234,0.844,46.7,316,-0.489,0.611,51.5,-33.6,0
sma100,3,15,60,0,3,48,852,-0.234,0.844,46.7,316,-0.489,0.611,51.5,-33.6,0
sma100,3,15,60,0,5,0,758,-0.159,0.908,56.5,291,-0.647,0.567,55.4,-38.9,0
sma100,3,15,60,0,5,24,758,-0.159,0.908,56.5,291,-0.641,0.569,55.4,-38.7,0
sma100,3,15,60,0,5,48,758,-0.159,0.908,56.5,291,-0.647,0.567,55.4,-38.9,0
sma100,3,15,60,2,2,0,961,-0.286,0.781,40.1,361,-0.390,0.636,47.4,-31.9,0
sma100,3,15,60,2,2,24,961,-0.286,0.781,40.1,361,-0.390,0.636,47.4,-31.9,0
sma100,3,15,60,2,2,48,961,-0.286,0.781,40.1,361,-0.390,0.636,47.4,-31.9,0
sma100,3,15,60,2,3,0,855,-0.277,0.812,50.5,316,-0.446,0.626,53.4,-32.3,0
sma100,3,15,60,2,3,24,855,-0.277,0.812,50.5,316,-0.446,0.626,53.4,-32.3,0
sma100,3,15,60,2,3,48,855,-0.277,0.812,50.5,316,-0.446,0.626,53.4,-32.3,0
sma100,3,15,60,2,5,0,762,-0.269,0.840,59.9,292,-0.606,0.577,57.0,-37.0,0
sma100,3,15,60,2,5,24,762,-0.269,0.840,59.9,292,-0.606,0.577,57.0,-37.0,0
sma100,3,15,60,2,5,48,762,-0.269,0.840,59.9,292,-0.606,0.577,57.0,-37.0,0
sma100,3,15,60,3,2,0,959,-0.245,0.817,38.3,361,-0.473,0.581,45.1,-34.4,0
sma100,3,15,60,3,2,24,959,-0.245,0.817,38.3,361,-0.473,0.581,45.1,-34.4,0
sma100,3,15,60,3,2,48,959,-0.245,0.817,38.3,361,-0.473,0.581,45.1,-34.4,0
sma100,3,15,60,3,3,0,852,-0.222,0.853,48.1,316,-0.532,0.576,51.5,-34.3,0
sma100,3,15,60,3,3,24,852,-0.222,0.853,48.1,316,-0.532,0.576,51.5,-34.3,0
sma100,3,15,60,3,3,48,852,-0.222,0.853,48.1,316,-0.532,0.576,51.5,-34.3,0
sma100,3,15,60,3,5,0,759,-0.193,0.888,58.0,291,-0.664,0.548,55.8,-38.8,0
sma100,3,15,60,3,5,24,759,-0.193,0.888,58.0,291,-0.659,0.551,55.8,-38.6,0
sma100,3,15,60,3,5,48,759,-0.193,0.888,58.0,291,-0.664,0.548,55.8,-38.8,0
sma100,3,15,70,0,2,0,950,-0.196,0.861,32.5,359,-0.534,0.590,37.4,-39.9,0
sma100,3,15,70,0,2,24,950,-0.196,0.861,32.5,359,-0.534,0.590,37.4,-39.9,0
sma100,3,15,70,0,2,48,950,-0.196,0.861,32.5,359,-0.534,0.590,37.4,-39.9,0
sma100,3,15,70,0,3,0,837,-0.141,0.909,43.1,311,-0.545,0.637,46.9,-39.8,0
sma100,3,15,70,0,3,24,837,-0.142,0.909,43.0,312,-0.536,0.642,46.7,-39.6,0
sma100,3,15,70,0,3,48,837,-0.141,0.909,43.1,311,-0.545,0.637,46.9,-39.8,0
sma100,3,15,70,0,5,0,742,-0.045,0.969,54.3,281,-0.728,0.591,51.8,-44.5,0
sma100,3,15,70,0,5,24,743,-0.044,0.970,54.2,282,-0.711,0.597,51.7,-44.2,0
sma100,3,15,70,0,5,48,742,-0.045,0.969,54.3,281,-0.728,0.591,51.8,-44.5,0
sma100,3,15,70,2,2,0,958,-0.253,0.813,38.6,359,-0.426,0.645,41.7,-34.6,0
sma100,3,15,70,2,2,24,958,-0.253,0.813,38.6,359,-0.426,0.645,41.7,-34.6,0
sma100,3,15,70,2,2,48,958,-0.253,0.813,38.6,359,-0.426,0.645,41.7,-34.6,0
sma100,3,15,70,2,3,0,847,-0.228,0.852,49.6,311,-0.522,0.626,49.9,-37.2,0
sma100,3,15,70,2,3,24,847,-0.230,0.850,49.5,312,-0.513,0.630,49.8,-37.0,0
sma100,3,15,70,2,3,48,847,-0.228,0.852,49.6,311,-0.522,0.626,49.9,-37.2,0
sma100,3,15,70,2,5,0,752,-0.204,0.886,60.4,282,-0.659,0.596,54.9,-41.1,0
sma100,3,15,70,2,5,24,752,-0.210,0.883,60.2,283,-0.648,0.601,54.7,-41.0,0
sma100,3,15,70,2,5,48,752,-0.204,0.886,60.4,282,-0.659,0.596,54.9,-41.1,0
sma100,3,15,70,3,2,0,954,-0.212,0.850,35.5,359,-0.529,0.586,38.5,-38.4,0
sma100,3,15,70,3,2,24,954,-0.212,0.850,35.5,359,-0.529,0.586,38.5,-38.4,0
sma100,3,15,70,3,2,48,954,-0.212,0.850,35.5,359,-0.529,0.586,38.5,-38.4,0
sma100,3,15,70,3,3,0,840,-0.163,0.896,46.4,311,-0.623,0.581,47.2,-39.8,0
sma100,3,15,70,3,3,24,840,-0.164,0.896,46.3,312,-0.614,0.586,47.1,-39.6,0
sma100,3,15,70,3,3,48,840,-0.163,0.896,46.4,311,-0.623,0.581,47.2,-39.8,0
sma100,3,15,70,3,5,0,746,-0.100,0.944,57.6,281,-0.774,0.554,52.6,-44.4,0
sma100,3,15,70,3,5,24,747,-0.099,0.945,57.6,282,-0.757,0.559,52.4,-44.1,0
sma100,3,15,70,3,5,48,746,-0.100,0.944,57.6,281,-0.774,0.554,52.6,-44.4,0
sma100,4,5,60,0,2,0,13,2.474,2.311,40.0,3,-2.196,0.000,0.0,-3.3,0
sma100,4,5,60,0,2,24,13,2.474,2.311,40.0,3,-2.196,0.000,0.0,-3.3,0
sma100,4,5,60,0,2,48,13,2.474,2.311,40.0,3,-2.196,0.000,0.0,-3.3,0
sma100,4,5,60,0,3,0,12,1.018,1.432,40.0,2,-3.194,0.000,0.0,-3.2,0
sma100,4,5,60,0,3,24,12,1.018,1.432,40.0,2,-3.194,0.000,0.0,-3.2,0
sma100,4,5,60,0,3,48,12,1.018,1.432,40.0,2,-3.194,0.000,0.0,-3.2,0
sma100,4,5,60,0,5,0,10,3.566,2.656,73.3,2,-5.190,0.000,0.0,-5.2,0
sma100,4,5,60,0,5,24,10,3.566,2.656,73.3,2,-5.190,0.000,0.0,-5.2,0
sma100,4,5,60,0,5,48,10,3.566,2.656,73.3,2,-5.190,0.000,0.0,-5.2,0
sma100,4,5,60,2,2,0,13,0.254,1.047,40.0,3,-2.196,0.000,0.0,-3.3,0
sma100,4,5,60,2,2,24,13,0.254,1.047,40.0,3,-2.196,0.000,0.0,-3.3,0
sma100,4,5,60,2,2,48,13,0.254,1.047,40.0,3,-2.196,0.000,0.0,-3.3,0
sma100,4,5,60,2,3,0,12,-0.262,0.923,46.7,2,-3.194,0.000,0.0,-3.2,0
sma100,4,5,60,2,3,24,12,-0.262,0.923,46.7,2,-3.194,0.000,0.0,-3.2,0
sma100,4,5,60,2,3,48,12,-0.262,0.923,46.7,2,-3.194,0.000,0.0,-3.2,0
sma100,4,5,60,2,5,0,10,1.461,2.032,83.3,2,-5.190,0.000,0.0,-5.2,0
sma100,4,5,60,2,5,24,10,1.461,2.032,83.3,2,-5.190,0.000,0.0,-5.2,0
sma100,4,5,60,2,5,48,10,1.461,2.032,83.3,2,-5.190,0.000,0.0,-5.2,0
sma100,4,5,60,3,2,0,13,1.867,1.965,40.0,3,-2.196,0.000,0.0,-3.3,0
sma100,4,5,60,3,2,24,13,1.867,1.965,40.0,3,-2.196,0.000,0.0,-3.3,0
sma100,4,5,60,3,2,48,13,1.867,1.965,40.0,3,-2.196,0.000,0.0,-3.3,0
sma100,4,5,60,3,3,0,12,1.018,1.432,40.0,2,-3.194,0.000,0.0,-3.2,0
sma100,4,5,60,3,3,24,12,1.018,1.432,40.0,2,-3.194,0.000,0.0,-3.2,0
sma100,4,5,60,3,3,48,12,1.018,1.432,40.0,2,-3.194,0.000,0.0,-3.2,0
sma100,4,5,60,3,5,0,10,3.244,3.749,83.3,2,-5.190,0.000,0.0,-5.2,0
sma100,4,5,60,3,5,24,10,3.244,3.749,83.3,2,-5.190,0.000,0.0,-5.2,0
sma100,4,5,60,3,5,48,10,3.244,3.749,83.3,2,-5.190,0.000,0.0,-5.2,0
sma100,4,5,70,0,2,0,13,1.598,1.780,30.0,3,-2.196,0.000,0.0,-3.3,0
sma100,4,5,70,0,2,24,13,1.598,1.780,30.0,3,-2.196,0.000,0.0,-3.3,0
sma100,4,5,70,0,2,48,13,1.598,1.780,30.0,3,-2.196,0.000,0.0,-3.3,0
sma100,4,5,70,0,3,0,12,1.460,1.681,40.0,2,-3.194,0.000,0.0,-3.2,0
sma100,4,5,70,0,3,24,12,1.460,1.681,40.0,2,-3.194,0.000,0.0,-3.2,0
sma100,4,5,70,0,3,48,12,1.460,1.681,40.0,2,-3.194,0.000,0.0,-3.2,0
sma100,4,5,70,0,5,0,10,0.413,1.362,43.3,2,-5.190,0.000,0.0,-5.2,0
sma100,4,5,70,0,5,24,10,0.308,1.301,43.3,2,-5.190,0.000,0.0,-5.2,0
sma100,4,5,70,0,5,48,10,0.413,1.362,43.3,2,-5.190,0.000,0.0,-5.2,0
sma100,4,5,70,2,2,0,13,0.357,1.164,40.0,3,-2.196,0.000,0.0,-3.3,0
sma100,4,5,70,2,2,24,13,0.357,1.164,40.0,3,-2.196,0.000,0.0,-3.3,0
sma100,4,5,70,2,2,48,13,0.357,1.164,40.0,3,-2.196,0.000,0.0,-3.3,0
sma100,4,5,70,2,3,0,12,-0.159,1.030,46.7,2,-3.194,0.000,0.0,-3.2,0
sma100,4,5,70,2,3,24,12,-0.159,1.030,46.7,2,-3.194,0.000,0.0,-3.2,0
sma100,4,5,70,2,3,48,12,-0.159,1.030,46.7,2,-3.194,0.000,0.0,-3.2,0
sma100,4,5,70,2,5,0,10,1.598,2.230,83.3,2,-5.190,0.000,0.0,-5.2,0
sma100,4,5,70,2,5,24,10,1.598,2.230,83.3,2,-5.190,0.000,0.0,-5.2,0
sma100,4,5,70,2,5,48,10,1.598,2.230,83.3,2,-5.190,0.000,0.0,-5.2,0
sma100,4,5,70,3,2,0,13,1.970,2.082,40.0,3,-2.196,0.000,0.0,-3.3,0
sma100,4,5,70,3,2,24,13,1.970,2.082,40.0,3,-2.196,0.000,0.0,-3.3,0
sma100,4,5,70,3,2,48,13,1.970,2.082,40.0,3,-2.196,0.000,0.0,-3.3,0
sma100,4,5,70,3,3,0,12,1.154,1.539,40.0,2,-3.194,0.000,0.0,-3.2,0
sma100,4,5,70,3,3,24,12,1.154,1.539,40.0,2,-3.194,0.000,0.0,-3.2,0
sma100,4,5,70,3,3,48,12,1.154,1.539,40.0,2,-3.194,0.000,0.0,-3.2,0
sma100,4,5,70,3,5,0,10,2.673,2.516,73.3,2,-5.190,0.000,0.0,-5.2,0
sma100,4,5,70,3,5,24,10,2.568,2.415,73.3,2,-5.190,0.000,0.0,-5.2,0
sma100,4,5,70,3,5,48,10,2.673,2.516,73.3,2,-5.190,0.000,0.0,-5.2,0
sma100,4,10,60,0,2,0,98,0.641,1.239,37.6,44,0.168,0.863,37.8,-9.8,2
sma100,4,10,60,0,2,24,98,0.641,1.239,37.6,44,0.168,0.863,37.8,-9.8,2
sma100,4,10,60,0,2,48,98,0.641,1.239,37.6,44,0.168,0.863,37.8,-9.8,2
sma100,4,10,60,0,3,0,87,0.264,0.948,42.9,42,0.318,0.916,50.2,-10.7,2
sma100,4,10,60,0,3,24,87,0.264,0.948,42.9,42,0.318,0.916,50.2,-10.7,2
sma100,4,10,60,0,3,48,87,0.264,0.948,42.9,42,0.318,0.916,50.2,-10.7,2
sma100,4,10,60,0,5,0,80,0.489,1.065,56.5,42,-0.317,0.674,52.2,-15.1,2
sma100,4,10,60,0,5,24,80,0.489,1.065,56.5,42,-0.317,0.674,52.2,-15.1,2
sma100,4,10,60,0,5,48,80,0.489,1.065,56.5,42,-0.317,0.674,52.2,-15.1,2
sma100,4,10,60,2,2,0,98,-0.110,0.825,40.1,44,0.152,0.943,47.4,-8.6,3
sma100,4,10,60,2,2,24,98,-0.110,0.825,40.1,44,0.152,0.943,47.4,-8.6,3
sma100,4,10,60,2,2,48,98,-0.110,0.825,40.1,44,0.152,0.943,47.4,-8.6,3
sma100,4,10,60,2,3,0,87,-0.338,0.704,46.9,42,0.094,0.918,56.2,-9.4,2
sma100,4,10,60,2,3,24,87,-0.338,0.704,46.9,42,0.094,0.918,56.2,-9.4,2
sma100,4,10,60,2,3,48,87,-0.338,0.704,46.9,42,0.094,0.918,56.2,-9.4,2
sma100,4,10,60,2,5,0,80,-0.320,0.759,59.6,42,-0.421,0.697,58.2,-13.0,2
sma100,4,10,60,2,5,24,80,-0.320,0.759,59.6,42,-0.421,0.697,58.2,-13.0,2
sma100,4,10,60,2,5,48,80,-0.320,0.759,59.6,42,-0.421,0.697,58.2,-13.0,2
sma100,4,10,60,3,2,0,98,0.232,1.015,38.5,44,-0.082,0.740,41.8,-9.4,2
sma100,4,10,60,3,2,24,98,0.232,1.015,38.5,44,-0.082,0.740,41.8,-9.4,2
sma100,4,10,60,3,2,48,98,0.232,1.015,38.5,44,-0.082,0.740,41.8,-9.4,2
sma100,4,10,60,3,3,0,87,-0.047,0.817,44.1,42,-0.196,0.718,50.2,-10.7,2
sma100,4,10,60,3,3,24,87,-0.047,0.817,44.1,42,-0.196,0.718,50.2,-10.7,2
sma100,4,10,60,3,3,48,87,-0.047,0.817,44.1,42,-0.196,0.718,50.2,-10.7,2
sma100,4,10,60,3,5,0,80,0.253,1.014,58.6,42,-0.831,0.531,52.2,-15.1,2
sma100,4,10,60,3,5,24,80,0.253,1.014,58.6,42,-0.831,0.531,52.2,-15.1,2
sma100,4,10,60,3,5,48,80,0.253,1.014,58.6,42,-0.831,0.531,52.2,-15.1,2
sma100,4,10,70,0,2,0,98,0.727,1.327,32.7,44,0.263,0.868,34.1,-10.5,2
sma100,4,10,70,0,2,24,98,0.727,1.327,32.7,44,0.263,0.868,34.1,-10.5,2
sma100,4,10,70,0,2,48,98,0.727,1.327,32.7,44,0.263,0.868,34.1,-10.5,2
sma100,4,10,70,0,3,0,87,0.499,1.100,38.4,42,0.329,0.851,44.6,-12.3,2
sma100,4,10,70,0,3,24,87,0.499,1.100,38.4,42,0.329,0.851,44.6,-12.3,2
sma100,4,10,70,0,3,48,87,0.499,1.100,38.4,42,0.329,0.851,44.6,-12.3,2
sma100,4,10,70,0,5,0,80,0.382,1.083,52.5,42,-0.222,0.680,48.6,-15.9,2
sma100,4,10,70,0,5,24,80,0.344,1.064,51.4,42,-0.254,0.669,48.6,-16.2,2
sma100,4,10,70,0,5,48,80,0.382,1.083,52.5,42,-0.222,0.680,48.6,-15.9,2
sma100,4,10,70,2,2,0,98,-0.090,0.842,41.0,44,0.126,0.927,45.4,-8.9,3
sma100,4,10,70,2,2,24,98,-0.090,0.842,41.0,44,0.126,0.927,45.4,-8.9,3
sma100,4,10,70,2,2,48,98,-0.090,0.842,41.0,44,0.126,0.927,45.4,-8.9,3
sma100,4,10,70,2,3,0,87,-0.316,0.719,47.9,42,-0.038,0.823,52.4,-10.5,2
sma100,4,10,70,2,3,24,87,-0.316,0.719,47.9,42,-0.038,0.823,52.4,-10.5,2
sma100,4,10,70,2,3,48,87,-0.316,0.719,47.9,42,-0.038,0.823,52.4,-10.5,2
sma100,4,10,70,2,5,0,80,-0.309,0.764,62.9,42,-0.507,0.664,56.4,-13.7,2
sma100,4,10,70,2,5,24,80,-0.347,0.747,61.8,42,-0.507,0.664,56.4,-13.7,2
sma100,4,10,70,2,5,48,80,-0.309,0.764,62.9,42,-0.507,0.664,56.4,-13.7,2
sma100,4,10,70,3,2,0,98,0.271,1.059,37.9,44,0.067,0.827,39.8,-9.7,2
sma100,4,10,70,3,2,24,98,0.271,1.059,37.9,44,0.067,0.827,39.8,-9.7,2
sma100,4,10,70,3,2,48,98,0.271,1.059,37.9,44,0.067,0.827,39.8,-9.7,2
sma100,4,10,70,3,3,0,87,-0.130,0.824,41.4,42,-0.150,0.726,46.4,-11.7,2
sma100,4,10,70,3,3,24,87,-0.130,0.824,41.4,42,-0.150,0.726,46.4,-11.7,2
sma100,4,10,70,3,3,48,87,-0.130,0.824,41.4,42,-0.150,0.726,46.4,-11.7,2
sma100,4,10,70,3,5,0,80,0.093,0.977,58.3,42,-0.740,0.568,50.4,-15.7,2
sma100,4,10,70,3,5,24,80,0.055,0.957,57.2,42,-0.740,0.568,50.4,-15.7,2
sma100,4,10,70,3,5,48,80,0.093,0.977,58.3,42,-0.740,0.568,50.4,-15.7,2
sma100,4,15,60,0,2,0,374,0.006,0.947,34.7,147,-0.562,0.585,35.4,-23.1,0
sma100,4,15,60,0,2,24,374,0.006,0.947,34.7,147,-0.562,0.585,35.4,-23.1,0
sma100,4,15,60,0,2,48,374,0.006,0.947,34.7,147,-0.562,0.585,35.4,-23.1,0
sma100,4,15,60,0,3,0,328,-0.064,0.935,43.3,132,-0.504,0.646,50.0,-24.0,1
sma100,4,15,60,0,3,24,328,-0.062,0.936,43.3,132,-0.504,0.646,50.0,-24.0,1
sma100,4,15,60,0,3,48,328,-0.064,0.935,43.3,132,-0.504,0.646,50.0,-24.0,1
sma100,4,15,60,0,5,0,293,0.294,1.138,58.1,124,-0.602,0.626,55.5,-25.7,1
sma100,4,15,60,0,5,24,293,0.293,1.137,58.1,124,-0.627,0.618,55.5,-26.0,0
sma100,4,15,60,0,5,48,293,0.294,1.138,58.1,124,-0.602,0.626,55.5,-25.7,1
sma100,4,15,60,2,2,0,374,-0.258,0.785,39.3,147,-0.506,0.615,39.9,-21.0,0
sma100,4,15,60,2,2,24,374,-0.258,0.785,39.3,147,-0.506,0.615,39.9,-21.0,0
sma100,4,15,60,2,2,48,374,-0.258,0.785,39.3,147,-0.506,0.615,39.9,-21.0,0
sma100,4,15,60,2,3,0,328,-0.337,0.788,48.4,132,-0.540,0.621,52.8,-22.2,0
sma100,4,15,60,2,3,24,328,-0.335,0.789,48.4,132,-0.540,0.621,52.8,-22.2,0
sma100,4,15,60,2,3,48,328,-0.337,0.788,48.4,132,-0.540,0.621,52.8,-22.2,0
sma100,4,15,60,2,5,0,293,-0.156,0.918,62.1,124,-0.610,0.612,57.9,-23.9,0
sma100,4,15,60,2,5,24,293,-0.157,0.918,62.1,124,-0.635,0.603,57.9,-24.3,0
sma100,4,15,60,2,5,48,293,-0.156,0.918,62.1,124,-0.610,0.612,57.9,-23.9,0
sma100,4,15,60,3,2,0,374,-0.140,0.862,36.5,147,-0.600,0.555,36.8,-22.3,0
sma100,4,15,60,3,2,24,374,-0.140,0.862,36.5,147,-0.600,0.555,36.8,-22.3,0
sma100,4,15,60,3,2,48,374,-0.140,0.862,36.5,147,-0.600,0.555,36.8,-22.3,0
sma100,4,15,60,3,3,0,328,-0.203,0.868,45.4,132,-0.640,0.564,50.0,-24.3,0
sma100,4,15,60,3,3,24,328,-0.200,0.869,45.4,132,-0.640,0.564,50.0,-24.3,0
sma100,4,15,60,3,3,48,328,-0.203,0.868,45.4,132,-0.640,0.564,50.0,-24.3,0
sma100,4,15,60,3,5,0,293,0.070,1.033,60.2,124,-0.657,0.589,56.4,-25.6,0
sma100,4,15,60,3,5,24,293,0.069,1.033,60.2,124,-0.682,0.581,56.4,-25.9,0
sma100,4,15,60,3,5,48,293,0.070,1.033,60.2,124,-0.657,0.589,56.4,-25.6,0
sma100,4,15,70,0,2,0,374,0.097,1.023,30.2,147,-0.605,0.590,29.3,-26.4,1
sma100,4,15,70,0,2,24,374,0.100,1.024,30.2,147,-0.619,0.581,29.3,-26.7,1
sma100,4,15,70,0,2,48,374,0.097,1.023,30.2,147,-0.605,0.590,29.3,-26.4,1
sma100,4,15,70,0,3,0,328,0.030,0.998,38.5,131,-0.506,0.679,44.3,-26.0,2
sma100,4,15,70,0,3,24,328,0.039,1.002,38.5,131,-0.520,0.671,44.3,-26.3,1
sma100,4,15,70,0,3,48,328,0.030,0.998,38.5,131,-0.506,0.679,44.3,-26.0,2
sma100,4,15,70,0,5,0,293,0.344,1.167,53.5,122,-0.643,0.654,54.3,-28.9,1
sma100,4,15,70,0,5,24,293,0.341,1.168,53.1,122,-0.682,0.640,54.3,-29.3,1
sma100,4,15,70,0,5,48,293,0.344,1.167,53.5,122,-0.643,0.654,54.3,-28.9,1
sma100,4,15,70,2,2,0,374,-0.244,0.798,38.6,147,-0.510,0.642,36.5,-21.3,0
sma100,4,15,70,2,2,24,374,-0.244,0.798,38.6,147,-0.510,0.642,36.5,-21.3,0
sma100,4,15,70,2,2,48,374,-0.244,0.798,38.6,147,-0.510,0.642,36.5,-21.3,0
sma100,4,15,70,2,3,0,328,-0.343,0.788,47.4,131,-0.521,0.648,48.9,-23.9,1
sma100,4,15,70,2,3,24,328,-0.341,0.789,47.4,131,-0.521,0.648,48.9,-23.9,1
sma100,4,15,70,2,3,48,328,-0.343,0.788,47.4,131,-0.521,0.648,48.9,-23.9,1
sma100,4,15,70,2,5,0,293,-0.219,0.890,60.6,122,-0.549,0.668,59.3,-24.8,0
sma100,4,15,70,2,5,24,293,-0.234,0.883,60.4,122,-0.571,0.660,59.3,-24.9,0
sma100,4,15,70,2,5,48,293,-0.219,0.890,60.6,122,-0.549,0.668,59.3,-24.8,0
sma100,4,15,70,3,2,0,374,-0.108,0.898,34.2,147,-0.606,0.577,32.1,-24.0,0
sma100,4,15,70,3,2,24,374,-0.105,0.899,34.2,147,-0.620,0.568,32.1,-24.3,0
sma100,4,15,70,3,2,48,374,-0.108,0.898,34.2,147,-0.606,0.577,32.1,-24.0,0
sma100,4,15,70,3,3,0,328,-0.228,0.876,42.4,131,-0.650,0.580,45.4,-26.2,1
sma100,4,15,70,3,3,24,328,-0.220,0.879,42.4,131,-0.665,0.571,45.4,-26.5,1
sma100,4,15,70,3,3,48,328,-0.228,0.876,42.4,131,-0.650,0.580,45.4,-26.2,1
sma100,4,15,70,3,5,0,293,0.012,1.017,57.6,122,-0.688,0.604,56.4,-28.3,2
sma100,4,15,70,3,5,24,293,-0.012,1.005,56.9,122,-0.726,0.590,56.4,-28.7,1
sma100,4,15,70,3,5,48,293,0.012,1.017,57.6,122,-0.688,0.604,56.4,-28.3,2
sma200,2,5,60,0,2,0,906,-0.234,0.788,42.4,366,-0.351,0.650,47.4,-30.1,0
sma200,2,5,60,0,2,24,906,-0.234,0.788,42.4,366,-0.351,0.650,47.4,-30.1,0
sma200,2,5,60,0,2,48,906,-0.234,0.788,42.4,366,-0.351,0.650,47.4,-30.1,0
sma200,2,5,60,0,3,0,807,-0.209,0.828,51.1,319,-0.309,0.709,52.9,-25.8,0
sma200,2,5,60,0,3,24,807,-0.209,0.828,51.1,319,-0.309,0.709,52.9,-25.8,0
sma200,2,5,60,0,3,48,807,-0.209,0.828,51.1,319,-0.309,0.709,52.9,-25.8,0
sma200,2,5,60,0,5,0,723,-0.106,0.916,59.3,289,-0.319,0.710,55.3,-26.4,0
sma200,2,5,60,0,5,24,723,-0.106,0.916,59.3,289,-0.319,0.710,55.3,-26.4,0
sma200,2,5,60,0,5,48,723,-0.106,0.916,59.3,289,-0.319,0.710,55.3,-26.4,0
sma200,2,5,60,2,2,0,907,-0.247,0.775,44.1,366,-0.386,0.613,47.7,-30.7,0
sma200,2,5,60,2,2,24,907,-0.247,0.775,44.1,366,-0.386,0.613,47.7,-30.7,0
sma200,2,5,60,2,2,48,907,-0.247,0.775,44.1,366,-0.386,0.613,47.7,-30.7,0
sma200,2,5,60,2,3,0,808,-0.214,0.822,52.9,320,-0.321,0.692,53.7,-25.7,0
sma200,2,5,60,2,3,24,808,-0.214,0.822,52.9,320,-0.321,0.692,53.7,-25.7,0
sma200,2,5,60,2,3,48,808,-0.214,0.822,52.9,320,-0.321,0.692,53.7,-25.7,0
sma200,2,5,60,2,5,0,724,-0.132,0.893,61.2,290,-0.306,0.710,56.5,-24.5,0
sma200,2,5,60,2,5,24,724,-0.132,0.893,61.2,290,-0.306,0.710,56.5,-24.5,0
sma200,2,5,60,2,5,48,724,-0.132,0.893,61.2,290,-0.306,0.710,56.5,-24.5,0
sma200,2,5,60,3,2,0,906,-0.236,0.787,42.9,366,-0.397,0.604,47.4,-30.7,0
sma200,2,5,60,3,2,24,906,-0.236,0.787,42.9,366,-0.397,0.604,47.4,-30.7,0
sma200,2,5,60,3,2,48,906,-0.236,0.787,42.9,366,-0.397,0.604,47.4,-30.7,0
sma200,2,5,60,3,3,0,807,-0.195,0.839,51.8,320,-0.350,0.669,53.1,-26.3,0
sma200,2,5,60,3,3,24,807,-0.195,0.839,51.8,320,-0.350,0.669,53.1,-26.3,0
sma200,2,5,60,3,3,48,807,-0.195,0.839,51.8,320,-0.350,0.669,53.1,-26.3,0
sma200,2,5,60,3,5,0,723,-0.124,0.903,60.0,290,-0.335,0.687,55.8,-25.3,0
sma200,2,5,60,3,5,24,723,-0.124,0.903,60.0,290,-0.335,0.687,55.8,-25.3,0
sma200,2,5,60,3,5,48,723,-0.124,0.903,60.0,290,-0.335,0.687,55.8,-25.3,0
sma200,2,5,70,0,2,0,906,-0.198,0.825,39.7,366,-0.488,0.578,42.1,-36.8,0
sma200,2,5,70,0,2,24,906,-0.198,0.825,39.7,366,-0.488,0.578,42.1,-36.8,0
sma200,2,5,70,0,2,48,906,-0.198,0.825,39.7,366,-0.488,0.578,42.1,-36.8,0
sma200,2,5,70,0,3,0,806,-0.185,0.854,49.9,318,-0.396,0.671,50.8,-31.1,0
sma200,2,5,70,0,3,24,806,-0.185,0.854,49.9,318,-0.396,0.671,50.8,-31.1,0
sma200,2,5,70,0,3,48,806,-0.185,0.854,49.9,318,-0.396,0.671,50.8,-31.1,0
sma200,2,5,70,0,5,0,715,-0.036,0.959,59.3,285,-0.488,0.639,53.7,-32.7,0
sma200,2,5,70,0,5,24,715,-0.036,0.959,59.3,285,-0.488,0.639,53.7,-32.7,0
sma200,2,5,70,0,5,48,715,-0.036,0.959,59.3,285,-0.488,0.639,53.7,-32.7,0
sma200,2,5,70,2,2,0,907,-0.244,0.793,42.3,366,-0.426,0.612,44.5,-33.9,0
sma200,2,5,70,2,2,24,907,-0.244,0.793,42.3,366,-0.426,0.612,44.5,-33.9,0
sma200,2,5,70,2,2,48,907,-0.244,0.793,42.3,366,-0.426,0.612,44.5,-33.9,0
sma200,2,5,70,2,3,0,807,-0.216,0.837,52.8,319,-0.330,0.712,53.0,-28.2,0
sma200,2,5,70,2,3,24,807,-0.216,0.837,52.8,319,-0.330,0.712,53.0,-28.2,0
sma200,2,5,70,2,3,48,807,-0.216,0.837,52.8,319,-0.330,0.712,53.0,-28.2,0
sma200,2,5,70,2,5,0,716,-0.122,0.910,62.3,286,-0.405,0.681,55.5,-28.8,0
sma200,2,5,70,2,5,24,716,-0.122,0.910,62.3,286,-0.405,0.681,55.5,-28.8,0
sma200,2,5,70,2,5,48,716,-0.122,0.910,62.3,286,-0.405,0.681,55.5,-28.8,0
sma200,2,5,70,3,2,0,906,-0.232,0.804,40.5,366,-0.507,0.558,42.6,-36.4,0
sma200,2,5,70,3,2,24,906,-0.232,0.804,40.5,366,-0.507,0.558,42.6,-36.4,0
sma200,2,5,70,3,2,48,906,-0.232,0.804,40.5,366,-0.507,0.558,42.6,-36.4,0
sma200,2,5,70,3,3,0,806,-0.210,0.842,51.0,319,-0.441,0.633,50.9,-31.6,0
sma200,2,5,70,3,3,24,806,-0.210,0.842,51.0,319,-0.441,0.633,50.9,-31.6,0
sma200,2,5,70,3,3,48,806,-0.210,0.842,51.0,319,-0.441,0.633,50.9,-31.6,0
sma200,2,5,70,3,5,0,715,-0.136,0.903,60.3,286,-0.508,0.616,54.2,-31.9,0
sma200,2,5,70,3,5,24,715,-0.136,0.903,60.3,286,-0.508,0.616,54.2,-31.9,0
sma200,2,5,70,3,5,48,715,-0.136,0.903,60.3,286,-0.508,0.616,54.2,-31.9,0
sma200,2,10,60,0,2,0,1915,-0.207,0.828,43.9,740,-0.325,0.655,49.4,-46.3,0
sma200,2,10,60,0,2,24,1915,-0.207,0.828,43.9,740,-0.325,0.655,49.4,-46.3,0
sma200,2,10,60,0,2,48,1915,-0.207,0.828,43.9,740,-0.325,0.655,49.4,-46.3,0
sma200,2,10,60,0,3,0,1691,-0.209,0.845,51.7,644,-0.289,0.700,55.7,-41.0,0
sma200,2,10,60,0,3,24,1691,-0.209,0.845,51.7,644,-0.289,0.700,55.7,-41.0,0
sma200,2,10,60,0,3,48,1691,-0.209,0.845,51.7,644,-0.289,0.700,55.7,-41.0,0
sma200,2,10,60,0,5,0,1493,-0.183,0.877,58.8,573,-0.277,0.726,59.5,-38.8,0
sma200,2,10,60,0,5,24,1493,-0.183,0.877,58.8,573,-0.277,0.726,59.5,-38.8,0
sma200,2,10,60,0,5,48,1493,-0.183,0.877,58.8,573,-0.277,0.726,59.5,-38.8,0
sma200,2,10,60,2,2,0,1917,-0.233,0.802,45.3,740,-0.341,0.636,49.8,-46.1,0
sma200,2,10,60,2,2,24,1917,-0.233,0.802,45.3,740,-0.341,0.636,49.8,-46.1,0
sma200,2,10,60,2,2,48,1917,-0.233,0.802,45.3,740,-0.341,0.636,49.8,-46.1,0
sma200,2,10,60,2,3,0,1693,-0.231,0.825,53.3,644,-0.304,0.681,56.2,-40.5,0
sma200,2,10,60,2,3,24,1693,-0.231,0.825,53.3,644,-0.304,0.681,56.2,-40.5,0
sma200,2,10,60,2,3,48,1693,-0.231,0.825,53.3,644,-0.304,0.681,56.2,-40.5,0
sma200,2,10,60,2,5,0,1498,-0.216,0.849,60.5,573,-0.290,0.705,59.9,-38.9,0
sma200,2,10,60,2,5,24,1498,-0.216,0.849,60.5,573,-0.290,0.705,59.9,-38.9,0
sma200,2,10,60,2,5,48,1498,-0.216,0.849,60.5,573,-0.290,0.705,59.9,-38.9,0
sma200,2,10,60,3,2,0,1915,-0.215,0.821,44.4,740,-0.352,0.627,49.4,-47.3,0
sma200,2,10,60,3,2,24,1915,-0.215,0.821,44.4,740,-0.352,0.627,49.4,-47.3,0
sma200,2,10,60,3,2,48,1915,-0.215,0.821,44.4,740,-0.352,0.627,49.4,-47.3,0
sma200,2,10,60,3,3,0,1691,-0.211,0.844,52.3,644,-0.321,0.668,55.7,-42.1,0
sma200,2,10,60,3,3,24,1691,-0.211,0.844,52.3,644,-0.321,0.668,55.7,-42.1,0
sma200,2,10,60,3,3,48,1691,-0.211,0.844,52.3,644,-0.321,0.668,55.7,-42.1,0
sma200,2,10,60,3,5,0,1494,-0.207,0.859,59.3,573,-0.296,0.703,59.7,-39.1,0
sma200,2,10,60,3,5,24,1494,-0.207,0.859,59.3,573,-0.296,0.703,59.7,-39.1,0
sma200,2,10,60,3,5,48,1494,-0.207,0.859,59.3,573,-0.296,0.703,59.7,-39.1,0
sma200,2,10,70,0,2,0,1903,-0.241,0.817,40.5,728,-0.400,0.622,46.2,-51.1,0
sma200,2,10,70,0,2,24,1903,-0.241,0.817,40.5,728,-0.400,0.622,46.2,-51.1,0
sma200,2,10,70,0,2,48,1903,-0.241,0.817,40.5,728,-0.400,0.622,46.2,-51.1,0
sma200,2,10,70,0,3,0,1673,-0.258,0.826,49.7,627,-0.389,0.657,53.5,-47.1,0
sma200,2,10,70,0,3,24,1673,-0.258,0.826,49.7,627,-0.389,0.657,53.5,-47.1,0
sma200,2,10,70,0,3,48,1673,-0.258,0.826,49.7,627,-0.389,0.657,53.5,-47.1,0
sma200,2,10,70,0,5,0,1455,-0.210,0.873,58.5,545,-0.413,0.655,58.1,-46.1,0
sma200,2,10,70,0,5,24,1455,-0.210,0.873,58.5,545,-0.413,0.655,58.1,-46.1,0
sma200,2,10,70,0,5,48,1455,-0.210,0.873,58.5,545,-0.413,0.655,58.1,-46.1,0
sma200,2,10,70,2,2,0,1910,-0.238,0.815,43.3,729,-0.335,0.664,48.4,-47.2,0
sma200,2,10,70,2,2,24,1910,-0.238,0.815,43.3,729,-0.335,0.664,48.4,-47.2,0
sma200,2,10,70,2,2,48,1910,-0.238,0.815,43.3,729,-0.335,0.664,48.4,-47.2,0
sma200,2,10,70,2,3,0,1679,-0.239,0.835,52.8,629,-0.325,0.694,55.4,-43.2,0
sma200,2,10,70,2,3,24,1679,-0.239,0.835,52.8,629,-0.325,0.694,55.4,-43.2,0
sma200,2,10,70,2,3,48,1679,-0.239,0.835,52.8,629,-0.325,0.694,55.4,-43.2,0
sma200,2,10,70,2,5,0,1466,-0.223,0.859,61.6,549,-0.335,0.698,59.8,-42.3,0
sma200,2,10,70,2,5,24,1466,-0.223,0.859,61.6,549,-0.335,0.698,59.8,-42.3,0
sma200,2,10,70,2,5,48,1466,-0.223,0.859,61.6,549,-0.335,0.698,59.8,-42.3,0
sma200,2,10,70,3,2,0,1905,-0.221,0.832,41.8,728,-0.388,0.626,46.9,-50.9,0
sma200,2,10,70,3,2,24,1905,-0.221,0.832,41.8,728,-0.388,0.626,46.9,-50.9,0
sma200,2,10,70,3,2,48,1905,-0.221,0.832,41.8,728,-0.388,0.626,46.9,-50.9,0
sma200,2,10,70,3,3,0,1674,-0.230,0.845,51.2,628,-0.388,0.650,53.9,-47.8,0
sma200,2,10,70,3,3,24,1674,-0.230,0.845,51.2,628,-0.388,0.650,53.9,-47.8,0
sma200,2,10,70,3,3,48,1674,-0.230,0.845,51.2,628,-0.388,0.650,53.9,-47.8,0
sma200,2,10,70,3,5,0,1461,-0.232,0.859,59.9,547,-0.392,0.661,58.6,-45.7,0
sma200,2,10,70,3,5,24,1461,-0.232,0.859,59.9,547,-0.392,0.661,58.6,-45.7,0
sma200,2,10,70,3,5,48,1461,-0.232,0.859,59.9,547,-0.392,0.661,58.6,-45.7,0
sma200,2,15,60,0,2,0,2834,-0.181,0.848,45.1,1070,-0.311,0.670,50.2,-56.1,0
sma200,2,15,60,0,2,24,2834,-0.181,0.848,45.1,1070,-0.311,0.670,50.2,-56.1,0
sma200,2,15,60,0,2,48,2834,-0.181,0.848,45.1,1070,-0.311,0.670,50.2,-56.1,0
sma200,2,15,60,0,3,0,2474,-0.167,0.877,53.0,926,-0.304,0.696,55.6,-52.1,0
sma200,2,15,60,0,3,24,2474,-0.167,0.877,53.0,926,-0.304,0.696,55.6,-52.1,0
sma200,2,15,60,0,3,48,2474,-0.167,0.877,53.0,926,-0.304,0.696,55.6,-52.1,0
sma200,2,15,60,0,5,0,2135,-0.150,0.897,59.4,815,-0.280,0.724,59.7,-48.3,0
sma200,2,15,60,0,5,24,2135,-0.150,0.897,59.4,815,-0.280,0.724,59.7,-48.3,0
sma200,2,15,60,0,5,48,2135,-0.150,0.897,59.4,815,-0.280,0.724,59.7,-48.3,0
sma200,2,15,60,2,2,0,2842,-0.205,0.825,46.2,1070,-0.324,0.652,50.6,-55.7,0
sma200,2,15,60,2,2,24,2842,-0.205,0.825,46.2,1070,-0.324,0.652,50.6,-55.7,0
sma200,2,15,60,2,2,48,2842,-0.205,0.825,46.2,1070,-0.324,0.652,50.6,-55.7,0
sma200,2,15,60,2,3,0,2482,-0.198,0.851,54.3,927,-0.314,0.681,56.1,-51.2,0
sma200,2,15,60,2,3,24,2482,-0.198,0.851,54.3,927,-0.314,0.681,56.1,-51.2,0
sma200,2,15,60,2,3,48,2482,-0.198,0.851,54.3,927,-0.314,0.681,56.1,-51.2,0
sma200,2,15,60,2,5,0,2149,-0.179,0.873,60.9,816,-0.293,0.704,60.0,-47.6,0
sma200,2,15,60,2,5,24,2149,-0.179,0.873,60.9,816,-0.293,0.704,60.0,-47.6,0
sma200,2,15,60,2,5,48,2149,-0.179,0.873,60.9,816,-0.293,0.704,60.0,-47.6,0
sma200,2,15,60,3,2,0,2835,-0.190,0.840,45.5,1070,-0.330,0.647,50.4,-56.5,0
sma200,2,15,60,3,2,24,2835,-0.190,0.840,45.5,1070,-0.330,0.647,50.4,-56.5,0
sma200,2,15,60,3,2,48,2835,-0.190,0.840,45.5,1070,-0.330,0.647,50.4,-56.5,0
sma200,2,15,60,3,3,0,2477,-0.181,0.867,53.5,926,-0.325,0.672,55.7,-52.4,0
sma200,2,15,60,3,3,24,2477,-0.181,0.867,53.5,926,-0.325,0.672,55.7,-52.4,0
sma200,2,15,60,3,3,48,2477,-0.181,0.867,53.5,926,-0.325,0.672,55.7,-52.4,0
sma200,2,15,60,3,5,0,2140,-0.168,0.884,59.9,816,-0.295,0.704,59.9,-48.1,0
sma200,2,15,60,3,5,24,2140,-0.168,0.884,59.9,816,-0.295,0.704,59.9,-48.1,0
sma200,2,15,60,3,5,48,2140,-0.168,0.884,59.9,816,-0.295,0.704,59.9,-48.1,0
sma200,2,15,70,0,2,0,2786,-0.208,0.843,41.3,1044,-0.370,0.648,46.9,-60.4,0
sma200,2,15,70,0,2,24,2786,-0.208,0.843,41.3,1044,-0.370,0.648,46.9,-60.4,0
sma200,2,15,70,0,2,48,2786,-0.208,0.843,41.3,1044,-0.370,0.648,46.9,-60.4,0
sma200,2,15,70,0,3,0,2411,-0.211,0.863,50.3,889,-0.337,0.698,54.7,-54.2,0
sma200,2,15,70,0,3,24,2411,-0.211,0.863,50.3,889,-0.337,0.698,54.7,-54.2,0
sma200,2,15,70,0,3,48,2411,-0.211,0.863,50.3,889,-0.337,0.698,54.7,-54.2,0
sma200,2,15,70,0,5,0,2045,-0.185,0.891,58.2,770,-0.289,0.739,60.0,-49.5,0
sma200,2,15,70,0,5,24,2045,-0.185,0.891,58.2,770,-0.289,0.739,60.0,-49.5,0
sma200,2,15,70,0,5,48,2045,-0.185,0.891,58.2,770,-0.289,0.739,60.0,-49.5,0
sma200,2,15,70,2,2,0,2804,-0.213,0.834,44.0,1047,-0.319,0.683,48.7,-56.5,0
sma200,2,15,70,2,2,24,2804,-0.213,0.834,44.0,1047,-0.319,0.683,48.7,-56.5,0
sma200,2,15,70,2,2,48,2804,-0.213,0.834,44.0,1047,-0.319,0.683,48.7,-56.5,0
sma200,2,15,70,2,3,0,2434,-0.200,0.864,53.5,895,-0.290,0.727,56.2,-49.8,0
sma200,2,15,70,2,3,24,2434,-0.200,0.864,53.5,895,-0.290,0.727,56.2,-49.8,0
sma200,2,15,70,2,3,48,2434,-0.200,0.864,53.5,895,-0.290,0.727,56.2,-49.8,0
sma200,2,15,70,2,5,0,2075,-0.186,0.882,61.5,777,-0.260,0.752,60.9,-46.2,0
sma200,2,15,70,2,5,24,2075,-0.186,0.882,61.5,777,-0.260,0.752,60.9,-46.2,0
sma200,2,15,70,2,5,48,2075,-0.186,0.882,61.5,777,-0.260,0.752,60.9,-46.2,0
sma200,2,15,70,3,2,0,2792,-0.190,0.856,42.6,1045,-0.359,0.653,47.5,-59.5,0
sma200,2,15,70,3,2,24,2792,-0.190,0.856,42.6,1045,-0.359,0.653,47.5,-59.5,0
sma200,2,15,70,3,2,48,2792,-0.190,0.856,42.6,1045,-0.359,0.653,47.5,-59.5,0
sma200,2,15,70,3,3,0,2421,-0.190,0.875,51.8,891,-0.331,0.695,55.1,-53.6,0
sma200,2,15,70,3,3,24,2421,-0.190,0.875,51.8,891,-0.331,0.695,55.1,-53.6,0
sma200,2,15,70,3,3,48,2421,-0.190,0.875,51.8,891,-0.331,0.695,55.1,-53.6,0
sma200,2,15,70,3,5,0,2061,-0.178,0.892,59.9,775,-0.287,0.732,60.4,-48.9,0
sma200,2,15,70,3,5,24,2061,-0.178,0.892,59.9,775,-0.287,0.732,60.4,-48.9,0
sma200,2,15,70,3,5,48,2061,-0.178,0.892,59.9,775,-0.287,0.732,60.4,-48.9,0
sma200,3,5,60,0,2,0,166,0.765,1.279,43.2,65,-0.344,0.727,37.3,-12.9,2
sma200,3,5,60,0,2,24,166,0.765,1.279,43.2,65,-0.344,0.727,37.3,-12.9,2
sma200,3,5,60,0,2,48,166,0.765,1.279,43.2,65,-0.344,0.727,37.3,-12.9,2
sma200,3,5,60,0,3,0,153,0.536,1.109,49.2,58,-0.534,0.678,43.2,-14.3,1
sma200,3,5,60,0,3,24,153,0.536,1.109,49.2,58,-0.567,0.663,43.2,-14.3,1
sma200,3,5,60,0,3,48,153,0.536,1.109,49.2,58,-0.534,0.678,43.2,-14.3,1
sma200,3,5,60,0,5,0,141,0.800,1.222,58.7,55,-0.800,0.613,49.2,-17.7,1
sma200,3,5,60,0,5,24,141,0.800,1.222,58.7,55,-0.839,0.601,49.2,-17.7,1
sma200,3,5,60,0,5,48,141,0.800,1.222,58.7,55,-0.800,0.613,49.2,-17.7,1
sma200,3,5,60,2,2,0,166,0.309,1.040,44.7,65,-0.307,0.737,43.0,-11.6,1
sma200,3,5,60,2,2,24,166,0.309,1.040,44.7,65,-0.307,0.737,43.0,-11.6,1
sma200,3,5,60,2,2,48,166,0.309,1.040,44.7,65,-0.307,0.737,43.0,-11.6,1
sma200,3,5,60,2,3,0,153,0.096,0.899,50.3,58,-0.561,0.644,48.0,-13.5,1
sma200,3,5,60,2,3,24,153,0.096,0.899,50.3,58,-0.561,0.644,48.0,-13.5,1
sma200,3,5,60,2,3,48,153,0.096,0.899,50.3,58,-0.561,0.644,48.0,-13.5,1
sma200,3,5,60,2,5,0,141,0.284,0.985,61.1,55,-0.751,0.612,54.3,-16.4,1
sma200,3,5,60,2,5,24,141,0.284,0.985,61.1,55,-0.751,0.612,54.3,-16.4,1
sma200,3,5,60,2,5,48,141,0.284,0.985,61.1,55,-0.751,0.612,54.3,-16.4,1
sma200,3,5,60,3,2,0,166,0.572,1.188,44.3,65,-0.472,0.623,38.7,-12.1,1
sma200,3,5,60,3,2,24,166,0.572,1.188,44.3,65,-0.472,0.623,38.7,-12.1,1
sma200,3,5,60,3,2,48,166,0.572,1.188,44.3,65,-0.472,0.623,38.7,-12.1,1
sma200,3,5,60,3,3,0,153,0.343,1.008,49.9,58,-0.727,0.555,43.2,-14.3,0
sma200,3,5,60,3,3,24,153,0.343,1.008,49.9,58,-0.760,0.543,43.2,-14.3,0
sma200,3,5,60,3,3,48,153,0.343,1.008,49.9,58,-0.727,0.555,43.2,-14.3,0
sma200,3,5,60,3,5,0,141,0.586,1.122,60.6,55,-1.011,0.503,49.2,-17.7,1
sma200,3,5,60,3,5,24,141,0.586,1.122,60.6,55,-1.051,0.493,49.2,-17.7,1
sma200,3,5,60,3,5,48,141,0.586,1.122,60.6,55,-1.011,0.503,49.2,-17.7,1
sma200,3,5,70,0,2,0,166,1.077,1.423,39.0,65,-0.177,0.856,34.3,-13.6,3
sma200,3,5,70,0,2,24,166,1.077,1.423,39.0,65,-0.177,0.856,34.3,-13.6,3
sma200,3,5,70,0,2,48,166,1.077,1.423,39.0,65,-0.177,0.856,34.3,-13.6,3
sma200,3,5,70,0,3,0,153,0.812,1.216,44.5,58,-0.323,0.807,41.8,-14.5,3
sma200,3,5,70,0,3,24,153,0.812,1.216,44.5,58,-0.356,0.790,41.8,-14.9,3
sma200,3,5,70,0,3,48,153,0.812,1.216,44.5,58,-0.323,0.807,41.8,-14.5,3
sma200,3,5,70,0,5,0,141,1.021,1.276,57.0,55,-0.834,0.641,45.7,-20.3,2
sma200,3,5,70,0,5,24,141,1.021,1.276,57.0,55,-0.838,0.641,45.7,-20.3,2
sma200,3,5,70,0,5,48,141,1.021,1.276,57.0,55,-0.834,0.641,45.7,-20.3,2
sma200,3,5,70,2,2,0,166,0.340,1.070,44.0,65,-0.354,0.714,40.1,-12.0,1
sma200,3,5,70,2,2,24,166,0.340,1.070,44.0,65,-0.354,0.714,40.1,-12.0,1
sma200,3,5,70,2,2,48,166,0.340,1.070,44.0,65,-0.354,0.714,40.1,-12.0,1
sma200,3,5,70,2,3,0,153,0.108,0.927,49.3,58,-0.610,0.624,46.6,-14.0,0
sma200,3,5,70,2,3,24,153,0.108,0.927,49.3,58,-0.610,0.624,46.6,-14.0,0
sma200,3,5,70,2,3,48,153,0.108,0.927,49.3,58,-0.610,0.624,46.6,-14.0,0
sma200,3,5,70,2,5,0,141,0.250,0.977,62.8,55,-0.924,0.565,52.5,-18.1,1
sma200,3,5,70,2,5,24,141,0.250,0.977,62.8,55,-0.889,0.576,52.5,-17.7,1
sma200,3,5,70,2,5,48,141,0.250,0.977,62.8,55,-0.924,0.565,52.5,-18.1,1
sma200,3,5,70,3,2,0,166,0.576,1.191,42.5,65,-0.523,0.607,35.8,-12.9,1
sma200,3,5,70,3,2,24,166,0.576,1.191,42.5,65,-0.523,0.607,35.8,-12.9,1
sma200,3,5,70,3,2,48,166,0.576,1.191,42.5,65,-0.523,0.607,35.8,-12.9,1
sma200,3,5,70,3,3,0,153,0.316,1.007,47.7,58,-0.779,0.541,41.8,-14.8,0
sma200,3,5,70,3,3,24,153,0.316,1.007,47.7,58,-0.813,0.530,41.8,-15.1,0
sma200,3,5,70,3,3,48,153,0.316,1.007,47.7,58,-0.779,0.541,41.8,-14.8,0
sma200,3,5,70,3,5,0,141,0.498,1.074,61.0,55,-1.176,0.476,47.3,-19.2,0
sma200,3,5,70,3,5,24,141,0.498,1.074,61.0,55,-1.181,0.476,47.3,-19.2,0
sma200,3,5,70,3,5,48,141,0.498,1.074,61.0,55,-1.176,0.476,47.3,-19.2,0
sma200,3,10,60,0,2,0,610,0.081,0.985,39.0,241,-0.615,0.523,36.3,-31.5,0
sma200,3,10,60,0,2,24,610,0.081,0.985,39.0,241,-0.615,0.523,36.3,-31.5,0
sma200,3,10,60,0,2,48,610,0.081,0.985,39.0,241,-0.615,0.523,36.3,-31.5,0
sma200,3,10,60,0,3,0,537,0.071,0.986,48.6,208,-0.589,0.577,46.7,-29.7,0
sma200,3,10,60,0,3,24,537,0.071,0.986,48.6,208,-0.589,0.577,46.7,-29.7,0
sma200,3,10,60,0,3,48,537,0.071,0.986,48.6,208,-0.589,0.577,46.7,-29.7,0
sma200,3,10,60,0,5,0,472,0.264,1.108,59.2,185,-0.796,0.540,51.0,-29.8,0
sma200,3,10,60,0,5,24,472,0.264,1.108,59.2,185,-0.809,0.537,51.0,-30.1,0
sma200,3,10,60,0,5,48,472,0.264,1.108,59.2,185,-0.796,0.540,51.0,-29.8,0
sma200,3,10,60,2,2,0,611,-0.120,0.857,41.6,241,-0.509,0.577,40.8,-28.1,0
sma200,3,10,60,2,2,24,611,-0.120,0.857,41.6,241,-0.509,0.577,40.8,-28.1,0
sma200,3,10,60,2,2,48,611,-0.120,0.857,41.6,241,-0.509,0.577,40.8,-28.1,0
sma200,3,10,60,2,3,0,538,-0.113,0.884,51.7,208,-0.486,0.628,50.6,-25.7,0
sma200,3,10,60,2,3,24,538,-0.113,0.884,51.7,208,-0.486,0.628,50.6,-25.7,0
sma200,3,10,60,2,3,48,538,-0.113,0.884,51.7,208,-0.486,0.628,50.6,-25.7,0
sma200,3,10,60,2,5,0,473,-0.010,0.957,61.8,186,-0.711,0.560,53.9,-27.2,0
sma200,3,10,60,2,5,24,473,-0.010,0.957,61.8,186,-0.724,0.556,53.9,-27.5,0
sma200,3,10,60,2,5,48,473,-0.010,0.957,61.8,186,-0.711,0.560,53.9,-27.2,0
sma200,3,10,60,3,2,0,611,-0.036,0.913,40.2,241,-0.628,0.503,37.7,-30.5,0
sma200,3,10,60,3,2,24,611,-0.036,0.913,40.2,241,-0.628,0.503,37.7,-30.5,0
sma200,3,10,60,3,2,48,611,-0.036,0.913,40.2,241,-0.628,0.503,37.7,-30.5,0
sma200,3,10,60,3,3,0,538,-0.035,0.928,49.8,208,-0.683,0.513,46.7,-29.7,0
sma200,3,10,60,3,3,24,538,-0.035,0.928,49.8,208,-0.683,0.513,46.7,-29.7,0
sma200,3,10,60,3,3,48,538,-0.035,0.928,49.8,208,-0.683,0.513,46.7,-29.7,0
sma200,3,10,60,3,5,0,473,0.065,0.998,60.2,185,-0.849,0.495,51.7,-29.8,0
sma200,3,10,60,3,5,24,473,0.065,0.998,60.2,185,-0.861,0.492,51.7,-30.1,0
sma200,3,10,60,3,5,48,473,0.065,0.998,60.2,185,-0.849,0.495,51.7,-29.8,0
sma200,3,10,70,0,2,0,609,0.107,0.989,34.4,241,-0.532,0.608,34.7,-32.1,0
sma200,3,10,70,0,2,24,609,0.107,0.989,34.4,241,-0.532,0.608,34.7,-32.1,0
sma200,3,10,70,0,2,48,609,0.107,0.989,34.4,241,-0.532,0.608,34.7,-32.1,0
sma200,3,10,70,0,3,0,536,0.128,1.006,44.3,208,-0.513,0.668,45.7,-30.9,0
sma200,3,10,70,0,3,24,536,0.128,1.006,44.3,208,-0.513,0.668,45.7,-30.9,0
sma200,3,10,70,0,3,48,536,0.128,1.006,44.3,208,-0.513,0.668,45.7,-30.9,0
sma200,3,10,70,0,5,0,471,0.235,1.074,55.6,182,-0.730,0.633,49.5,-33.6,0
sma200,3,10,70,0,5,24,471,0.245,1.081,55.7,182,-0.743,0.630,49.5,-33.9,0
sma200,3,10,70,0,5,48,471,0.235,1.074,55.6,182,-0.730,0.633,49.5,-33.6,0
sma200,3,10,70,2,2,0,611,-0.086,0.894,40.6,241,-0.527,0.583,39.1,-30.1,0
sma200,3,10,70,2,2,24,611,-0.086,0.894,40.6,241,-0.527,0.583,39.1,-30.1,0
sma200,3,10,70,2,2,48,611,-0.086,0.894,40.6,241,-0.527,0.583,39.1,-30.1,0
sma200,3,10,70,2,3,0,537,-0.078,0.916,50.9,208,-0.556,0.620,49.6,-29.0,0
sma200,3,10,70,2,3,24,537,-0.078,0.916,50.9,208,-0.556,0.620,49.6,-29.0,0
sma200,3,10,70,2,3,48,537,-0.078,0.916,50.9,208,-0.556,0.620,49.6,-29.0,0
sma200,3,10,70,2,5,0,472,0.002,0.974,62.2,183,-0.826,0.550,52.4,-32.5,0
sma200,3,10,70,2,5,24,472,0.002,0.974,62.2,183,-0.839,0.547,52.4,-32.8,0
sma200,3,10,70,2,5,48,472,0.002,0.974,62.2,183,-0.826,0.550,52.4,-32.5,0
sma200,3,10,70,3,2,0,610,-0.017,0.936,38.3,241,-0.617,0.539,36.0,-31.5,0
sma200,3,10,70,3,2,24,610,-0.017,0.936,38.3,241,-0.617,0.539,36.0,-31.5,0
sma200,3,10,70,3,2,48,610,-0.017,0.936,38.3,241,-0.617,0.539,36.0,-31.5,0
sma200,3,10,70,3,3,0,537,0.008,0.962,48.6,208,-0.726,0.538,45.7,-31.9,0
sma200,3,10,70,3,3,24,537,0.008,0.962,48.6,208,-0.726,0.538,45.7,-31.9,0
sma200,3,10,70,3,3,48,537,0.008,0.962,48.6,208,-0.726,0.538,45.7,-31.9,0
sma200,3,10,70,3,5,0,472,0.040,0.989,59.4,182,-0.917,0.524,50.2,-34.0,0
sma200,3,10,70,3,5,24,472,0.051,0.996,59.6,182,-0.929,0.521,50.2,-34.3,0
sma200,3,10,70,3,5,48,472,0.040,0.989,59.4,182,-0.917,0.524,50.2,-34.0,0
sma200,3,15,60,0,2,0,1236,-0.194,0.851,36.6,463,-0.400,0.652,44.1,-39.0,0
sma200,3,15,60,0,2,24,1236,-0.194,0.851,36.6,463,-0.400,0.652,44.1,-39.0,0
sma200,3,15,60,0,2,48,1236,-0.194,0.851,36.6,463,-0.400,0.652,44.1,-39.0,0
sma200,3,15,60,0,3,0,1074,-0.170,0.879,46.9,402,-0.402,0.685,51.4,-37.4,0
sma200,3,15,60,0,3,24,1074,-0.170,0.879,46.9,402,-0.402,0.685,51.4,-37.4,0
sma200,3,15,60,0,3,48,1074,-0.170,0.879,46.9,402,-0.402,0.685,51.4,-37.4,0
sma200,3,15,60,0,5,0,919,-0.077,0.943,56.8,347,-0.432,0.687,56.6,-37.0,0
sma200,3,15,60,0,5,24,919,-0.077,0.943,56.8,347,-0.427,0.689,56.6,-36.8,0
sma200,3,15,60,0,5,48,919,-0.077,0.943,56.8,347,-0.432,0.687,56.6,-37.0,0
sma200,3,15,60,2,2,0,1241,-0.244,0.811,40.3,464,-0.329,0.691,47.6,-34.2,0
sma200,3,15,60,2,2,24,1241,-0.244,0.811,40.3,464,-0.329,0.691,47.6,-34.2,0
sma200,3,15,60,2,2,48,1241,-0.244,0.811,40.3,464,-0.329,0.691,47.6,-34.2,0
sma200,3,15,60,2,3,0,1080,-0.193,0.865,51.5,402,-0.343,0.708,54.4,-34.6,0
sma200,3,15,60,2,3,24,1080,-0.193,0.865,51.5,402,-0.343,0.708,54.4,-34.6,0
sma200,3,15,60,2,3,48,1080,-0.193,0.865,51.5,402,-0.343,0.708,54.4,-34.6,0
sma200,3,15,60,2,5,0,926,-0.172,0.892,60.9,348,-0.353,0.720,59.1,-34.2,0
sma200,3,15,60,2,5,24,926,-0.172,0.892,60.9,348,-0.353,0.720,59.1,-34.2,0
sma200,3,15,60,2,5,48,926,-0.172,0.892,60.9,348,-0.353,0.720,59.1,-34.2,0
sma200,3,15,60,3,2,0,1238,-0.201,0.847,38.3,463,-0.416,0.634,44.8,-38.7,0
sma200,3,15,60,3,2,24,1238,-0.201,0.847,38.3,463,-0.416,0.634,44.8,-38.7,0
sma200,3,15,60,3,2,48,1238,-0.201,0.847,38.3,463,-0.416,0.634,44.8,-38.7,0
sma200,3,15,60,3,3,0,1076,-0.166,0.885,48.8,402,-0.461,0.637,51.4,-39.0,0
sma200,3,15,60,3,3,24,1076,-0.166,0.885,48.8,402,-0.461,0.637,51.4,-39.0,0
sma200,3,15,60,3,3,48,1076,-0.166,0.885,48.8,402,-0.461,0.637,51.4,-39.0,0
sma200,3,15,60,3,5,0,922,-0.139,0.911,58.6,347,-0.472,0.650,57.0,-37.4,0
sma200,3,15,60,3,5,24,922,-0.139,0.911,58.6,347,-0.467,0.653,57.0,-37.3,0
sma200,3,15,60,3,5,48,922,-0.139,0.911,58.6,347,-0.472,0.650,57.0,-37.4,0
sma200,3,15,70,0,2,0,1224,-0.159,0.879,32.5,457,-0.448,0.657,38.1,-44.0,0
sma200,3,15,70,0,2,24,1224,-0.159,0.879,32.5,457,-0.448,0.657,38.1,-44.0,0
sma200,3,15,70,0,2,48,1224,-0.159,0.879,32.5,457,-0.448,0.657,38.1,-44.0,0
sma200,3,15,70,0,3,0,1054,-0.100,0.924,43.1,392,-0.429,0.717,47.4,-41.3,0
sma200,3,15,70,0,3,24,1054,-0.101,0.924,43.0,392,-0.429,0.717,47.4,-41.3,0
sma200,3,15,70,0,3,48,1054,-0.100,0.924,43.1,392,-0.429,0.717,47.4,-41.3,0
sma200,3,15,70,0,5,0,895,-0.038,0.967,54.1,330,-0.572,0.670,52.1,-43.1,0
sma200,3,15,70,0,5,24,896,-0.036,0.968,54.0,330,-0.570,0.670,52.1,-43.1,0
sma200,3,15,70,0,5,48,895,-0.038,0.967,54.1,330,-0.572,0.670,52.1,-43.1,0
sma200,3,15,70,2,2,0,1236,-0.215,0.839,39.1,459,-0.388,0.672,42.6,-39.7,0
sma200,3,15,70,2,2,24,1236,-0.215,0.839,39.1,459,-0.388,0.672,42.6,-39.7,0
sma200,3,15,70,2,2,48,1236,-0.215,0.839,39.1,459,-0.388,0.672,42.6,-39.7,0
sma200,3,15,70,2,3,0,1070,-0.147,0.901,50.7,394,-0.442,0.675,51.0,-41.1,0
sma200,3,15,70,2,3,24,1070,-0.149,0.899,50.6,394,-0.442,0.675,51.0,-41.1,0
sma200,3,15,70,2,3,48,1070,-0.147,0.901,50.7,394,-0.442,0.675,51.0,-41.1,0
sma200,3,15,70,2,5,0,909,-0.189,0.893,60.9,332,-0.507,0.663,56.0,-41.4,0
sma200,3,15,70,2,5,24,909,-0.192,0.892,60.8,332,-0.510,0.662,56.0,-41.5,0
sma200,3,15,70,2,5,48,909,-0.189,0.893,60.9,332,-0.507,0.663,56.0,-41.4,0
sma200,3,15,70,3,2,0,1231,-0.177,0.871,36.0,458,-0.473,0.628,39.1,-43.5,0
sma200,3,15,70,3,2,24,1231,-0.177,0.871,36.0,458,-0.473,0.628,39.1,-43.5,0
sma200,3,15,70,3,2,48,1231,-0.177,0.871,36.0,458,-0.473,0.628,39.1,-43.5,0
sma200,3,15,70,3,3,0,1061,-0.122,0.918,47.1,393,-0.532,0.638,47.8,-43.5,0
sma200,3,15,70,3,3,24,1061,-0.123,0.917,47.0,393,-0.532,0.638,47.8,-43.5,0
sma200,3,15,70,3,3,48,1061,-0.122,0.918,47.1,393,-0.532,0.638,47.8,-43.5,0
sma200,3,15,70,3,5,0,901,-0.162,0.912,57.5,331,-0.648,0.607,52.9,-44.1,0
sma200,3,15,70,3,5,24,902,-0.159,0.913,57.4,331,-0.646,0.608,52.9,-44.0,0
sma200,3,15,70,3,5,48,901,-0.162,0.912,57.5,331,-0.648,0.607,52.9,-44.1,0
sma200,4,5,60,0,2,0,38,1.263,1.241,34.2,14,1.260,1.295,40.0,-3.9,3
sma200,4,5,60,0,2,24,38,1.263,1.241,34.2,14,1.260,1.295,40.0,-3.9,3
sma200,4,5,60,0,2,48,38,1.263,1.241,34.2,14,1.260,1.295,40.0,-3.9,3
sma200,4,5,60,0,3,0,34,-0.422,0.886,30.6,11,0.662,1.271,40.0,-3.8,3
sma200,4,5,60,0,3,24,34,-0.422,0.886,30.6,11,0.662,1.271,40.0,-3.8,3
sma200,4,5,60,0,3,48,34,-0.422,0.886,30.6,11,0.662,1.271,40.0,-3.8,3
sma200,4,5,60,0,5,0,31,2.466,0.985,64.3,10,0.220,1.031,43.3,-5.3,3
sma200,4,5,60,0,5,24,31,2.466,0.985,64.3,10,0.220,1.031,43.3,-5.3,3
sma200,4,5,60,0,5,48,31,2.466,0.985,64.3,10,0.220,1.031,43.3,-5.3,3
sma200,4,5,60,2,2,0,38,-0.203,0.732,34.2,14,-0.073,0.677,40.0,-3.9,3
sma200,4,5,60,2,2,24,38,-0.203,0.732,34.2,14,-0.073,0.677,40.0,-3.9,3
sma200,4,5,60,2,2,48,38,-0.203,0.732,34.2,14,-0.073,0.677,40.0,-3.9,3
sma200,4,5,60,2,3,0,34,-1.285,0.559,30.6,11,-0.672,0.665,40.0,-3.8,3
sma200,4,5,60,2,3,24,34,-1.285,0.559,30.6,11,-0.672,0.665,40.0,-3.8,3
sma200,4,5,60,2,3,48,34,-1.285,0.559,30.6,11,-0.672,0.665,40.0,-3.8,3
sma200,4,5,60,2,5,0,31,0.080,0.560,64.3,10,-1.170,0.525,43.3,-5.3,2
sma200,4,5,60,2,5,24,31,0.080,0.560,64.3,10,-1.170,0.525,43.3,-5.3,2
sma200,4,5,60,2,5,48,31,0.080,0.560,64.3,10,-1.170,0.525,43.3,-5.3,2
sma200,4,5,60,3,2,0,38,0.620,1.041,34.2,14,0.122,0.721,40.0,-3.9,3
sma200,4,5,60,3,2,24,38,0.620,1.041,34.2,14,0.122,0.721,40.0,-3.9,3
sma200,4,5,60,3,2,48,38,0.620,1.041,34.2,14,0.122,0.721,40.0,-3.9,3
sma200,4,5,60,3,3,0,34,-0.461,0.810,30.6,11,-0.477,0.708,40.0,-3.8,3
sma200,4,5,60,3,3,24,34,-0.461,0.810,30.6,11,-0.477,0.708,40.0,-3.8,3
sma200,4,5,60,3,3,48,34,-0.461,0.810,30.6,11,-0.477,0.708,40.0,-3.8,3
sma200,4,5,60,3,5,0,31,0.906,0.773,64.3,10,-0.975,0.561,43.3,-5.3,2
sma200,4,5,60,3,5,24,31,0.906,0.773,64.3,10,-0.975,0.561,43.3,-5.3,2
sma200,4,5,60,3,5,48,31,0.906,0.773,64.3,10,-0.975,0.561,43.3,-5.3,2
sma200,4,5,70,0,2,0,38,0.099,1.041,23.1,14,1.602,1.475,40.0,-3.9,3
sma200,4,5,70,0,2,24,38,0.099,1.041,23.1,14,1.602,1.475,40.0,-3.9,3
sma200,4,5,70,0,2,48,38,0.099,1.041,23.1,14,1.602,1.475,40.0,-3.9,3
sma200,4,5,70,0,3,0,34,-0.286,0.904,29.4,11,1.003,1.449,40.0,-3.8,3
sma200,4,5,70,0,3,24,34,-0.286,0.904,29.4,11,1.003,1.449,40.0,-3.8,3
sma200,4,5,70,0,3,48,34,-0.286,0.904,29.4,11,1.003,1.449,40.0,-3.8,3
sma200,4,5,70,0,5,0,31,-0.725,0.800,37.7,10,0.781,1.249,53.3,-5.1,3
sma200,4,5,70,0,5,24,31,-0.785,0.773,36.4,10,0.781,1.249,53.3,-5.1,3
sma200,4,5,70,0,5,48,31,-0.725,0.800,37.7,10,0.781,1.249,53.3,-5.1,3
sma200,4,5,70,2,2,0,38,-0.157,0.768,34.2,14,-0.073,0.677,40.0,-3.9,3
sma200,4,5,70,2,2,24,38,-0.157,0.768,34.2,14,-0.073,0.677,40.0,-3.9,3
sma200,4,5,70,2,2,48,38,-0.157,0.768,34.2,14,-0.073,0.677,40.0,-3.9,3
sma200,4,5,70,2,3,0,34,-1.233,0.588,30.6,11,-0.672,0.665,40.0,-3.8,3
sma200,4,5,70,2,3,24,34,-1.233,0.588,30.6,11,-0.672,0.665,40.0,-3.8,3
sma200,4,5,70,2,3,48,34,-1.233,0.588,30.6,11,-0.672,0.665,40.0,-3.8,3
sma200,4,5,70,2,5,0,31,0.139,0.585,64.3,10,-1.000,0.575,53.3,-5.1,2
sma200,4,5,70,2,5,24,31,0.139,0.585,64.3,10,-1.000,0.575,53.3,-5.1,2
sma200,4,5,70,2,5,48,31,0.139,0.585,64.3,10,-1.000,0.575,53.3,-5.1,2
sma200,4,5,70,3,2,0,38,0.666,1.077,34.2,14,0.183,0.777,40.0,-3.9,3
sma200,4,5,70,3,2,24,38,0.666,1.077,34.2,14,0.183,0.777,40.0,-3.9,3
sma200,4,5,70,3,2,48,38,0.666,1.077,34.2,14,0.183,0.777,40.0,-3.9,3
sma200,4,5,70,3,3,0,34,-0.393,0.844,30.6,11,-0.416,0.763,40.0,-3.8,3
sma200,4,5,70,3,3,24,34,-0.393,0.844,30.6,11,-0.416,0.763,40.0,-3.8,3
sma200,4,5,70,3,3,48,34,-0.393,0.844,30.6,11,-0.416,0.763,40.0,-3.8,3
sma200,4,5,70,3,5,0,31,0.484,0.730,57.7,10,-0.723,0.660,53.3,-5.1,2
sma200,4,5,70,3,5,24,31,0.439,0.712,57.7,10,-0.723,0.660,53.3,-5.1,2
sma200,4,5,70,3,5,48,31,0.484,0.730,57.7,10,-0.723,0.660,53.3,-5.1,2
sma200,4,10,60,0,2,0,211,0.869,1.265,40.6,83,0.052,0.968,39.7,-14.0,3
sma200,4,10,60,0,2,24,211,0.869,1.265,40.6,83,0.052,0.968,39.7,-14.0,3
sma200,4,10,60,0,2,48,211,0.869,1.265,40.6,83,0.052,0.968,39.7,-14.0,3
sma200,4,10,60,0,3,0,190,0.675,1.121,47.0,74,0.122,1.008,50.9,-13.8,3
sma200,4,10,60,0,3,24,190,0.675,1.121,47.0,74,0.122,1.008,50.9,-13.8,3
sma200,4,10,60,0,3,48,190,0.675,1.121,47.0,74,0.122,1.008,50.9,-13.8,3
sma200,4,10,60,0,5,0,170,0.970,1.267,58.8,66,-0.225,0.821,54.9,-18.0,2
sma200,4,10,60,0,5,24,170,0.970,1.267,58.8,66,-0.225,0.821,54.9,-18.0,2
sma200,4,10,60,0,5,48,170,0.970,1.267,58.8,66,-0.225,0.821,54.9,-18.0,2
sma200,4,10,60,2,2,0,211,0.293,1.003,45.1,83,-0.122,0.851,45.8,-13.0,1
sma200,4,10,60,2,2,24,211,0.293,1.003,45.1,83,-0.122,0.851,45.8,-13.0,1
sma200,4,10,60,2,2,48,211,0.293,1.003,45.1,83,-0.122,0.851,45.8,-13.0,1
sma200,4,10,60,2,3,0,190,0.166,0.925,52.1,74,-0.050,0.942,57.3,-12.0,1
sma200,4,10,60,2,3,24,190,0.166,0.925,52.1,74,-0.050,0.942,57.3,-12.0,1
sma200,4,10,60,2,3,48,190,0.166,0.925,52.1,74,-0.050,0.942,57.3,-12.0,1
sma200,4,10,60,2,5,0,170,0.182,0.947,62.5,66,-0.255,0.829,62.2,-15.7,1
sma200,4,10,60,2,5,24,170,0.182,0.947,62.5,66,-0.255,0.829,62.2,-15.7,1
sma200,4,10,60,2,5,48,170,0.182,0.947,62.5,66,-0.255,0.829,62.2,-15.7,1
sma200,4,10,60,3,2,0,211,0.507,1.096,43.5,83,-0.235,0.756,41.2,-13.8,2
sma200,4,10,60,3,2,24,211,0.507,1.096,43.5,83,-0.235,0.756,41.2,-13.8,2
sma200,4,10,60,3,2,48,211,0.507,1.096,43.5,83,-0.235,0.756,41.2,-13.8,2
sma200,4,10,60,3,3,0,190,0.330,0.957,49.3,74,-0.274,0.771,50.9,-13.9,1
sma200,4,10,60,3,3,24,190,0.330,0.957,49.3,74,-0.274,0.771,50.9,-13.9,1
sma200,4,10,60,3,3,48,190,0.330,0.957,49.3,74,-0.274,0.771,50.9,-13.9,1
sma200,4,10,60,3,5,0,170,0.514,1.090,61.2,66,-0.676,0.624,54.9,-18.0,0
sma200,4,10,60,3,5,24,170,0.514,1.090,61.2,66,-0.676,0.624,54.9,-18.0,0
sma200,4,10,60,3,5,48,170,0.514,1.090,61.2,66,-0.676,0.624,54.9,-18.0,0
sma200,4,10,70,0,2,0,211,0.952,1.324,34.6,83,0.177,1.025,36.7,-14.1,3
sma200,4,10,70,0,2,24,211,0.960,1.330,34.6,83,0.177,1.025,36.7,-14.1,3
sma200,4,10,70,0,2,48,211,0.952,1.324,34.6,83,0.177,1.025,36.7,-14.1,3
sma200,4,10,70,0,3,0,190,0.775,1.161,40.6,74,0.197,0.990,45.6,-16.3,3
sma200,4,10,70,0,3,24,190,0.789,1.169,40.6,74,0.197,0.990,45.6,-16.3,3
sma200,4,10,70,0,3,48,190,0.775,1.161,40.6,74,0.197,0.990,45.6,-16.3,3
sma200,4,10,70,0,5,0,169,0.843,1.220,53.4,66,-0.265,0.774,50.1,-21.1,2
sma200,4,10,70,0,5,24,169,0.910,1.261,53.4,66,-0.275,0.770,50.1,-21.3,2
sma200,4,10,70,0,5,48,169,0.843,1.220,53.4,66,-0.265,0.774,50.1,-21.1,2
sma200,4,10,70,2,2,0,211,0.336,1.041,45.5,83,-0.124,0.856,43.7,-13.3,1
sma200,4,10,70,2,2,24,211,0.336,1.041,45.5,83,-0.124,0.856,43.7,-13.3,1
sma200,4,10,70,2,2,48,211,0.336,1.041,45.5,83,-0.124,0.856,43.7,-13.3,1
sma200,4,10,70,2,3,0,190,0.248,0.987,52.9,74,-0.088,0.906,54.2,-13.6,2
sma200,4,10,70,2,3,24,190,0.248,0.987,52.9,74,-0.088,0.906,54.2,-13.6,2
sma200,4,10,70,2,3,48,190,0.248,0.987,52.9,74,-0.088,0.906,54.2,-13.6,2
sma200,4,10,70,2,5,0,170,0.302,1.024,65.6,66,-0.243,0.834,61.2,-16.3,2
sma200,4,10,70,2,5,24,170,0.288,1.014,65.1,66,-0.231,0.842,61.2,-16.3,2
sma200,4,10,70,2,5,48,170,0.302,1.024,65.6,66,-0.243,0.834,61.2,-16.3,2
sma200,4,10,70,3,2,0,211,0.525,1.135,41.9,83,-0.124,0.826,39.1,-13.9,2
sma200,4,10,70,3,2,24,211,0.525,1.135,41.9,83,-0.124,0.826,39.1,-13.9,2
sma200,4,10,70,3,2,48,211,0.525,1.135,41.9,83,-0.124,0.826,39.1,-13.9,2
sma200,4,10,70,3,3,0,190,0.319,0.997,47.0,74,-0.227,0.779,46.7,-15.8,2
sma200,4,10,70,3,3,24,190,0.319,0.997,47.0,74,-0.227,0.779,46.7,-15.8,2
sma200,4,10,70,3,3,48,190,0.319,0.997,47.0,74,-0.227,0.779,46.7,-15.8,2
sma200,4,10,70,3,5,0,170,0.456,1.097,60.6,66,-0.613,0.649,52.8,-19.3,2
sma200,4,10,70,3,5,24,170,0.467,1.107,60.6,66,-0.600,0.653,52.8,-19.3,2
sma200,4,10,70,3,5,48,170,0.456,1.097,60.6,66,-0.613,0.649,52.8,-19.3,2
sma200,4,15,60,0,2,0,583,-0.031,0.911,33.0,214,-0.411,0.682,36.7,-26.5,1
sma200,4,15,60,0,2,24,583,-0.031,0.911,33.0,214,-0.411,0.682,36.7,-26.5,1
sma200,4,15,60,0,2,48,583,-0.031,0.911,33.0,214,-0.411,0.682,36.7,-26.5,1
sma200,4,15,60,0,3,0,500,-0.020,0.937,42.9,185,-0.439,0.726,47.9,-25.5,1
sma200,4,15,60,0,3,24,500,-0.020,0.937,42.9,185,-0.439,0.726,47.9,-25.5,1
sma200,4,15,60,0,3,48,500,-0.020,0.937,42.9,185,-0.439,0.726,47.9,-25.5,1
sma200,4,15,60,0,5,0,423,0.195,1.056,55.7,161,-0.690,0.650,53.5,-29.7,1
sma200,4,15,60,0,5,24,423,0.195,1.056,55.7,161,-0.722,0.640,53.5,-30.3,1
sma200,4,15,60,0,5,48,423,0.195,1.056,55.7,161,-0.690,0.650,53.5,-29.7,1
sma200,4,15,60,2,2,0,584,-0.242,0.789,38.0,214,-0.443,0.637,41.4,-25.2,0
sma200,4,15,60,2,2,24,584,-0.242,0.789,38.0,214,-0.443,0.637,41.4,-25.2,0
sma200,4,15,60,2,2,48,584,-0.242,0.789,38.0,214,-0.443,0.637,41.4,-25.2,0
sma200,4,15,60,2,3,0,501,-0.225,0.832,48.7,185,-0.434,0.706,53.3,-23.0,0
sma200,4,15,60,2,3,24,501,-0.225,0.832,48.7,185,-0.434,0.706,53.3,-23.0,0
sma200,4,15,60,2,3,48,501,-0.225,0.832,48.7,185,-0.434,0.706,53.3,-23.0,0
sma200,4,15,60,2,5,0,424,-0.129,0.898,60.7,161,-0.668,0.614,57.5,-27.5,0
sma200,4,15,60,2,5,24,424,-0.129,0.898,60.7,161,-0.700,0.604,57.5,-28.1,0
sma200,4,15,60,2,5,48,424,-0.129,0.898,60.7,161,-0.668,0.614,57.5,-27.5,0
sma200,4,15,60,3,2,0,583,-0.131,0.860,36.1,214,-0.526,0.602,37.7,-26.3,0
sma200,4,15,60,3,2,24,583,-0.131,0.860,36.1,214,-0.526,0.602,37.7,-26.3,0
sma200,4,15,60,3,2,48,583,-0.131,0.860,36.1,214,-0.526,0.602,37.7,-26.3,0
sma200,4,15,60,3,3,0,500,-0.123,0.891,46.4,185,-0.632,0.613,47.9,-26.8,0
sma200,4,15,60,3,3,24,500,-0.123,0.891,46.4,185,-0.632,0.613,47.9,-26.8,0
sma200,4,15,60,3,3,48,500,-0.123,0.891,46.4,185,-0.632,0.613,47.9,-26.8,0
sma200,4,15,60,3,5,0,423,-0.016,0.962,58.8,161,-0.812,0.576,54.2,-30.3,0
sma200,4,15,60,3,5,24,423,-0.016,0.962,58.8,161,-0.844,0.568,54.2,-30.9,0
sma200,4,15,60,3,5,48,423,-0.016,0.962,58.8,161,-0.812,0.576,54.2,-30.3,0
sma200,4,15,70,0,2,0,580,0.081,0.984,28.9,214,-0.460,0.674,30.0,-30.8,1
sma200,4,15,70,0,2,24,580,0.081,0.984,28.9,214,-0.460,0.674,30.0,-30.8,1
sma200,4,15,70,0,2,48,580,0.081,0.984,28.9,214,-0.460,0.674,30.0,-30.8,1
sma200,4,15,70,0,3,0,494,0.105,0.999,38.2,183,-0.482,0.738,40.9,-29.5,1
sma200,4,15,70,0,3,24,494,0.107,1.001,38.2,183,-0.484,0.738,40.9,-29.5,1
sma200,4,15,70,0,3,48,494,0.105,0.999,38.2,183,-0.482,0.738,40.9,-29.5,1
sma200,4,15,70,0,5,0,414,0.284,1.095,52.2,156,-0.974,0.592,48.1,-37.4,0
sma200,4,15,70,0,5,24,415,0.323,1.116,52.5,156,-0.977,0.593,48.1,-37.5,0
sma200,4,15,70,0,5,48,414,0.284,1.095,52.2,156,-0.974,0.592,48.1,-37.4,0
sma200,4,15,70,2,2,0,584,-0.208,0.815,37.6,214,-0.489,0.633,36.9,-27.0,0
sma200,4,15,70,2,2,24,584,-0.208,0.815,37.6,214,-0.489,0.633,36.9,-27.0,0
sma200,4,15,70,2,2,48,584,-0.208,0.815,37.6,214,-0.489,0.633,36.9,-27.0,0
sma200,4,15,70,2,3,0,499,-0.197,0.855,47.9,183,-0.518,0.680,48.0,-26.8,0
sma200,4,15,70,2,3,24,499,-0.198,0.854,47.9,183,-0.519,0.679,48.0,-26.8,0
sma200,4,15,70,2,3,48,499,-0.197,0.855,47.9,183,-0.518,0.680,48.0,-26.8,0
sma200,4,15,70,2,5,0,421,-0.086,0.929,61.8,158,-0.797,0.590,55.4,-31.5,0
sma200,4,15,70,2,5,24,421,-0.100,0.922,61.6,158,-0.811,0.588,55.4,-31.5,0
sma200,4,15,70,2,5,48,421,-0.086,0.929,61.8,158,-0.797,0.590,55.4,-31.5,0
sma200,4,15,70,3,2,0,583,-0.090,0.898,34.4,214,-0.562,0.602,32.4,-29.2,0
sma200,4,15,70,3,2,24,583,-0.090,0.898,34.4,214,-0.562,0.602,32.4,-29.2,0
sma200,4,15,70,3,2,48,583,-0.090,0.898,34.4,214,-0.562,0.602,32.4,-29.2,0
sma200,4,15,70,3,3,0,498,-0.114,0.911,43.8,183,-0.728,0.594,42.2,-30.9,0
sma200,4,15,70,3,3,24,498,-0.111,0.913,43.8,183,-0.730,0.594,42.2,-30.9,0
sma200,4,15,70,3,3,48,498,-0.114,0.911,43.8,183,-0.728,0.594,42.2,-30.9,0
sma200,4,15,70,3,5,0,420,0.010,0.983,58.1,158,-1.078,0.519,50.2,-36.6,0
sma200,4,15,70,3,5,24,420,0.004,0.980,57.9,158,-1.093,0.518,50.2,-36.6,0
sma200,4,15,70,3,5,48,420,0.010,0.983,58.1,158,-1.078,0.519,50.2,-36.6,0
r20,2,5,60,0,2,0,1229,-0.345,0.723,39.0,480,-0.358,0.653,47.8,-36.2,0
r20,2,5,60,0,2,24,1229,-0.345,0.723,39.0,480,-0.358,0.653,47.8,-36.2,0
r20,2,5,60,0,2,48,1229,-0.345,0.723,39.0,480,-0.358,0.653,47.8,-36.2,0
r20,2,5,60,0,3,0,1078,-0.391,0.734,47.0,406,-0.412,0.649,52.6,-35.2,0
r20,2,5,60,0,3,24,1078,-0.391,0.734,47.0,406,-0.412,0.649,52.6,-35.2,0
r20,2,5,60,0,3,48,1078,-0.391,0.734,47.0,406,-0.412,0.649,52.6,-35.2,0
r20,2,5,60,0,5,0,937,-0.377,0.776,54.5,355,-0.386,0.684,56.3,-32.3,0
r20,2,5,60,0,5,24,937,-0.377,0.776,54.5,355,-0.386,0.684,56.3,-32.3,0
r20,2,5,60,0,5,48,937,-0.377,0.776,54.5,355,-0.386,0.684,56.3,-32.3,0
r20,2,5,60,2,2,0,1229,-0.329,0.722,41.5,480,-0.379,0.630,48.2,-36.8,0
r20,2,5,60,2,2,24,1229,-0.329,0.722,41.5,480,-0.379,0.630,48.2,-36.8,0
r20,2,5,60,2,2,48,1229,-0.329,0.722,41.5,480,-0.379,0.630,48.2,-36.8,0
r20,2,5,60,2,3,0,1078,-0.366,0.737,49.6,407,-0.414,0.642,53.4,-34.4,0
r20,2,5,60,2,3,24,1078,-0.366,0.737,49.6,407,-0.414,0.642,53.4,-34.4,0
r20,2,5,60,2,3,48,1078,-0.366,0.737,49.6,407,-0.414,0.642,53.4,-34.4,0
r20,2,5,60,2,5,0,937,-0.373,0.761,56.9,356,-0.364,0.694,57.5,-30.6,1
r20,2,5,60,2,5,24,937,-0.373,0.761,56.9,356,-0.364,0.694,57.5,-30.6,1
r20,2,5,60,2,5,48,937,-0.373,0.761,56.9,356,-0.364,0.694,57.5,-30.6,1
r20,2,5,60,3,2,0,1229,-0.341,0.723,39.8,480,-0.393,0.619,47.8,-37.1,0
r20,2,5,60,3,2,24,1229,-0.341,0.723,39.8,480,-0.393,0.619,47.8,-37.1,0
r20,2,5,60,3,2,48,1229,-0.341,0.723,39.8,480,-0.393,0.619,47.8,-37.1,0
r20,2,5,60,3,3,0,1078,-0.373,0.742,48.0,407,-0.445,0.620,52.7,-35.5,0
r20,2,5,60,3,3,24,1078,-0.373,0.742,48.0,407,-0.445,0.620,52.7,-35.5,0
r20,2,5,60,3,3,48,1078,-0.373,0.742,48.0,407,-0.445,0.620,52.7,-35.5,0
r20,2,5,60,3,5,0,937,-0.385,0.765,55.3,356,-0.400,0.667,56.7,-31.6,0
r20,2,5,60,3,5,24,937,-0.385,0.765,55.3,356,-0.400,0.667,56.7,-31.6,0
r20,2,5,60,3,5,48,937,-0.385,0.765,55.3,356,-0.400,0.667,56.7,-31.6,0
r20,2,5,70,0,2,0,1228,-0.297,0.775,36.4,480,-0.429,0.627,42.9,-40.7,0
r20,2,5,70,0,2,24,1228,-0.297,0.775,36.4,480,-0.429,0.627,42.9,-40.7,0
r20,2,5,70,0,2,48,1228,-0.297,0.775,36.4,480,-0.429,0.627,42.9,-40.7,0
r20,2,5,70,0,3,0,1076,-0.342,0.786,45.7,405,-0.474,0.638,50.0,-39.4,0
r20,2,5,70,0,3,24,1076,-0.342,0.786,45.7,405,-0.474,0.638,50.0,-39.4,0
r20,2,5,70,0,3,48,1076,-0.342,0.786,45.7,405,-0.474,0.638,50.0,-39.4,0
r20,2,5,70,0,5,0,922,-0.283,0.845,54.4,353,-0.503,0.657,54.6,-38.5,0
r20,2,5,70,0,5,24,922,-0.283,0.845,54.4,353,-0.503,0.657,54.6,-38.5,0
r20,2,5,70,0,5,48,922,-0.283,0.845,54.4,353,-0.503,0.657,54.6,-38.5,0
r20,2,5,70,2,2,0,1228,-0.309,0.750,40.3,480,-0.384,0.648,45.2,-38.4,0
r20,2,5,70,2,2,24,1228,-0.309,0.750,40.3,480,-0.384,0.648,45.2,-38.4,0
r20,2,5,70,2,2,48,1228,-0.309,0.750,40.3,480,-0.384,0.648,45.2,-38.4,0
r20,2,5,70,2,3,0,1076,-0.346,0.765,50.0,406,-0.424,0.662,52.2,-37.0,0
r20,2,5,70,2,3,24,1076,-0.346,0.765,50.0,406,-0.424,0.662,52.2,-37.0,0
r20,2,5,70,2,3,48,1076,-0.346,0.765,50.0,406,-0.424,0.662,52.2,-37.0,0
r20,2,5,70,2,5,0,926,-0.338,0.796,58.5,354,-0.444,0.681,56.5,-34.7,0
r20,2,5,70,2,5,24,926,-0.338,0.796,58.5,354,-0.444,0.681,56.5,-34.7,0
r20,2,5,70,2,5,48,926,-0.338,0.796,58.5,354,-0.444,0.681,56.5,-34.7,0
r20,2,5,70,3,2,0,1228,-0.322,0.753,37.8,480,-0.450,0.607,43.2,-40.6,0
r20,2,5,70,3,2,24,1228,-0.322,0.753,37.8,480,-0.450,0.607,43.2,-40.6,0
r20,2,5,70,3,2,48,1228,-0.322,0.753,37.8,480,-0.450,0.607,43.2,-40.6,0
r20,2,5,70,3,3,0,1076,-0.358,0.769,47.4,406,-0.518,0.604,50.1,-40.0,0
r20,2,5,70,3,3,24,1076,-0.358,0.769,47.4,406,-0.518,0.604,50.1,-40.0,0
r20,2,5,70,3,3,48,1076,-0.358,0.769,47.4,406,-0.518,0.604,50.1,-40.0,0
r20,2,5,70,3,5,0,925,-0.361,0.794,55.9,354,-0.544,0.623,55.0,-38.7,0
r20,2,5,70,3,5,24,925,-0.361,0.794,55.9,354,-0.544,0.623,55.0,-38.7,0
r20,2,5,70,3,5,48,925,-0.361,0.794,55.9,354,-0.544,0.623,55.0,-38.7,0
r20,2,10,60,0,2,0,2336,-0.261,0.792,41.8,848,-0.303,0.693,48.8,-48.1,0
r20,2,10,60,0,2,24,2336,-0.261,0.792,41.8,848,-0.303,0.693,48.8,-48.1,0
r20,2,10,60,0,2,48,2336,-0.261,0.792,41.8,848,-0.303,0.693,48.8,-48.1,0
r20,2,10,60,0,3,0,2038,-0.297,0.797,49.7,720,-0.324,0.705,54.7,-46.0,0
r20,2,10,60,0,3,24,2038,-0.297,0.797,49.7,720,-0.324,0.705,54.7,-46.0,0
r20,2,10,60,0,3,48,2038,-0.297,0.797,49.7,720,-0.324,0.705,54.7,-46.0,0
r20,2,10,60,0,5,0,1747,-0.304,0.818,56.8,613,-0.266,0.758,59.4,-40.5,0
r20,2,10,60,0,5,24,1747,-0.304,0.818,56.8,613,-0.266,0.758,59.4,-40.5,0
r20,2,10,60,0,5,48,1747,-0.304,0.818,56.8,613,-0.266,0.758,59.4,-40.5,0
r20,2,10,60,2,2,0,2336,-0.269,0.777,43.9,848,-0.320,0.675,49.3,-48.2,0
r20,2,10,60,2,2,24,2336,-0.269,0.777,43.9,848,-0.320,0.675,49.3,-48.2,0
r20,2,10,60,2,2,48,2336,-0.269,0.777,43.9,848,-0.320,0.675,49.3,-48.2,0
r20,2,10,60,2,3,0,2039,-0.298,0.788,52.0,720,-0.339,0.688,55.2,-45.7,0
r20,2,10,60,2,3,24,2039,-0.298,0.788,52.0,720,-0.339,0.688,55.2,-45.7,0
r20,2,10,60,2,3,48,2039,-0.298,0.788,52.0,720,-0.339,0.688,55.2,-45.7,0
r20,2,10,60,2,5,0,1753,-0.336,0.787,58.7,614,-0.287,0.735,59.8,-40.7,0
r20,2,10,60,2,5,24,1753,-0.336,0.787,58.7,614,-0.287,0.735,59.8,-40.7,0
r20,2,10,60,2,5,48,1753,-0.336,0.787,58.7,614,-0.287,0.735,59.8,-40.7,0
r20,2,10,60,3,2,0,2336,-0.260,0.790,42.6,848,-0.331,0.666,48.8,-49.5,0
r20,2,10,60,3,2,24,2336,-0.260,0.790,42.6,848,-0.331,0.666,48.8,-49.5,0
r20,2,10,60,3,2,48,2336,-0.260,0.790,42.6,848,-0.331,0.666,48.8,-49.5,0
r20,2,10,60,3,3,0,2038,-0.285,0.802,50.7,720,-0.357,0.675,54.7,-47.3,0
r20,2,10,60,3,3,24,2038,-0.285,0.802,50.7,720,-0.357,0.675,54.7,-47.3,0
r20,2,10,60,3,3,48,2038,-0.285,0.802,50.7,720,-0.357,0.675,54.7,-47.3,0
r20,2,10,60,3,5,0,1748,-0.323,0.801,57.4,613,-0.290,0.733,59.5,-41.0,0
r20,2,10,60,3,5,24,1748,-0.323,0.801,57.4,613,-0.290,0.733,59.5,-41.0,0
r20,2,10,60,3,5,48,1748,-0.323,0.801,57.4,613,-0.290,0.733,59.5,-41.0,0
r20,2,10,70,0,2,0,2320,-0.257,0.812,38.5,835,-0.352,0.682,45.4,-51.9,0
r20,2,10,70,0,2,24,2320,-0.257,0.812,38.5,835,-0.352,0.682,45.4,-51.9,0
r20,2,10,70,0,2,48,2320,-0.257,0.812,38.5,835,-0.352,0.682,45.4,-51.9,0
r20,2,10,70,0,3,0,2015,-0.297,0.816,47.6,701,-0.400,0.686,52.3,-50.7,0
r20,2,10,70,0,3,24,2015,-0.297,0.816,47.6,701,-0.400,0.686,52.3,-50.7,0
r20,2,10,70,0,3,48,2015,-0.297,0.816,47.6,701,-0.400,0.686,52.3,-50.7,0
r20,2,10,70,0,5,0,1700,-0.273,0.853,56.3,583,-0.366,0.717,58.1,-46.1,0
r20,2,10,70,0,5,24,1700,-0.273,0.853,56.3,583,-0.366,0.717,58.1,-46.1,0
r20,2,10,70,0,5,48,1700,-0.273,0.853,56.3,583,-0.366,0.717,58.1,-46.1,0
r20,2,10,70,2,2,0,2325,-0.254,0.801,42.2,835,-0.316,0.698,47.3,-49.4,0
r20,2,10,70,2,2,24,2325,-0.254,0.801,42.2,835,-0.316,0.698,47.3,-49.4,0
r20,2,10,70,2,2,48,2325,-0.254,0.801,42.2,835,-0.316,0.698,47.3,-49.4,0
r20,2,10,70,2,3,0,2022,-0.279,0.813,51.7,702,-0.364,0.698,54.1,-48.7,0
r20,2,10,70,2,3,24,2022,-0.279,0.813,51.7,702,-0.364,0.698,54.1,-48.7,0
r20,2,10,70,2,3,48,2022,-0.279,0.813,51.7,702,-0.364,0.698,54.1,-48.7,0
r20,2,10,70,2,5,0,1717,-0.313,0.815,60.1,587,-0.323,0.731,59.6,-43.8,0
r20,2,10,70,2,5,24,1717,-0.313,0.815,60.1,587,-0.323,0.731,59.6,-43.8,0
r20,2,10,70,2,5,48,1717,-0.313,0.815,60.1,587,-0.323,0.731,59.6,-43.8,0
r20,2,10,70,3,2,0,2322,-0.245,0.815,40.2,835,-0.357,0.672,45.9,-52.7,0
r20,2,10,70,3,2,24,2322,-0.245,0.815,40.2,835,-0.357,0.672,45.9,-52.7,0
r20,2,10,70,3,2,48,2322,-0.245,0.815,40.2,835,-0.357,0.672,45.9,-52.7,0
r20,2,10,70,3,3,0,2017,-0.273,0.824,49.6,702,-0.416,0.665,52.7,-52.4,0
r20,2,10,70,3,3,24,2017,-0.273,0.824,49.6,702,-0.416,0.665,52.7,-52.4,0
r20,2,10,70,3,3,48,2017,-0.273,0.824,49.6,702,-0.416,0.665,52.7,-52.4,0
r20,2,10,70,3,5,0,1708,-0.314,0.822,58.0,585,-0.374,0.699,58.6,-47.1,0
r20,2,10,70,3,5,24,1708,-0.314,0.822,58.0,585,-0.374,0.699,58.6,-47.1,0
r20,2,10,70,3,5,48,1708,-0.314,0.822,58.0,585,-0.374,0.699,58.6,-47.1,0
r20,2,15,60,0,2,0,3275,-0.221,0.820,43.4,1171,-0.304,0.699,49.3,-58.1,0
r20,2,15,60,0,2,24,3275,-0.221,0.820,43.4,1171,-0.304,0.699,49.3,-58.1,0
r20,2,15,60,0,2,48,3275,-0.221,0.820,43.4,1171,-0.304,0.699,49.3,-58.1,0
r20,2,15,60,0,3,0,2822,-0.234,0.837,51.3,988,-0.335,0.709,54.1,-56.0,0
r20,2,15,60,0,3,24,2822,-0.234,0.837,51.3,988,-0.335,0.709,54.1,-56.0,0
r20,2,15,60,0,3,48,2822,-0.234,0.837,51.3,988,-0.335,0.709,54.1,-56.0,0
r20,2,15,60,0,5,0,2373,-0.242,0.849,58.1,840,-0.292,0.752,58.6,-50.6,0
r20,2,15,60,0,5,24,2373,-0.242,0.849,58.1,840,-0.292,0.752,58.6,-50.6,0
r20,2,15,60,0,5,48,2373,-0.242,0.849,58.1,840,-0.292,0.752,58.6,-50.6,0
r20,2,15,60,2,2,0,3281,-0.233,0.804,45.0,1171,-0.318,0.682,49.7,-57.9,0
r20,2,15,60,2,2,24,3281,-0.233,0.804,45.0,1171,-0.318,0.682,49.7,-57.9,0
r20,2,15,60,2,2,48,3281,-0.233,0.804,45.0,1171,-0.318,0.682,49.7,-57.9,0
r20,2,15,60,2,3,0,2833,-0.246,0.822,53.3,990,-0.347,0.694,54.6,-55.5,0
r20,2,15,60,2,3,24,2833,-0.246,0.822,53.3,990,-0.347,0.694,54.6,-55.5,0
r20,2,15,60,2,3,48,2833,-0.246,0.822,53.3,990,-0.347,0.694,54.6,-55.5,0
r20,2,15,60,2,5,0,2393,-0.257,0.830,60.0,842,-0.309,0.731,58.9,-50.2,0
r20,2,15,60,2,5,24,2393,-0.257,0.830,60.0,842,-0.309,0.731,58.9,-50.2,0
r20,2,15,60,2,5,48,2393,-0.257,0.830,60.0,842,-0.309,0.731,58.9,-50.2,0
r20,2,15,60,3,2,0,3276,-0.223,0.816,43.9,1171,-0.325,0.676,49.4,-58.8,0
r20,2,15,60,3,2,24,3276,-0.223,0.816,43.9,1171,-0.325,0.676,49.4,-58.8,0
r20,2,15,60,3,2,48,3276,-0.223,0.816,43.9,1171,-0.325,0.676,49.4,-58.8,0
r20,2,15,60,3,3,0,2825,-0.234,0.834,52.2,988,-0.358,0.686,54.2,-56.6,0
r20,2,15,60,3,3,24,2825,-0.234,0.834,52.2,988,-0.358,0.686,54.2,-56.6,0
r20,2,15,60,3,3,48,2825,-0.234,0.834,52.2,988,-0.358,0.686,54.2,-56.6,0
r20,2,15,60,3,5,0,2380,-0.247,0.841,58.9,841,-0.309,0.731,58.8,-50.6,0
r20,2,15,60,3,5,24,2380,-0.247,0.841,58.9,841,-0.309,0.731,58.8,-50.6,0
r20,2,15,60,3,5,48,2380,-0.247,0.841,58.9,841,-0.309,0.731,58.8,-50.6,0
r20,2,15,70,0,2,0,3224,-0.222,0.837,39.6,1145,-0.347,0.693,46.0,-61.5,0
r20,2,15,70,0,2,24,3224,-0.222,0.837,39.6,1145,-0.347,0.693,46.0,-61.5,0
r20,2,15,70,0,2,48,3224,-0.222,0.837,39.6,1145,-0.347,0.693,46.0,-61.5,0
r20,2,15,70,0,3,0,2752,-0.241,0.852,48.6,948,-0.381,0.707,52.9,-58.9,0
r20,2,15,70,0,3,24,2752,-0.241,0.852,48.6,948,-0.381,0.707,52.9,-58.9,0
r20,2,15,70,0,3,48,2752,-0.241,0.852,48.6,948,-0.381,0.707,52.9,-58.9,0
r20,2,15,70,0,5,0,2267,-0.238,0.872,56.6,785,-0.282,0.779,59.1,-49.6,0
r20,2,15,70,0,5,24,2267,-0.238,0.872,56.6,785,-0.282,0.779,59.1,-49.6,0
r20,2,15,70,0,5,48,2267,-0.238,0.872,56.6,785,-0.282,0.779,59.1,-49.6,0
r20,2,15,70,2,2,0,3242,-0.228,0.821,42.9,1147,-0.314,0.708,47.7,-58.6,0
r20,2,15,70,2,2,24,3242,-0.228,0.821,42.9,1147,-0.314,0.708,47.7,-58.6,0
r20,2,15,70,2,2,48,3242,-0.228,0.821,42.9,1147,-0.314,0.708,47.7,-58.6,0
r20,2,15,70,2,3,0,2784,-0.231,0.846,52.6,954,-0.353,0.715,54.4,-56.5,0
r20,2,15,70,2,3,24,2784,-0.231,0.846,52.6,954,-0.353,0.715,54.4,-56.5,0
r20,2,15,70,2,3,48,2784,-0.231,0.846,52.6,954,-0.353,0.715,54.4,-56.5,0
r20,2,15,70,2,5,0,2312,-0.244,0.853,60.5,794,-0.280,0.770,59.9,-48.3,0
r20,2,15,70,2,5,24,2312,-0.244,0.853,60.5,794,-0.280,0.770,59.9,-48.3,0
r20,2,15,70,2,5,48,2312,-0.244,0.853,60.5,794,-0.280,0.770,59.9,-48.3,0
r20,2,15,70,3,2,0,3230,-0.208,0.842,41.1,1146,-0.347,0.686,46.6,-61.3,0
r20,2,15,70,3,2,24,3230,-0.208,0.842,41.1,1146,-0.347,0.686,46.6,-61.3,0
r20,2,15,70,3,2,48,3230,-0.208,0.842,41.1,1146,-0.347,0.686,46.6,-61.3,0
r20,2,15,70,3,3,0,2765,-0.221,0.857,50.5,950,-0.387,0.692,53.4,-59.3,0
r20,2,15,70,3,3,24,2765,-0.221,0.857,50.5,950,-0.387,0.692,53.4,-59.3,0
r20,2,15,70,3,3,48,2765,-0.221,0.857,50.5,950,-0.387,0.692,53.4,-59.3,0
r20,2,15,70,3,5,0,2290,-0.235,0.864,58.6,790,-0.301,0.755,59.5,-50.5,0
r20,2,15,70,3,5,24,2290,-0.235,0.864,58.6,790,-0.301,0.755,59.5,-50.5,0
r20,2,15,70,3,5,48,2290,-0.235,0.864,58.6,790,-0.301,0.755,59.5,-50.5,0
r20,3,5,60,0,2,0,324,0.292,1.106,38.4,128,-0.066,0.922,44.2,-14.4,3
r20,3,5,60,0,2,24,324,0.292,1.106,38.4,128,-0.066,0.922,44.2,-14.4,3
r20,3,5,60,0,2,48,324,0.292,1.106,38.4,128,-0.066,0.922,44.2,-14.4,3
r20,3,5,60,0,3,0,289,0.148,1.024,46.6,110,-0.074,0.951,51.7,-13.9,2
r20,3,5,60,0,3,24,289,0.148,1.024,46.6,110,-0.095,0.938,51.7,-13.9,2
r20,3,5,60,0,3,48,289,0.148,1.024,46.6,110,-0.074,0.951,51.7,-13.9,2
r20,3,5,60,0,5,0,252,0.266,1.067,56.5,101,-0.057,0.968,57.3,-17.3,1
r20,3,5,60,0,5,24,252,0.266,1.067,56.5,101,-0.080,0.955,57.3,-17.3,1
r20,3,5,60,0,5,48,252,0.266,1.067,56.5,101,-0.057,0.968,57.3,-17.3,1
r20,3,5,60,2,2,0,324,0.171,1.018,44.8,128,-0.014,0.958,48.9,-13.2,2
r20,3,5,60,2,2,24,324,0.171,1.018,44.8,128,-0.014,0.958,48.9,-13.2,2
r20,3,5,60,2,2,48,324,0.171,1.018,44.8,128,-0.014,0.958,48.9,-13.2,2
r20,3,5,60,2,3,0,289,0.039,0.943,52.7,110,-0.105,0.925,55.1,-13.9,2
r20,3,5,60,2,3,24,289,0.039,0.943,52.7,110,-0.105,0.925,55.1,-13.9,2
r20,3,5,60,2,3,48,289,0.039,0.943,52.7,110,-0.105,0.925,55.1,-13.9,2
r20,3,5,60,2,5,0,252,0.191,1.022,62.9,101,0.019,1.007,62.4,-15.8,2
r20,3,5,60,2,5,24,252,0.191,1.022,62.9,101,0.019,1.007,62.4,-15.8,2
r20,3,5,60,2,5,48,252,0.191,1.022,62.9,101,0.019,1.007,62.4,-15.8,2
r20,3,5,60,3,2,0,324,0.270,1.082,41.9,128,-0.154,0.845,45.1,-14.5,2
r20,3,5,60,3,2,24,324,0.270,1.082,41.9,128,-0.154,0.845,45.1,-14.5,2
r20,3,5,60,3,2,48,324,0.270,1.082,41.9,128,-0.154,0.845,45.1,-14.5,2
r20,3,5,60,3,3,0,289,0.165,1.016,50.2,110,-0.208,0.851,51.7,-14.4,2
r20,3,5,60,3,3,24,289,0.165,1.016,50.2,110,-0.229,0.839,51.7,-14.4,2
r20,3,5,60,3,3,48,289,0.165,1.016,50.2,110,-0.208,0.851,51.7,-14.4,2
r20,3,5,60,3,5,0,252,0.375,1.112,61.1,101,-0.255,0.841,57.3,-17.7,1
r20,3,5,60,3,5,24,252,0.375,1.112,61.1,101,-0.278,0.829,57.3,-17.7,1
r20,3,5,60,3,5,48,252,0.375,1.112,61.1,101,-0.255,0.841,57.3,-17.7,1
r20,3,5,70,0,2,0,323,0.317,1.089,32.6,128,-0.069,0.937,38.4,-16.0,2
r20,3,5,70,0,2,24,323,0.317,1.089,32.6,128,-0.045,0.954,39.2,-15.5,2
r20,3,5,70,0,2,48,323,0.317,1.089,32.6,128,-0.069,0.937,38.4,-16.0,2
r20,3,5,70,0,3,0,289,0.124,0.989,40.8,110,-0.057,0.965,47.8,-14.8,2
r20,3,5,70,0,3,24,289,0.122,0.987,40.5,110,-0.068,0.959,48.8,-14.8,2
r20,3,5,70,0,3,48,289,0.124,0.989,40.8,110,-0.057,0.965,47.8,-14.8,2
r20,3,5,70,0,5,0,250,0.267,1.044,53.7,101,-0.171,0.909,54.1,-19.9,2
r20,3,5,70,0,5,24,250,0.254,1.036,53.4,101,-0.190,0.902,54.1,-19.8,2
r20,3,5,70,0,5,48,250,0.267,1.044,53.7,101,-0.171,0.909,54.1,-19.9,2
r20,3,5,70,2,2,0,324,0.155,1.008,43.0,128,-0.090,0.899,45.7,-14.0,1
r20,3,5,70,2,2,24,324,0.155,1.008,43.0,128,-0.090,0.899,45.7,-14.0,1
r20,3,5,70,2,2,48,324,0.155,1.008,43.0,128,-0.090,0.899,45.7,-14.0,1
r20,3,5,70,2,3,0,289,0.026,0.945,51.3,110,-0.239,0.833,53.1,-15.9,1
r20,3,5,70,2,3,24,289,0.022,0.941,51.0,110,-0.239,0.833,53.1,-15.9,1
r20,3,5,70,2,3,48,289,0.026,0.945,51.3,110,-0.239,0.833,53.1,-15.9,1
r20,3,5,70,2,5,0,252,0.122,0.982,62.8,101,-0.189,0.875,61.1,-18.6,1
r20,3,5,70,2,5,24,252,0.117,0.979,62.5,101,-0.184,0.878,61.1,-18.5,1
r20,3,5,70,2,5,48,252,0.122,0.982,62.8,101,-0.189,0.875,61.1,-18.6,1
r20,3,5,70,3,2,0,323,0.231,1.045,38.6,128,-0.285,0.774,39.2,-16.2,1
r20,3,5,70,3,2,24,323,0.231,1.045,38.6,128,-0.261,0.788,40.0,-15.7,1
r20,3,5,70,3,2,48,323,0.231,1.045,38.6,128,-0.285,0.774,39.2,-16.2,1
r20,3,5,70,3,3,0,289,0.095,0.974,47.0,110,-0.349,0.775,47.8,-15.9,1
r20,3,5,70,3,3,24,289,0.091,0.971,46.7,110,-0.360,0.770,48.8,-15.9,1
r20,3,5,70,3,3,48,289,0.095,0.974,47.0,110,-0.349,0.775,47.8,-15.9,1
r20,3,5,70,3,5,0,250,0.297,1.054,60.1,101,-0.465,0.758,54.9,-19.4,1
r20,3,5,70,3,5,24,250,0.293,1.051,59.8,101,-0.483,0.752,54.9,-19.3,1
r20,3,5,70,3,5,48,250,0.297,1.054,60.1,101,-0.465,0.758,54.9,-19.4,1
r20,3,10,60,0,2,0,939,-0.066,0.932,35.4,360,-0.458,0.639,38.7,-33.7,0
r20,3,10,60,0,2,24,939,-0.066,0.932,35.4,360,-0.458,0.639,38.7,-33.7,0
r20,3,10,60,0,2,48,939,-0.066,0.932,35.4,360,-0.458,0.639,38.7,-33.7,0
r20,3,10,60,0,3,0,815,-0.108,0.926,44.7,302,-0.535,0.642,47.7,-33.0,0
r20,3,10,60,0,3,24,815,-0.108,0.926,44.7,302,-0.535,0.642,47.7,-33.0,0
r20,3,10,60,0,3,48,815,-0.108,0.926,44.7,302,-0.535,0.642,47.7,-33.0,0
r20,3,10,60,0,5,0,690,-0.104,0.942,53.6,256,-0.647,0.646,54.1,-35.3,1
r20,3,10,60,0,5,24,690,-0.104,0.942,53.6,256,-0.654,0.644,54.1,-35.5,1
r20,3,10,60,0,5,48,690,-0.104,0.942,53.6,256,-0.647,0.646,54.1,-35.3,1
r20,3,10,60,2,2,0,940,-0.176,0.840,40.2,361,-0.368,0.681,43.1,-30.0,0
r20,3,10,60,2,2,24,940,-0.176,0.840,40.2,361,-0.368,0.681,43.1,-30.0,0
r20,3,10,60,2,2,48,940,-0.176,0.840,40.2,361,-0.368,0.681,43.1,-30.0,0
r20,3,10,60,2,3,0,816,-0.205,0.852,50.0,304,-0.461,0.668,51.5,-30.3,0
r20,3,10,60,2,3,24,816,-0.205,0.852,50.0,304,-0.461,0.668,51.5,-30.3,0
r20,3,10,60,2,3,48,816,-0.205,0.852,50.0,304,-0.461,0.668,51.5,-30.3,0
r20,3,10,60,2,5,0,692,-0.225,0.858,58.8,259,-0.497,0.683,58.5,-29.9,1
r20,3,10,60,2,5,24,692,-0.225,0.858,58.8,259,-0.505,0.680,58.5,-30.2,1
r20,3,10,60,2,5,48,692,-0.225,0.858,58.8,259,-0.497,0.683,58.5,-29.9,1
r20,3,10,60,3,2,0,940,-0.145,0.869,37.7,360,-0.482,0.615,39.5,-33.4,0
r20,3,10,60,3,2,24,940,-0.145,0.869,37.7,360,-0.482,0.615,39.5,-33.4,0
r20,3,10,60,3,2,48,940,-0.145,0.869,37.7,360,-0.482,0.615,39.5,-33.4,0
r20,3,10,60,3,3,0,816,-0.187,0.872,47.0,302,-0.614,0.587,47.7,-33.6,0
r20,3,10,60,3,3,24,816,-0.187,0.872,47.0,302,-0.614,0.587,47.7,-33.6,0
r20,3,10,60,3,3,48,816,-0.187,0.872,47.0,302,-0.614,0.587,47.7,-33.6,0
r20,3,10,60,3,5,0,691,-0.217,0.872,56.0,256,-0.725,0.592,54.5,-35.5,1
r20,3,10,60,3,5,24,691,-0.217,0.872,56.0,256,-0.732,0.589,54.5,-35.7,1
r20,3,10,60,3,5,48,691,-0.217,0.872,56.0,256,-0.725,0.592,54.5,-35.5,1
r20,3,10,70,0,2,0,937,-0.072,0.928,30.9,360,-0.482,0.657,34.5,-36.6,0
r20,3,10,70,0,2,24,937,-0.072,0.928,30.9,360,-0.473,0.662,34.8,-36.1,0
r20,3,10,70,0,2,48,937,-0.072,0.928,30.9,360,-0.482,0.657,34.5,-36.6,0
r20,3,10,70,0,3,0,813,-0.096,0.936,40.6,302,-0.554,0.671,44.8,-37.2,0
r20,3,10,70,0,3,24,813,-0.097,0.935,40.5,302,-0.551,0.673,45.1,-37.0,0
r20,3,10,70,0,3,48,813,-0.096,0.936,40.6,302,-0.554,0.671,44.8,-37.2,0
r20,3,10,70,0,5,0,683,-0.150,0.930,50.7,252,-0.639,0.695,51.3,-38.3,1
r20,3,10,70,0,5,24,683,-0.145,0.932,50.7,252,-0.643,0.694,51.7,-38.4,1
r20,3,10,70,0,5,48,683,-0.150,0.930,50.7,252,-0.639,0.695,51.3,-38.3,1
r20,3,10,70,2,2,0,940,-0.158,0.861,39.1,361,-0.416,0.662,40.7,-33.3,0
r20,3,10,70,2,2,24,940,-0.158,0.861,39.1,361,-0.416,0.662,40.7,-33.3,0
r20,3,10,70,2,2,48,940,-0.158,0.861,39.1,361,-0.416,0.662,40.7,-33.3,0
r20,3,10,70,2,3,0,814,-0.183,0.875,49.3,304,-0.548,0.644,49.6,-35.2,0
r20,3,10,70,2,3,24,814,-0.184,0.874,49.2,304,-0.548,0.644,49.6,-35.2,0
r20,3,10,70,2,3,48,814,-0.183,0.875,49.3,304,-0.548,0.644,49.6,-35.2,0
r20,3,10,70,2,5,0,688,-0.232,0.867,59.3,255,-0.561,0.674,56.9,-33.3,1
r20,3,10,70,2,5,24,688,-0.234,0.866,59.2,255,-0.569,0.671,56.9,-33.6,1
r20,3,10,70,2,5,48,688,-0.232,0.867,59.3,255,-0.561,0.674,56.9,-33.3,1
r20,3,10,70,3,2,0,938,-0.145,0.876,35.5,360,-0.547,0.604,35.6,-36.6,0
r20,3,10,70,3,2,24,938,-0.145,0.876,35.5,360,-0.539,0.608,35.9,-36.2,0
r20,3,10,70,3,2,48,938,-0.145,0.876,35.5,360,-0.547,0.604,35.6,-36.6,0
r20,3,10,70,3,3,0,814,-0.168,0.893,45.6,302,-0.703,0.576,45.1,-38.6,0
r20,3,10,70,3,3,24,814,-0.170,0.892,45.5,302,-0.700,0.578,45.5,-38.4,0
r20,3,10,70,3,3,48,814,-0.168,0.893,45.6,302,-0.703,0.576,45.1,-38.6,0
r20,3,10,70,3,5,0,687,-0.247,0.873,55.6,252,-0.782,0.607,52.1,-38.0,0
r20,3,10,70,3,5,24,687,-0.241,0.876,55.6,252,-0.787,0.607,52.5,-38.1,0
r20,3,10,70,3,5,48,687,-0.247,0.873,55.6,252,-0.782,0.607,52.1,-38.0,0
r20,3,15,60,0,2,0,1684,-0.218,0.848,34.2,607,-0.373,0.694,42.5,-43.7,0
r20,3,15,60,0,2,24,1684,-0.218,0.848,34.2,607,-0.373,0.694,42.5,-43.7,0
r20,3,15,60,0,2,48,1684,-0.218,0.848,34.2,607,-0.373,0.694,42.5,-43.7,0
r20,3,15,60,0,3,0,1435,-0.240,0.860,44.0,510,-0.437,0.696,49.8,-44.5,0
r20,3,15,60,0,3,24,1435,-0.240,0.860,44.0,510,-0.437,0.696,49.8,-44.5,0
r20,3,15,60,0,3,48,1435,-0.240,0.860,44.0,510,-0.437,0.696,49.8,-44.5,0
r20,3,15,60,0,5,0,1181,-0.208,0.895,53.7,419,-0.434,0.720,56.4,-40.9,0
r20,3,15,60,0,5,24,1181,-0.208,0.895,53.7,419,-0.434,0.720,56.4,-40.9,0
r20,3,15,60,0,5,48,1181,-0.208,0.895,53.7,419,-0.434,0.720,56.4,-40.9,0
r20,3,15,60,2,2,0,1688,-0.265,0.799,39.0,609,-0.329,0.709,45.8,-39.7,0
r20,3,15,60,2,2,24,1688,-0.265,0.799,39.0,609,-0.329,0.709,45.8,-39.7,0
r20,3,15,60,2,2,48,1688,-0.265,0.799,39.0,609,-0.329,0.709,45.8,-39.7,0
r20,3,15,60,2,3,0,1441,-0.264,0.830,49.6,510,-0.418,0.689,52.5,-43.1,0
r20,3,15,60,2,3,24,1441,-0.264,0.830,49.6,510,-0.418,0.689,52.5,-43.1,0
r20,3,15,60,2,3,48,1441,-0.264,0.830,49.6,510,-0.418,0.689,52.5,-43.1,0
r20,3,15,60,2,5,0,1197,-0.294,0.835,58.8,422,-0.389,0.726,58.9,-37.9,0
r20,3,15,60,2,5,24,1197,-0.294,0.835,58.8,422,-0.389,0.726,58.9,-37.9,0
r20,3,15,60,2,5,48,1197,-0.294,0.835,58.8,422,-0.389,0.726,58.9,-37.9,0
r20,3,15,60,3,2,0,1686,-0.239,0.826,36.4,607,-0.400,0.668,43.1,-44.2,0
r20,3,15,60,3,2,24,1686,-0.239,0.826,36.4,607,-0.400,0.668,43.1,-44.2,0
r20,3,15,60,3,2,48,1686,-0.239,0.826,36.4,607,-0.400,0.668,43.1,-44.2,0
r20,3,15,60,3,3,0,1438,-0.247,0.849,46.5,510,-0.499,0.648,49.9,-46.7,0
r20,3,15,60,3,3,24,1438,-0.247,0.849,46.5,510,-0.499,0.648,49.9,-46.7,0
r20,3,15,60,3,3,48,1438,-0.247,0.849,46.5,510,-0.499,0.648,49.9,-46.7,0
r20,3,15,60,3,5,0,1188,-0.277,0.852,56.0,419,-0.501,0.669,56.9,-42.9,0
r20,3,15,60,3,5,24,1188,-0.277,0.852,56.0,419,-0.501,0.669,56.9,-42.9,0
r20,3,15,60,3,5,48,1188,-0.277,0.852,56.0,419,-0.501,0.669,56.9,-42.9,0
r20,3,15,70,0,2,0,1666,-0.203,0.866,30.2,598,-0.474,0.658,35.6,-51.7,0
r20,3,15,70,0,2,24,1666,-0.200,0.868,30.3,598,-0.469,0.661,35.7,-51.4,0
r20,3,15,70,0,2,48,1666,-0.203,0.866,30.2,598,-0.474,0.658,35.6,-51.7,0
r20,3,15,70,0,3,0,1409,-0.191,0.896,40.4,497,-0.526,0.688,44.6,-50.6,0
r20,3,15,70,0,3,24,1409,-0.186,0.898,40.4,497,-0.524,0.689,44.8,-50.5,0
r20,3,15,70,0,3,48,1409,-0.191,0.896,40.4,497,-0.526,0.688,44.6,-50.6,0
r20,3,15,70,0,5,0,1149,-0.143,0.936,51.5,399,-0.582,0.697,51.9,-47.9,0
r20,3,15,70,0,5,24,1150,-0.141,0.937,51.5,399,-0.583,0.698,52.2,-47.9,0
r20,3,15,70,0,5,48,1149,-0.143,0.936,51.5,399,-0.582,0.697,51.9,-47.9,0
r20,3,15,70,2,2,0,1684,-0.251,0.814,37.9,603,-0.397,0.678,41.2,-45.4,0
r20,3,15,70,2,2,24,1684,-0.251,0.814,37.9,603,-0.397,0.678,41.2,-45.4,0
r20,3,15,70,2,2,48,1684,-0.251,0.814,37.9,603,-0.397,0.678,41.2,-45.4,0
r20,3,15,70,2,3,0,1430,-0.229,0.859,49.0,500,-0.541,0.645,48.7,-49.7,0
r20,3,15,70,2,3,24,1430,-0.230,0.858,48.9,500,-0.541,0.645,48.7,-49.7,0
r20,3,15,70,2,3,48,1430,-0.229,0.859,49.0,500,-0.541,0.645,48.7,-49.7,0
r20,3,15,70,2,5,0,1176,-0.297,0.847,59.1,404,-0.542,0.673,56.1,-45.4,0
r20,3,15,70,2,5,24,1176,-0.299,0.846,59.0,404,-0.545,0.672,56.1,-45.4,0
r20,3,15,70,2,5,48,1176,-0.297,0.847,59.1,404,-0.542,0.673,56.1,-45.4,0
r20,3,15,70,3,2,0,1676,-0.235,0.836,34.2,600,-0.506,0.628,36.7,-51.8,0
r20,3,15,70,3,2,24,1676,-0.235,0.836,34.2,600,-0.501,0.631,36.9,-51.4,0
r20,3,15,70,3,2,48,1676,-0.235,0.836,34.2,600,-0.506,0.628,36.7,-51.8,0
r20,3,15,70,3,3,0,1419,-0.217,0.874,44.9,499,-0.633,0.612,45.2,-53.5,0
r20,3,15,70,3,3,24,1419,-0.218,0.874,44.9,499,-0.631,0.613,45.4,-53.4,0
r20,3,15,70,3,3,48,1419,-0.217,0.874,44.9,499,-0.633,0.612,45.2,-53.5,0
r20,3,15,70,3,5,0,1162,-0.282,0.865,55.4,400,-0.698,0.619,52.6,-50.6,0
r20,3,15,70,3,5,24,1163,-0.280,0.866,55.4,400,-0.698,0.619,52.8,-50.7,0
r20,3,15,70,3,5,48,1162,-0.282,0.865,55.4,400,-0.698,0.619,52.6,-50.6,0
r20,4,5,60,0,2,0,97,-0.179,0.878,25.9,43,0.190,1.024,37.4,-7.8,3
r20,4,5,60,0,2,24,97,-0.179,0.878,25.9,43,0.190,1.024,37.4,-7.8,3
r20,4,5,60,0,2,48,97,-0.179,0.878,25.9,43,0.190,1.024,37.4,-7.8,3
r20,4,5,60,0,3,0,87,-0.663,0.726,33.5,36,0.205,1.084,49.3,-7.9,3
r20,4,5,60,0,3,24,87,-0.663,0.726,33.5,36,0.205,1.084,49.3,-7.9,3
r20,4,5,60,0,3,48,87,-0.663,0.726,33.5,36,0.205,1.084,49.3,-7.9,3
r20,4,5,60,0,5,0,77,-0.411,0.760,48.1,33,-0.224,0.907,52.1,-9.4,3
r20,4,5,60,0,5,24,77,-0.377,0.767,48.1,33,-0.167,0.925,52.1,-9.2,3
r20,4,5,60,0,5,48,77,-0.411,0.760,48.1,33,-0.224,0.907,52.1,-9.4,3
r20,4,5,60,2,2,0,97,-0.080,0.871,41.8,43,-0.128,0.878,41.7,-6.6,2
r20,4,5,60,2,2,24,97,-0.080,0.871,41.8,43,-0.128,0.878,41.7,-6.6,2
r20,4,5,60,2,2,48,97,-0.080,0.871,41.8,43,-0.128,0.878,41.7,-6.6,2
r20,4,5,60,2,3,0,87,-0.269,0.758,50.2,36,-0.368,0.771,49.3,-7.9,3
r20,4,5,60,2,3,24,87,-0.269,0.758,50.2,36,-0.368,0.771,49.3,-7.9,3
r20,4,5,60,2,3,48,87,-0.269,0.758,50.2,36,-0.368,0.771,49.3,-7.9,3
r20,4,5,60,2,5,0,77,-0.361,0.674,60.9,33,-0.790,0.673,52.1,-9.6,1
r20,4,5,60,2,5,24,77,-0.327,0.682,60.9,33,-0.733,0.687,52.1,-9.4,1
r20,4,5,60,2,5,48,77,-0.361,0.674,60.9,33,-0.790,0.673,52.1,-9.6,1
r20,4,5,60,3,2,0,97,-0.132,0.852,32.2,43,-0.305,0.741,37.4,-8.0,2
r20,4,5,60,3,2,24,97,-0.132,0.852,32.2,43,-0.305,0.741,37.4,-8.0,2
r20,4,5,60,3,2,48,97,-0.132,0.852,32.2,43,-0.305,0.741,37.4,-8.0,2
r20,4,5,60,3,3,0,87,-0.299,0.779,41.8,36,-0.322,0.798,49.3,-8.1,3
r20,4,5,60,3,3,24,87,-0.299,0.779,41.8,36,-0.322,0.798,49.3,-8.1,3
r20,4,5,60,3,3,48,87,-0.299,0.779,41.8,36,-0.322,0.798,49.3,-8.1,3
r20,4,5,60,3,5,0,77,-0.170,0.745,56.9,33,-0.778,0.671,52.1,-9.9,1
r20,4,5,60,3,5,24,77,-0.136,0.752,56.9,33,-0.721,0.684,52.1,-9.6,1
r20,4,5,60,3,5,48,77,-0.170,0.745,56.9,33,-0.778,0.671,52.1,-9.9,1
r20,4,5,70,0,2,0,97,-0.544,0.779,20.4,43,0.352,1.124,34.6,-8.1,3
r20,4,5,70,0,2,24,97,-0.544,0.779,20.4,43,0.434,1.175,37.4,-7.7,3
r20,4,5,70,0,2,48,97,-0.544,0.779,20.4,43,0.352,1.124,34.6,-8.1,3
r20,4,5,70,0,3,0,87,-0.553,0.728,30.6,36,0.148,1.014,40.3,-8.9,3
r20,4,5,70,0,3,24,87,-0.553,0.728,30.6,36,0.424,1.168,46.0,-7.7,3
r20,4,5,70,0,3,48,87,-0.553,0.728,30.6,36,0.148,1.014,40.3,-8.9,3
r20,4,5,70,0,5,0,77,-0.796,0.753,42.6,33,0.110,1.048,50.8,-9.0,3
r20,4,5,70,0,5,24,77,-0.816,0.736,41.1,33,0.222,1.090,54.8,-8.6,3
r20,4,5,70,0,5,48,77,-0.796,0.753,42.6,33,0.110,1.048,50.8,-9.0,3
r20,4,5,70,2,2,0,97,-0.064,0.887,41.8,43,-0.124,0.880,41.7,-6.6,2
r20,4,5,70,2,2,24,97,-0.064,0.887,41.8,43,-0.124,0.880,41.7,-6.6,2
r20,4,5,70,2,2,48,97,-0.064,0.887,41.8,43,-0.124,0.880,41.7,-6.6,2
r20,4,5,70,2,3,0,87,-0.271,0.756,49.2,36,-0.635,0.686,42.0,-8.5,1
r20,4,5,70,2,3,24,87,-0.271,0.756,49.2,36,-0.417,0.752,46.0,-7.9,2
r20,4,5,70,2,3,48,87,-0.271,0.756,49.2,36,-0.635,0.686,42.0,-8.5,1
r20,4,5,70,2,5,0,77,-0.285,0.708,60.9,33,-0.799,0.684,50.8,-9.3,0
r20,4,5,70,2,5,24,77,-0.266,0.709,60.9,33,-0.686,0.713,54.8,-8.9,1
r20,4,5,70,2,5,48,77,-0.285,0.708,60.9,33,-0.799,0.684,50.8,-9.3,0
r20,4,5,70,3,2,0,97,-0.114,0.876,31.5,43,-0.247,0.800,34.6,-8.2,3
r20,4,5,70,3,2,24,97,-0.114,0.876,31.5,43,-0.165,0.840,37.4,-7.8,3
r20,4,5,70,3,2,48,97,-0.114,0.876,31.5,43,-0.247,0.800,34.6,-8.2,3
r20,4,5,70,3,3,0,87,-0.248,0.815,40.8,36,-0.403,0.811,42.0,-8.5,2
r20,4,5,70,3,3,24,87,-0.248,0.815,40.8,36,-0.185,0.889,46.0,-7.9,3
r20,4,5,70,3,3,48,87,-0.248,0.815,40.8,36,-0.403,0.811,42.0,-8.5,2
r20,4,5,70,3,5,0,77,-0.141,0.781,55.4,33,-0.584,0.773,50.8,-9.3,2
r20,4,5,70,3,5,24,77,-0.139,0.775,55.4,33,-0.472,0.804,54.8,-8.9,2
r20,4,5,70,3,5,48,77,-0.141,0.781,55.4,33,-0.584,0.773,50.8,-9.3,2
r20,4,10,60,0,2,0,422,0.238,1.075,32.3,170,-0.163,0.866,38.8,-18.8,2
r20,4,10,60,0,2,24,422,0.238,1.075,32.3,170,-0.163,0.866,38.8,-18.8,2
r20,4,10,60,0,2,48,422,0.238,1.075,32.3,170,-0.163,0.866,38.8,-18.8,2
r20,4,10,60,0,3,0,371,0.152,1.018,41.5,146,-0.145,0.917,49.8,-18.2,2
r20,4,10,60,0,3,24,371,0.149,1.016,41.3,146,-0.145,0.917,49.8,-18.2,2
r20,4,10,60,0,3,48,371,0.152,1.018,41.5,146,-0.145,0.917,49.8,-18.2,2
r20,4,10,60,0,5,0,317,0.232,1.033,52.7,131,-0.420,0.806,54.0,-25.1,1
r20,4,10,60,0,5,24,317,0.228,1.030,52.5,131,-0.434,0.801,54.0,-25.1,1
r20,4,10,60,0,5,48,317,0.232,1.033,52.7,131,-0.420,0.806,54.0,-25.1,1
r20,4,10,60,2,2,0,422,0.075,0.963,41.8,170,-0.173,0.841,44.9,-18.0,2
r20,4,10,60,2,2,24,422,0.075,0.963,41.8,170,-0.173,0.841,44.9,-18.0,2
r20,4,10,60,2,2,48,422,0.075,0.963,41.8,170,-0.173,0.841,44.9,-18.0,2
r20,4,10,60,2,3,0,371,0.047,0.945,51.7,146,-0.188,0.882,55.2,-18.5,2
r20,4,10,60,2,3,24,371,0.044,0.942,51.5,146,-0.188,0.882,55.2,-18.5,2
r20,4,10,60,2,3,48,371,0.047,0.945,51.7,146,-0.188,0.882,55.2,-18.5,2
r20,4,10,60,2,5,0,317,-0.011,0.907,61.3,131,-0.299,0.841,61.0,-22.3,1
r20,4,10,60,2,5,24,317,-0.015,0.904,61.1,131,-0.314,0.836,61.0,-22.3,1
r20,4,10,60,2,5,48,317,-0.011,0.907,61.3,131,-0.299,0.841,61.0,-22.3,1
r20,4,10,60,3,2,0,422,0.113,0.975,37.1,170,-0.333,0.741,39.5,-20.3,0
r20,4,10,60,3,2,24,422,0.113,0.975,37.1,170,-0.333,0.741,39.5,-20.3,0
r20,4,10,60,3,2,48,422,0.113,0.975,37.1,170,-0.333,0.741,39.5,-20.3,0
r20,4,10,60,3,3,0,371,0.056,0.944,46.7,146,-0.372,0.775,49.8,-20.3,2
r20,4,10,60,3,3,24,371,0.053,0.941,46.5,146,-0.372,0.775,49.8,-20.3,2
r20,4,10,60,3,3,48,371,0.056,0.944,46.7,146,-0.372,0.775,49.8,-20.3,2
r20,4,10,60,3,5,0,317,0.156,0.989,58.2,131,-0.711,0.669,54.0,-26.6,0
r20,4,10,60,3,5,24,317,0.152,0.986,57.9,131,-0.725,0.666,54.0,-26.6,0
r20,4,10,60,3,5,48,317,0.156,0.989,58.2,131,-0.711,0.669,54.0,-26.6,0
r20,4,10,70,0,2,0,421,0.258,1.086,26.6,170,-0.165,0.872,33.5,-21.2,0
r20,4,10,70,0,2,24,421,0.264,1.090,26.6,170,-0.137,0.889,34.1,-20.4,1
r20,4,10,70,0,2,48,421,0.253,1.083,26.6,170,-0.165,0.872,33.5,-21.2,0
r20,4,10,70,0,3,0,371,0.255,1.044,35.2,146,-0.237,0.863,42.6,-21.2,1
r20,4,10,70,0,3,24,371,0.236,1.036,35.0,146,-0.207,0.880,43.2,-20.5,1
r20,4,10,70,0,3,48,371,0.249,1.042,35.2,146,-0.237,0.863,42.6,-21.2,1
r20,4,10,70,0,5,0,314,0.257,1.039,48.0,130,-0.468,0.780,50.4,-28.1,1
r20,4,10,70,0,5,24,314,0.275,1.048,47.7,130,-0.453,0.790,50.3,-27.2,1
r20,4,10,70,0,5,48,314,0.250,1.036,48.0,130,-0.468,0.780,50.4,-28.1,1
r20,4,10,70,2,2,0,422,0.086,0.975,41.3,170,-0.211,0.816,42.2,-18.9,2
r20,4,10,70,2,2,24,422,0.086,0.975,41.3,170,-0.199,0.823,42.2,-18.6,2
r20,4,10,70,2,2,48,422,0.086,0.975,41.3,170,-0.211,0.816,42.2,-18.9,2
r20,4,10,70,2,3,0,371,0.056,0.954,50.6,146,-0.254,0.842,51.5,-19.9,2
r20,4,10,70,2,3,24,371,0.053,0.952,50.4,146,-0.247,0.846,51.5,-19.7,2
r20,4,10,70,2,3,48,371,0.056,0.954,50.6,146,-0.254,0.842,51.5,-19.9,2
r20,4,10,70,2,5,0,317,-0.003,0.914,61.5,130,-0.306,0.840,61.0,-22.5,1
r20,4,10,70,2,5,24,317,-0.020,0.906,61.0,130,-0.315,0.839,60.3,-22.0,1
r20,4,10,70,2,5,48,317,-0.003,0.914,61.5,130,-0.306,0.840,61.0,-22.5,1
r20,4,10,70,3,2,0,421,0.111,0.987,35.2,170,-0.342,0.747,35.5,-21.4,0
r20,4,10,70,3,2,24,421,0.111,0.987,35.2,170,-0.313,0.763,36.1,-20.6,0
r20,4,10,70,3,2,48,421,0.111,0.987,35.2,170,-0.342,0.747,35.5,-21.4,0
r20,4,10,70,3,3,0,371,0.028,0.945,43.7,146,-0.422,0.763,44.6,-21.6,1
r20,4,10,70,3,3,24,371,0.025,0.943,43.5,146,-0.411,0.769,44.6,-21.4,1
r20,4,10,70,3,3,48,371,0.028,0.945,43.7,146,-0.422,0.763,44.6,-21.6,1
r20,4,10,70,3,5,0,315,0.106,0.973,57.2,130,-0.680,0.696,52.4,-26.6,0
r20,4,10,70,3,5,24,315,0.098,0.971,56.6,130,-0.685,0.696,51.7,-26.2,0
r20,4,10,70,3,5,48,315,0.106,0.973,57.2,130,-0.680,0.696,52.4,-26.6,0
r20,4,15,60,0,2,0,953,-0.096,0.932,30.4,343,-0.319,0.768,36.8,-30.2,1
r20,4,15,60,0,2,24,953,-0.096,0.932,30.4,343,-0.319,0.768,36.8,-30.2,1
r20,4,15,60,0,2,48,953,-0.096,0.932,30.4,343,-0.319,0.768,36.8,-30.2,1
r20,4,15,60,0,3,0,810,-0.115,0.946,40.3,289,-0.377,0.783,47.5,-32.3,1
r20,4,15,60,0,3,24,810,-0.117,0.945,40.2,289,-0.377,0.783,47.5,-32.3,1
r20,4,15,60,0,3,48,810,-0.115,0.946,40.3,289,-0.377,0.783,47.5,-32.3,1
r20,4,15,60,0,5,0,660,-0.071,0.981,51.6,241,-0.450,0.798,55.6,-33.6,2
r20,4,15,60,0,5,24,660,-0.075,0.979,51.5,241,-0.472,0.790,55.6,-34.1,2
r20,4,15,60,0,5,48,660,-0.071,0.981,51.6,241,-0.450,0.798,55.6,-33.6,2
r20,4,15,60,2,2,0,955,-0.222,0.825,38.0,344,-0.324,0.732,42.5,-28.2,0
r20,4,15,60,2,2,24,955,-0.222,0.825,38.0,344,-0.324,0.732,42.5,-28.2,0
r20,4,15,60,2,2,48,955,-0.222,0.825,38.0,344,-0.324,0.732,42.5,-28.2,0
r20,4,15,60,2,3,0,813,-0.233,0.855,48.5,291,-0.398,0.741,52.4,-29.6,1
r20,4,15,60,2,3,24,813,-0.234,0.854,48.4,291,-0.398,0.741,52.4,-29.6,1
r20,4,15,60,2,3,48,813,-0.233,0.855,48.5,291,-0.398,0.741,52.4,-29.6,1
r20,4,15,60,2,5,0,667,-0.289,0.850,58.7,243,-0.383,0.778,61.0,-29.2,2
r20,4,15,60,2,5,24,667,-0.293,0.849,58.5,243,-0.404,0.769,61.0,-29.4,2
r20,4,15,60,2,5,48,667,-0.289,0.850,58.7,243,-0.383,0.778,61.0,-29.2,2
r20,4,15,60,3,2,0,953,-0.182,0.862,34.5,343,-0.424,0.692,37.6,-30.1,0
r20,4,15,60,3,2,24,953,-0.182,0.862,34.5,343,-0.424,0.692,37.6,-30.1,0
r20,4,15,60,3,2,48,953,-0.182,0.862,34.5,343,-0.424,0.692,37.6,-30.1,0
r20,4,15,60,3,3,0,811,-0.190,0.891,44.9,289,-0.554,0.672,47.5,-33.4,1
r20,4,15,60,3,3,24,811,-0.192,0.890,44.8,289,-0.554,0.672,47.5,-33.4,1
r20,4,15,60,3,3,48,811,-0.190,0.891,44.9,289,-0.554,0.672,47.5,-33.4,1
r20,4,15,60,3,5,0,664,-0.223,0.892,55.8,241,-0.618,0.701,56.0,-34.7,1
r20,4,15,60,3,5,24,664,-0.227,0.890,55.6,241,-0.640,0.694,56.0,-35.2,1
r20,4,15,60,3,5,48,664,-0.223,0.892,55.8,241,-0.618,0.701,56.0,-34.7,1
r20,4,15,70,0,2,0,949,-0.048,0.959,25.9,343,-0.386,0.741,30.5,-35.5,1
r20,4,15,70,0,2,24,949,-0.052,0.958,25.9,343,-0.402,0.730,30.8,-35.7,0
r20,4,15,70,0,2,48,949,-0.050,0.958,25.9,343,-0.386,0.741,30.5,-35.5,1
r20,4,15,70,0,3,0,802,-0.079,0.960,34.9,287,-0.489,0.746,39.9,-36.5,1
r20,4,15,70,0,3,24,802,-0.099,0.951,34.7,287,-0.483,0.748,40.5,-36.3,1
r20,4,15,70,0,3,48,802,-0.081,0.959,34.9,287,-0.489,0.746,39.9,-36.5,1
r20,4,15,70,0,5,0,646,-0.077,0.984,47.0,236,-0.657,0.742,50.2,-39.5,2
r20,4,15,70,0,5,24,647,-0.079,0.985,47.1,236,-0.673,0.737,49.8,-39.2,2
r20,4,15,70,0,5,48,646,-0.080,0.983,47.0,236,-0.657,0.742,50.2,-39.5,2
r20,4,15,70,2,2,0,955,-0.211,0.834,37.3,344,-0.355,0.724,39.4,-30.4,0
r20,4,15,70,2,2,24,955,-0.211,0.834,37.3,344,-0.355,0.724,39.4,-30.4,0
r20,4,15,70,2,2,48,955,-0.211,0.834,37.3,344,-0.355,0.724,39.4,-30.4,0
r20,4,15,70,2,3,0,810,-0.244,0.854,47.2,289,-0.484,0.703,47.7,-32.9,0
r20,4,15,70,2,3,24,810,-0.246,0.852,47.1,289,-0.461,0.715,48.0,-32.3,0
r20,4,15,70,2,3,48,810,-0.244,0.854,47.2,289,-0.484,0.703,47.7,-32.9,0
r20,4,15,70,2,5,0,662,-0.300,0.854,58.6,239,-0.451,0.748,59.7,-31.8,1
r20,4,15,70,2,5,24,663,-0.323,0.844,58.2,239,-0.433,0.760,59.2,-30.7,2
r20,4,15,70,2,5,48,662,-0.300,0.854,58.6,239,-0.451,0.748,59.7,-31.8,1
r20,4,15,70,3,2,0,952,-0.166,0.880,32.5,343,-0.471,0.678,33.1,-33.3,0
r20,4,15,70,3,2,24,952,-0.166,0.880,32.5,343,-0.462,0.683,33.4,-32.9,0
r20,4,15,70,3,2,48,952,-0.166,0.880,32.5,343,-0.471,0.678,33.1,-33.3,0
r20,4,15,70,3,3,0,808,-0.211,0.888,42.1,287,-0.651,0.643,42.1,-36.5,0
r20,4,15,70,3,3,24,808,-0.211,0.888,42.0,287,-0.626,0.654,42.4,-35.6,0
r20,4,15,70,3,3,48,808,-0.211,0.888,42.1,287,-0.651,0.643,42.1,-36.5,0
r20,4,15,70,3,5,0,659,-0.254,0.889,54.3,237,-0.777,0.657,52.8,-38.6,0
r20,4,15,70,3,5,24,660,-0.272,0.882,53.9,237,-0.757,0.667,52.4,-37.2,0
r20,4,15,70,3,5,48,659,-0.254,0.889,54.3,237,-0.777,0.657,52.8,-38.6,0
r40,2,5,60,0,2,0,1138,-0.368,0.712,38.0,430,-0.352,0.660,47.9,-33.3,1
r40,2,5,60,0,2,24,1138,-0.368,0.712,38.0,430,-0.352,0.660,47.9,-33.3,1
r40,2,5,60,0,2,48,1138,-0.368,0.712,38.0,430,-0.352,0.660,47.9,-33.3,1
r40,2,5,60,0,3,0,1002,-0.391,0.736,46.9,365,-0.388,0.663,52.6,-32.0,1
r40,2,5,60,0,3,24,1002,-0.391,0.736,46.9,365,-0.388,0.663,52.6,-32.0,1
r40,2,5,60,0,3,48,1002,-0.391,0.736,46.9,365,-0.388,0.663,52.6,-32.0,1
r40,2,5,60,0,5,0,875,-0.383,0.774,54.3,319,-0.401,0.671,55.6,-32.1,0
r40,2,5,60,0,5,24,875,-0.383,0.774,54.3,319,-0.401,0.671,55.6,-32.1,0
r40,2,5,60,0,5,48,875,-0.383,0.774,54.3,319,-0.401,0.671,55.6,-32.1,0
r40,2,5,60,2,2,0,1138,-0.349,0.712,40.7,430,-0.373,0.637,48.3,-33.6,1
r40,2,5,60,2,2,24,1138,-0.349,0.712,40.7,430,-0.373,0.637,48.3,-33.6,1
r40,2,5,60,2,2,48,1138,-0.349,0.712,40.7,430,-0.373,0.637,48.3,-33.6,1
r40,2,5,60,2,3,0,1002,-0.364,0.740,49.5,366,-0.386,0.659,53.5,-31.0,1
r40,2,5,60,2,3,24,1002,-0.364,0.740,49.5,366,-0.386,0.659,53.5,-31.0,1
r40,2,5,60,2,3,48,1002,-0.364,0.740,49.5,366,-0.386,0.659,53.5,-31.0,1
r40,2,5,60,2,5,0,875,-0.371,0.764,56.8,320,-0.371,0.685,56.9,-29.3,0
r40,2,5,60,2,5,24,875,-0.371,0.764,56.8,320,-0.371,0.685,56.9,-29.3,0
r40,2,5,60,2,5,48,875,-0.371,0.764,56.8,320,-0.371,0.685,56.9,-29.3,0
r40,2,5,60,3,2,0,1138,-0.366,0.710,38.8,430,-0.391,0.622,47.9,-34.1,0
r40,2,5,60,3,2,24,1138,-0.366,0.710,38.8,430,-0.391,0.622,47.9,-34.1,0
r40,2,5,60,3,2,48,1138,-0.366,0.710,38.8,430,-0.391,0.622,47.9,-34.1,0
r40,2,5,60,3,3,0,1002,-0.377,0.741,47.8,366,-0.424,0.630,52.7,-32.3,0
r40,2,5,60,3,3,24,1002,-0.377,0.741,47.8,366,-0.424,0.630,52.7,-32.3,0
r40,2,5,60,3,3,48,1002,-0.377,0.741,47.8,366,-0.424,0.630,52.7,-32.3,0
r40,2,5,60,3,5,0,875,-0.387,0.765,55.2,320,-0.416,0.652,56.0,-31.2,0
r40,2,5,60,3,5,24,875,-0.387,0.765,55.2,320,-0.416,0.652,56.0,-31.2,0
r40,2,5,60,3,5,48,875,-0.387,0.765,55.2,320,-0.416,0.652,56.0,-31.2,0
r40,2,5,70,0,2,0,1138,-0.317,0.767,35.6,430,-0.458,0.608,42.1,-39.2,0
r40,2,5,70,0,2,24,1138,-0.317,0.767,35.6,430,-0.458,0.608,42.1,-39.2,0
r40,2,5,70,0,2,48,1138,-0.317,0.767,35.6,430,-0.458,0.608,42.1,-39.2,0
r40,2,5,70,0,3,0,1001,-0.342,0.789,45.6,364,-0.475,0.634,49.9,-36.9,0
r40,2,5,70,0,3,24,1001,-0.342,0.789,45.6,364,-0.475,0.634,49.9,-36.9,0
r40,2,5,70,0,3,48,1001,-0.342,0.789,45.6,364,-0.475,0.634,49.9,-36.9,0
r40,2,5,70,0,5,0,863,-0.303,0.838,54.1,317,-0.537,0.634,53.9,-38.7,0
r40,2,5,70,0,5,24,863,-0.303,0.838,54.1,317,-0.537,0.634,53.9,-38.7,0
r40,2,5,70,0,5,48,863,-0.303,0.838,54.1,317,-0.537,0.634,53.9,-38.7,0
r40,2,5,70,2,2,0,1138,-0.332,0.738,39.5,430,-0.403,0.635,44.7,-36.6,0
r40,2,5,70,2,2,24,1138,-0.332,0.738,39.5,430,-0.403,0.635,44.7,-36.6,0
r40,2,5,70,2,2,48,1138,-0.332,0.738,39.5,430,-0.403,0.635,44.7,-36.6,0
r40,2,5,70,2,3,0,1001,-0.345,0.767,50.0,365,-0.425,0.658,52.1,-34.7,1
r40,2,5,70,2,3,24,1001,-0.345,0.767,50.0,365,-0.425,0.658,52.1,-34.7,1
r40,2,5,70,2,3,48,1001,-0.345,0.767,50.0,365,-0.425,0.658,52.1,-34.7,1
r40,2,5,70,2,5,0,866,-0.343,0.795,58.5,318,-0.484,0.652,55.8,-35.2,0
r40,2,5,70,2,5,24,866,-0.343,0.795,58.5,318,-0.484,0.652,55.8,-35.2,0
r40,2,5,70,2,5,48,866,-0.343,0.795,58.5,318,-0.484,0.652,55.8,-35.2,0
r40,2,5,70,3,2,0,1138,-0.345,0.740,37.0,430,-0.482,0.586,42.6,-39.1,0
r40,2,5,70,3,2,24,1138,-0.345,0.740,37.0,430,-0.482,0.586,42.6,-39.1,0
r40,2,5,70,3,2,48,1138,-0.345,0.740,37.0,430,-0.482,0.586,42.6,-39.1,0
r40,2,5,70,3,3,0,1001,-0.363,0.767,47.3,365,-0.524,0.597,50.0,-37.5,0
r40,2,5,70,3,3,24,1001,-0.363,0.767,47.3,365,-0.524,0.597,50.0,-37.5,0
r40,2,5,70,3,3,48,1001,-0.363,0.767,47.3,365,-0.524,0.597,50.0,-37.5,0
r40,2,5,70,3,5,0,865,-0.373,0.789,55.8,318,-0.583,0.598,54.3,-38.7,0
r40,2,5,70,3,5,24,865,-0.373,0.789,55.8,318,-0.583,0.598,54.3,-38.7,0
r40,2,5,70,3,5,48,865,-0.373,0.789,55.8,318,-0.583,0.598,54.3,-38.7,0
r40,2,10,60,0,2,0,2169,-0.268,0.792,41.1,757,-0.305,0.693,48.6,-45.5,0
r40,2,10,60,0,2,24,2169,-0.268,0.792,41.1,757,-0.305,0.693,48.6,-45.5,0
r40,2,10,60,0,2,48,2169,-0.268,0.792,41.1,757,-0.305,0.693,48.6,-45.5,0
r40,2,10,60,0,3,0,1893,-0.299,0.801,49.4,639,-0.310,0.716,54.7,-41.8,0
r40,2,10,60,0,3,24,1893,-0.299,0.801,49.4,639,-0.310,0.716,54.7,-41.8,0
r40,2,10,60,0,3,48,1893,-0.299,0.801,49.4,639,-0.310,0.716,54.7,-41.8,0
r40,2,10,60,0,5,0,1624,-0.311,0.820,56.5,546,-0.282,0.748,59.4,-38.7,0
r40,2,10,60,0,5,24,1624,-0.311,0.820,56.5,546,-0.282,0.748,59.4,-38.7,0
r40,2,10,60,0,5,48,1624,-0.311,0.820,56.5,546,-0.282,0.748,59.4,-38.7,0
r40,2,10,60,2,2,0,2169,-0.277,0.776,43.2,757,-0.321,0.675,49.2,-45.4,0
r40,2,10,60,2,2,24,2169,-0.277,0.776,43.2,757,-0.321,0.675,49.2,-45.4,0
r40,2,10,60,2,2,48,2169,-0.277,0.776,43.2,757,-0.321,0.675,49.2,-45.4,0
r40,2,10,60,2,3,0,1894,-0.302,0.790,51.7,639,-0.325,0.699,55.3,-41.2,0
r40,2,10,60,2,3,24,1894,-0.302,0.790,51.7,639,-0.325,0.699,55.3,-41.2,0
r40,2,10,60,2,3,48,1894,-0.302,0.790,51.7,639,-0.325,0.699,55.3,-41.2,0
r40,2,10,60,2,5,0,1630,-0.340,0.791,58.6,547,-0.303,0.725,59.8,-38.8,0
r40,2,10,60,2,5,24,1630,-0.340,0.791,58.6,547,-0.303,0.725,59.8,-38.8,0
r40,2,10,60,2,5,48,1630,-0.340,0.791,58.6,547,-0.303,0.725,59.8,-38.8,0
r40,2,10,60,3,2,0,2169,-0.267,0.789,41.9,757,-0.336,0.663,48.6,-46.9,0
r40,2,10,60,3,2,24,2169,-0.267,0.789,41.9,757,-0.336,0.663,48.6,-46.9,0
r40,2,10,60,3,2,48,2169,-0.267,0.789,41.9,757,-0.336,0.663,48.6,-46.9,0
r40,2,10,60,3,3,0,1893,-0.288,0.804,50.4,639,-0.347,0.682,54.7,-43.2,0
r40,2,10,60,3,3,24,1893,-0.288,0.804,50.4,639,-0.347,0.682,54.7,-43.2,0
r40,2,10,60,3,3,48,1893,-0.288,0.804,50.4,639,-0.347,0.682,54.7,-43.2,0
r40,2,10,60,3,5,0,1625,-0.329,0.803,57.2,546,-0.309,0.721,59.6,-39.3,0
r40,2,10,60,3,5,24,1625,-0.329,0.803,57.2,546,-0.309,0.721,59.6,-39.3,0
r40,2,10,60,3,5,48,1625,-0.329,0.803,57.2,546,-0.309,0.721,59.6,-39.3,0
r40,2,10,70,0,2,0,2160,-0.262,0.813,37.9,747,-0.356,0.676,45.3,-48.9,0
r40,2,10,70,0,2,24,2160,-0.262,0.813,37.9,747,-0.356,0.676,45.3,-48.9,0
r40,2,10,70,0,2,48,2160,-0.262,0.813,37.9,747,-0.356,0.676,45.3,-48.9,0
r40,2,10,70,0,3,0,1876,-0.293,0.823,47.3,625,-0.386,0.694,52.6,-46.4,0
r40,2,10,70,0,3,24,1876,-0.293,0.823,47.3,625,-0.386,0.694,52.6,-46.4,0
r40,2,10,70,0,3,48,1876,-0.293,0.823,47.3,625,-0.386,0.694,52.6,-46.4,0
r40,2,10,70,0,5,0,1587,-0.276,0.856,56.2,520,-0.379,0.710,58.5,-43.7,0
r40,2,10,70,0,5,24,1587,-0.276,0.856,56.2,520,-0.379,0.710,58.5,-43.7,0
r40,2,10,70,0,5,48,1587,-0.276,0.856,56.2,520,-0.379,0.710,58.5,-43.7,0
r40,2,10,70,2,2,0,2163,-0.260,0.800,41.6,747,-0.312,0.698,47.5,-46.0,0
r40,2,10,70,2,2,24,2163,-0.260,0.800,41.6,747,-0.312,0.698,47.5,-46.0,0
r40,2,10,70,2,2,48,2163,-0.260,0.800,41.6,747,-0.312,0.698,47.5,-46.0,0
r40,2,10,70,2,3,0,1882,-0.275,0.819,51.5,626,-0.349,0.706,54.5,-44.2,0
r40,2,10,70,2,3,24,1882,-0.275,0.819,51.5,626,-0.349,0.706,54.5,-44.2,0
r40,2,10,70,2,3,48,1882,-0.275,0.819,51.5,626,-0.349,0.706,54.5,-44.2,0
r40,2,10,70,2,5,0,1602,-0.308,0.823,60.1,524,-0.341,0.721,60.0,-42.1,0
r40,2,10,70,2,5,24,1602,-0.308,0.823,60.1,524,-0.341,0.721,60.0,-42.1,0
r40,2,10,70,2,5,48,1602,-0.308,0.823,60.1,524,-0.341,0.721,60.0,-42.1,0
r40,2,10,70,3,2,0,2161,-0.248,0.816,39.6,747,-0.362,0.665,46.0,-49.8,0
r40,2,10,70,3,2,24,2161,-0.248,0.816,39.6,747,-0.362,0.665,46.0,-49.8,0
r40,2,10,70,3,2,48,2161,-0.248,0.816,39.6,747,-0.362,0.665,46.0,-49.8,0
r40,2,10,70,3,3,0,1878,-0.270,0.829,49.3,626,-0.406,0.671,53.0,-48.2,0
r40,2,10,70,3,3,24,1878,-0.270,0.829,49.3,626,-0.406,0.671,53.0,-48.2,0
r40,2,10,70,3,3,48,1878,-0.270,0.829,49.3,626,-0.406,0.671,53.0,-48.2,0
r40,2,10,70,3,5,0,1594,-0.312,0.827,58.0,522,-0.389,0.691,59.1,-44.9,0
r40,2,10,70,3,5,24,1594,-0.312,0.827,58.0,522,-0.389,0.691,59.1,-44.9,0
r40,2,10,70,3,5,48,1594,-0.312,0.827,58.0,522,-0.389,0.691,59.1,-44.9,0
r40,2,15,60,0,2,0,3051,-0.234,0.815,42.8,1049,-0.311,0.693,49.2,-56.1,0
r40,2,15,60,0,2,24,3051,-0.234,0.815,42.8,1049,-0.311,0.693,49.2,-56.1,0
r40,2,15,60,0,2,48,3051,-0.234,0.815,42.8,1049,-0.311,0.693,49.2,-56.1,0
r40,2,15,60,0,3,0,2634,-0.241,0.838,51.1,877,-0.329,0.713,54.4,-52.5,0
r40,2,15,60,0,3,24,2634,-0.241,0.838,51.1,877,-0.329,0.713,54.4,-52.5,0
r40,2,15,60,0,3,48,2634,-0.241,0.838,51.1,877,-0.329,0.713,54.4,-52.5,0
r40,2,15,60,0,5,0,2215,-0.262,0.844,57.7,745,-0.305,0.744,58.9,-48.4,0
r40,2,15,60,0,5,24,2215,-0.262,0.844,57.7,745,-0.305,0.744,58.9,-48.4,0
r40,2,15,60,0,5,48,2215,-0.262,0.844,57.7,745,-0.305,0.744,58.9,-48.4,0
r40,2,15,60,2,2,0,3057,-0.244,0.801,44.5,1049,-0.325,0.676,49.7,-55.6,0
r40,2,15,60,2,2,24,3057,-0.244,0.801,44.5,1049,-0.325,0.676,49.7,-55.6,0
r40,2,15,60,2,2,48,3057,-0.244,0.801,44.5,1049,-0.325,0.676,49.7,-55.6,0
r40,2,15,60,2,3,0,2644,-0.252,0.823,53.1,879,-0.341,0.697,54.9,-51.8,0
r40,2,15,60,2,3,24,2644,-0.252,0.823,53.1,879,-0.341,0.697,54.9,-51.8,0
r40,2,15,60,2,3,48,2644,-0.252,0.823,53.1,879,-0.341,0.697,54.9,-51.8,0
r40,2,15,60,2,5,0,2235,-0.270,0.829,59.8,747,-0.324,0.723,59.3,-47.8,0
r40,2,15,60,2,5,24,2235,-0.270,0.829,59.8,747,-0.324,0.723,59.3,-47.8,0
r40,2,15,60,2,5,48,2235,-0.270,0.829,59.8,747,-0.324,0.723,59.3,-47.8,0
r40,2,15,60,3,2,0,3052,-0.237,0.811,43.4,1049,-0.334,0.669,49.3,-56.8,0
r40,2,15,60,3,2,24,3052,-0.237,0.811,43.4,1049,-0.334,0.669,49.3,-56.8,0
r40,2,15,60,3,2,48,3052,-0.237,0.811,43.4,1049,-0.334,0.669,49.3,-56.8,0
r40,2,15,60,3,3,0,2637,-0.241,0.834,51.9,877,-0.354,0.687,54.5,-53.1,0
r40,2,15,60,3,3,24,2637,-0.241,0.834,51.9,877,-0.354,0.687,54.5,-53.1,0
r40,2,15,60,3,3,48,2637,-0.241,0.834,51.9,877,-0.354,0.687,54.5,-53.1,0
r40,2,15,60,3,5,0,2222,-0.264,0.837,58.6,746,-0.325,0.721,59.1,-48.4,0
r40,2,15,60,3,5,24,2222,-0.264,0.837,58.6,746,-0.325,0.721,59.1,-48.4,0
r40,2,15,60,3,5,48,2222,-0.264,0.837,58.6,746,-0.325,0.721,59.1,-48.4,0
r40,2,15,70,0,2,0,3009,-0.236,0.830,39.0,1027,-0.359,0.680,45.7,-59.2,0
r40,2,15,70,0,2,24,3009,-0.236,0.830,39.0,1027,-0.359,0.680,45.7,-59.2,0
r40,2,15,70,0,2,48,3009,-0.236,0.830,39.0,1027,-0.359,0.680,45.7,-59.2,0
r40,2,15,70,0,3,0,2573,-0.251,0.850,48.2,842,-0.377,0.707,53.1,-55.2,0
r40,2,15,70,0,3,24,2573,-0.251,0.850,48.2,842,-0.377,0.707,53.1,-55.2,0
r40,2,15,70,0,3,48,2573,-0.251,0.850,48.2,842,-0.377,0.707,53.1,-55.2,0
r40,2,15,70,0,5,0,2123,-0.262,0.864,56.3,698,-0.299,0.768,59.4,-47.7,0
r40,2,15,70,0,5,24,2123,-0.262,0.864,56.3,698,-0.299,0.768,59.4,-47.7,0
r40,2,15,70,0,5,48,2123,-0.262,0.864,56.3,698,-0.299,0.768,59.4,-47.7,0
r40,2,15,70,2,2,0,3025,-0.239,0.817,42.4,1029,-0.321,0.699,47.6,-56.1,0
r40,2,15,70,2,2,24,3025,-0.239,0.817,42.4,1029,-0.321,0.699,47.6,-56.1,0
r40,2,15,70,2,2,48,3025,-0.239,0.817,42.4,1029,-0.321,0.699,47.6,-56.1,0
r40,2,15,70,2,3,0,2602,-0.234,0.848,52.3,848,-0.349,0.715,54.6,-52.6,0
r40,2,15,70,2,3,24,2602,-0.234,0.848,52.3,848,-0.349,0.715,54.6,-52.6,0
r40,2,15,70,2,3,48,2602,-0.234,0.848,52.3,848,-0.349,0.715,54.6,-52.6,0
r40,2,15,70,2,5,0,2166,-0.253,0.853,60.5,707,-0.303,0.753,60.2,-46.9,0
r40,2,15,70,2,5,24,2166,-0.253,0.853,60.5,707,-0.303,0.753,60.2,-46.9,0
r40,2,15,70,2,5,48,2166,-0.253,0.853,60.5,707,-0.303,0.753,60.2,-46.9,0
r40,2,15,70,3,2,0,3014,-0.219,0.838,40.6,1028,-0.360,0.673,46.3,-59.1,0
r40,2,15,70,3,2,24,3014,-0.219,0.838,40.6,1028,-0.360,0.673,46.3,-59.1,0
r40,2,15,70,3,2,48,3014,-0.219,0.838,40.6,1028,-0.360,0.673,46.3,-59.1,0
r40,2,15,70,3,3,0,2585,-0.225,0.858,50.2,844,-0.385,0.691,53.6,-55.6,0
r40,2,15,70,3,3,24,2585,-0.225,0.858,50.2,844,-0.385,0.691,53.6,-55.6,0
r40,2,15,70,3,3,48,2585,-0.225,0.858,50.2,844,-0.385,0.691,53.6,-55.6,0
r40,2,15,70,3,5,0,2145,-0.248,0.861,58.4,703,-0.322,0.740,59.9,-48.6,0
r40,2,15,70,3,5,24,2145,-0.248,0.861,58.4,703,-0.322,0.740,59.9,-48.6,0
r40,2,15,70,3,5,48,2145,-0.248,0.861,58.4,703,-0.322,0.740,59.9,-48.6,0
r40,3,5,60,0,2,0,291,0.271,1.096,37.1,103,-0.124,0.905,41.9,-12.9,2
r40,3,5,60,0,2,24,291,0.271,1.096,37.1,103,-0.124,0.905,41.9,-12.9,2
r40,3,5,60,0,2,48,291,0.271,1.096,37.1,103,-0.124,0.905,41.9,-12.9,2
r40,3,5,60,0,3,0,260,0.128,1.015,45.3,89,-0.088,0.969,50.0,-12.0,3
r40,3,5,60,0,3,24,260,0.128,1.015,45.3,89,-0.112,0.953,50.0,-12.0,3
r40,3,5,60,0,3,48,260,0.128,1.015,45.3,89,-0.088,0.969,50.0,-12.0,3
r40,3,5,60,0,5,0,229,0.173,1.007,54.7,82,-0.045,1.010,55.5,-14.1,3
r40,3,5,60,0,5,24,229,0.173,1.007,54.7,82,-0.072,0.993,55.5,-14.2,3
r40,3,5,60,0,5,48,229,0.173,1.007,54.7,82,-0.045,1.010,55.5,-14.1,3
r40,3,5,60,2,2,0,291,0.123,0.974,43.5,103,-0.053,0.951,47.7,-11.6,2
r40,3,5,60,2,2,24,291,0.123,0.974,43.5,103,-0.053,0.951,47.7,-11.6,2
r40,3,5,60,2,2,48,291,0.123,0.974,43.5,103,-0.053,0.951,47.7,-11.6,2
r40,3,5,60,2,3,0,260,0.003,0.914,51.6,89,-0.158,0.901,53.4,-12.1,1
r40,3,5,60,2,3,24,260,0.003,0.914,51.6,89,-0.158,0.901,53.4,-12.1,1
r40,3,5,60,2,3,48,260,0.003,0.914,51.6,89,-0.158,0.901,53.4,-12.1,1
r40,3,5,60,2,5,0,229,0.127,0.965,61.8,82,-0.002,1.006,60.8,-12.9,2
r40,3,5,60,2,5,24,229,0.127,0.965,61.8,82,-0.002,1.006,60.8,-12.9,2
r40,3,5,60,2,5,48,229,0.127,0.965,61.8,82,-0.002,1.006,60.8,-12.9,2
r40,3,5,60,3,2,0,291,0.235,1.046,40.6,103,-0.232,0.812,42.8,-12.6,2
r40,3,5,60,3,2,24,291,0.235,1.046,40.6,103,-0.232,0.812,42.8,-12.6,2
r40,3,5,60,3,2,48,291,0.235,1.046,40.6,103,-0.232,0.812,42.8,-12.6,2
r40,3,5,60,3,3,0,260,0.129,0.981,48.9,89,-0.248,0.846,50.0,-12.0,1
r40,3,5,60,3,3,24,260,0.129,0.981,48.9,89,-0.272,0.832,50.0,-12.0,1
r40,3,5,60,3,3,48,260,0.129,0.981,48.9,89,-0.248,0.846,50.0,-12.0,1
r40,3,5,60,3,5,0,229,0.307,1.049,59.7,82,-0.282,0.851,55.5,-14.1,1
r40,3,5,60,3,5,24,229,0.307,1.049,59.7,82,-0.309,0.837,55.5,-14.1,1
r40,3,5,60,3,5,48,229,0.307,1.049,59.7,82,-0.282,0.851,55.5,-14.1,1
r40,3,5,70,0,2,0,290,0.401,1.125,32.4,103,-0.065,0.970,36.6,-14.1,2
r40,3,5,70,0,2,24,290,0.401,1.125,32.4,103,-0.033,0.990,37.7,-13.5,2
r40,3,5,70,0,2,48,290,0.401,1.125,32.4,103,-0.065,0.970,36.6,-14.1,2
r40,3,5,70,0,3,0,260,0.231,1.029,40.2,89,-0.040,1.005,46.5,-12.8,2
r40,3,5,70,0,3,24,260,0.227,1.026,39.9,89,-0.051,0.997,47.8,-13.0,2
r40,3,5,70,0,3,48,260,0.231,1.029,40.2,89,-0.040,1.005,46.5,-12.8,2
r40,3,5,70,0,5,0,227,0.306,1.037,52.4,82,-0.220,0.915,52.0,-17.2,2
r40,3,5,70,0,5,24,227,0.290,1.027,52.1,82,-0.236,0.907,52.0,-17.4,2
r40,3,5,70,0,5,48,227,0.306,1.037,52.4,82,-0.220,0.915,52.0,-17.2,2
r40,3,5,70,2,2,0,291,0.117,0.973,42.2,103,-0.085,0.931,45.6,-11.5,2
r40,3,5,70,2,2,24,291,0.117,0.973,42.2,103,-0.085,0.931,45.6,-11.5,2
r40,3,5,70,2,2,48,291,0.117,0.973,42.2,103,-0.085,0.931,45.6,-11.5,2
r40,3,5,70,2,3,0,260,0.010,0.929,50.4,89,-0.294,0.815,52.3,-13.6,0
r40,3,5,70,2,3,24,260,0.006,0.925,50.1,89,-0.294,0.815,52.3,-13.6,0
r40,3,5,70,2,3,48,260,0.010,0.929,50.4,89,-0.294,0.815,52.3,-13.6,0
r40,3,5,70,2,5,0,229,0.058,0.931,61.6,82,-0.292,0.830,59.6,-16.4,1
r40,3,5,70,2,5,24,229,0.053,0.928,61.3,82,-0.282,0.834,59.6,-16.3,1
r40,3,5,70,2,5,48,229,0.058,0.931,61.6,82,-0.292,0.830,59.6,-16.4,1
r40,3,5,70,3,2,0,290,0.195,1.012,37.6,103,-0.325,0.772,37.6,-13.8,1
r40,3,5,70,3,2,24,290,0.195,1.012,37.6,103,-0.293,0.789,38.7,-13.3,1
r40,3,5,70,3,2,48,290,0.195,1.012,37.6,103,-0.325,0.772,37.6,-13.8,1
r40,3,5,70,3,3,0,260,0.063,0.946,45.6,89,-0.390,0.775,46.5,-13.4,1
r40,3,5,70,3,3,24,260,0.059,0.943,45.3,89,-0.401,0.769,47.8,-13.6,1
r40,3,5,70,3,3,48,260,0.063,0.946,45.6,89,-0.390,0.775,46.5,-13.4,1
r40,3,5,70,3,5,0,227,0.217,0.994,58.6,82,-0.566,0.733,53.0,-17.2,0
r40,3,5,70,3,5,24,227,0.212,0.990,58.3,82,-0.583,0.727,53.0,-17.4,0
r40,3,5,70,3,5,48,227,0.217,0.994,58.6,82,-0.566,0.733,53.0,-17.2,0
r40,3,10,60,0,2,0,865,-0.073,0.928,34.8,314,-0.503,0.611,37.5,-32.1,0
r40,3,10,60,0,2,24,865,-0.073,0.928,34.8,314,-0.503,0.611,37.5,-32.1,0
r40,3,10,60,0,2,48,865,-0.073,0.928,34.8,314,-0.503,0.611,37.5,-32.1,0
r40,3,10,60,0,3,0,752,-0.121,0.920,44.1,262,-0.553,0.630,46.9,-30.9,0
r40,3,10,60,0,3,24,752,-0.121,0.920,44.1,262,-0.553,0.630,46.9,-30.9,0
r40,3,10,60,0,3,48,752,-0.121,0.920,44.1,262,-0.553,0.630,46.9,-30.9,0
r40,3,10,60,0,5,0,642,-0.129,0.930,53.0,223,-0.710,0.610,52.6,-33.8,0
r40,3,10,60,0,5,24,642,-0.129,0.930,53.0,223,-0.718,0.607,52.6,-33.9,0
r40,3,10,60,0,5,48,642,-0.129,0.930,53.0,223,-0.710,0.610,52.6,-33.8,0
r40,3,10,60,2,2,0,866,-0.204,0.823,39.4,315,-0.385,0.670,42.6,-27.8,1
r40,3,10,60,2,2,24,866,-0.204,0.823,39.4,315,-0.385,0.670,42.6,-27.8,1
r40,3,10,60,2,2,48,866,-0.204,0.823,39.4,315,-0.385,0.670,42.6,-27.8,1
r40,3,10,60,2,3,0,753,-0.222,0.844,49.5,264,-0.465,0.661,51.0,-27.6,0
r40,3,10,60,2,3,24,753,-0.222,0.844,49.5,264,-0.465,0.661,51.0,-27.6,0
r40,3,10,60,2,3,48,753,-0.222,0.844,49.5,264,-0.465,0.661,51.0,-27.6,0
r40,3,10,60,2,5,0,644,-0.246,0.850,58.4,226,-0.553,0.646,57.1,-29.1,1
r40,3,10,60,2,5,24,644,-0.246,0.850,58.4,226,-0.562,0.643,57.1,-29.1,1
r40,3,10,60,2,5,48,644,-0.246,0.850,58.4,226,-0.553,0.646,57.1,-29.1,1
r40,3,10,60,3,2,0,866,-0.172,0.852,36.8,314,-0.531,0.584,38.5,-32.1,0
r40,3,10,60,3,2,24,866,-0.172,0.852,36.8,314,-0.531,0.584,38.5,-32.1,0
r40,3,10,60,3,2,48,866,-0.172,0.852,36.8,314,-0.531,0.584,38.5,-32.1,0
r40,3,10,60,3,3,0,753,-0.219,0.853,46.3,262,-0.644,0.568,46.9,-32.4,0
r40,3,10,60,3,3,24,753,-0.219,0.853,46.3,262,-0.644,0.568,46.9,-32.4,0
r40,3,10,60,3,3,48,753,-0.219,0.853,46.3,262,-0.644,0.568,46.9,-32.4,0
r40,3,10,60,3,5,0,643,-0.257,0.853,55.5,223,-0.800,0.550,53.1,-34.2,0
r40,3,10,60,3,5,24,643,-0.257,0.853,55.5,223,-0.809,0.547,53.1,-34.2,0
r40,3,10,60,3,5,48,643,-0.257,0.853,55.5,223,-0.800,0.550,53.1,-34.2,0
r40,3,10,70,0,2,0,863,-0.064,0.929,30.5,314,-0.509,0.646,33.1,-34.6,0
r40,3,10,70,0,2,24,863,-0.064,0.929,30.5,314,-0.499,0.650,33.4,-34.1,0
r40,3,10,70,0,2,48,863,-0.064,0.929,30.5,314,-0.509,0.646,33.1,-34.6,0
r40,3,10,70,0,3,0,750,-0.091,0.938,39.9,262,-0.532,0.684,44.2,-33.3,0
r40,3,10,70,0,3,24,750,-0.093,0.937,39.8,262,-0.528,0.686,44.6,-33.2,0
r40,3,10,70,0,3,48,750,-0.091,0.938,39.9,262,-0.532,0.684,44.2,-33.3,0
r40,3,10,70,0,5,0,635,-0.182,0.918,49.7,220,-0.689,0.670,49.5,-36.0,1
r40,3,10,70,0,5,24,635,-0.177,0.920,49.7,220,-0.693,0.669,50.0,-36.1,1
r40,3,10,70,0,5,48,635,-0.182,0.918,49.7,220,-0.689,0.670,49.5,-36.0,1
r40,3,10,70,2,2,0,866,-0.184,0.845,38.4,315,-0.438,0.650,39.8,-31.0,0
r40,3,10,70,2,2,24,866,-0.184,0.845,38.4,315,-0.438,0.650,39.8,-31.0,0
r40,3,10,70,2,2,48,866,-0.184,0.845,38.4,315,-0.438,0.650,39.8,-31.0,0
r40,3,10,70,2,3,0,751,-0.196,0.870,48.7,264,-0.549,0.641,49.1,-32.5,0
r40,3,10,70,2,3,24,751,-0.197,0.868,48.5,264,-0.549,0.641,49.1,-32.5,0
r40,3,10,70,2,3,48,751,-0.196,0.870,48.7,264,-0.549,0.641,49.1,-32.5,0
r40,3,10,70,2,5,0,640,-0.248,0.863,58.6,223,-0.652,0.626,55.0,-32.1,0
r40,3,10,70,2,5,24,640,-0.250,0.861,58.5,223,-0.661,0.622,55.0,-32.4,0
r40,3,10,70,2,5,48,640,-0.248,0.863,58.6,223,-0.652,0.626,55.0,-32.1,0
r40,3,10,70,3,2,0,864,-0.169,0.862,34.7,314,-0.606,0.572,34.0,-36.1,0
r40,3,10,70,3,2,24,864,-0.169,0.862,34.7,314,-0.596,0.576,34.4,-35.7,0
r40,3,10,70,3,2,48,864,-0.169,0.862,34.7,314,-0.606,0.572,34.0,-36.1,0
r40,3,10,70,3,3,0,751,-0.199,0.877,44.7,262,-0.734,0.560,44.2,-36.6,0
r40,3,10,70,3,3,24,751,-0.200,0.875,44.6,262,-0.730,0.562,44.6,-36.5,0
r40,3,10,70,3,3,48,751,-0.199,0.877,44.7,262,-0.734,0.560,44.2,-36.6,0
r40,3,10,70,3,5,0,639,-0.287,0.856,54.7,220,-0.898,0.554,50.0,-36.9,0
r40,3,10,70,3,5,24,639,-0.281,0.858,54.7,220,-0.903,0.553,50.5,-37.0,0
r40,3,10,70,3,5,48,639,-0.287,0.856,54.7,220,-0.898,0.554,50.0,-36.9,0
r40,3,15,60,0,2,0,1565,-0.227,0.844,33.8,542,-0.384,0.684,41.9,-42.0,0
r40,3,15,60,0,2,24,1565,-0.227,0.844,33.8,542,-0.384,0.684,41.9,-42.0,0
r40,3,15,60,0,2,48,1565,-0.227,0.844,33.8,542,-0.384,0.684,41.9,-42.0,0
r40,3,15,60,0,3,0,1340,-0.246,0.859,43.8,455,-0.426,0.703,49.4,-41.7,0
r40,3,15,60,0,3,24,1340,-0.246,0.859,43.8,455,-0.426,0.703,49.4,-41.7,0
r40,3,15,60,0,3,48,1340,-0.246,0.859,43.8,455,-0.426,0.703,49.4,-41.7,0
r40,3,15,60,0,5,0,1110,-0.220,0.889,53.5,372,-0.482,0.699,55.2,-41.3,0
r40,3,15,60,0,5,24,1110,-0.220,0.889,53.5,372,-0.482,0.699,55.2,-41.3,0
r40,3,15,60,0,5,48,1110,-0.220,0.889,53.5,372,-0.482,0.699,55.2,-41.3,0
r40,3,15,60,2,2,0,1569,-0.274,0.796,38.6,544,-0.329,0.706,45.5,-37.4,0
r40,3,15,60,2,2,24,1569,-0.274,0.796,38.6,544,-0.329,0.706,45.5,-37.4,0
r40,3,15,60,2,2,48,1569,-0.274,0.796,38.6,544,-0.329,0.706,45.5,-37.4,0
r40,3,15,60,2,3,0,1346,-0.256,0.837,49.6,455,-0.409,0.694,52.1,-39.3,0
r40,3,15,60,2,3,24,1346,-0.256,0.837,49.6,455,-0.409,0.694,52.1,-39.3,0
r40,3,15,60,2,3,48,1346,-0.256,0.837,49.6,455,-0.409,0.694,52.1,-39.3,0
r40,3,15,60,2,5,0,1124,-0.287,0.841,58.8,375,-0.443,0.698,57.8,-38.6,0
r40,3,15,60,2,5,24,1124,-0.287,0.841,58.8,375,-0.443,0.698,57.8,-38.6,0
r40,3,15,60,2,5,48,1124,-0.287,0.841,58.8,375,-0.443,0.698,57.8,-38.6,0
r40,3,15,60,3,2,0,1567,-0.245,0.824,35.9,542,-0.414,0.656,42.5,-42.6,0
r40,3,15,60,3,2,24,1567,-0.245,0.824,35.9,542,-0.414,0.656,42.5,-42.6,0
r40,3,15,60,3,2,48,1567,-0.245,0.824,35.9,542,-0.414,0.656,42.5,-42.6,0
r40,3,15,60,3,3,0,1343,-0.247,0.849,46.3,455,-0.495,0.650,49.5,-43.9,0
r40,3,15,60,3,3,24,1343,-0.247,0.849,46.3,455,-0.495,0.650,49.5,-43.9,0
r40,3,15,60,3,3,48,1343,-0.247,0.849,46.3,455,-0.495,0.650,49.5,-43.9,0
r40,3,15,60,3,5,0,1116,-0.278,0.852,55.8,372,-0.558,0.643,55.7,-43.2,0
r40,3,15,60,3,5,24,1116,-0.278,0.852,55.8,372,-0.558,0.643,55.7,-43.2,0
r40,3,15,60,3,5,48,1116,-0.278,0.852,55.8,372,-0.558,0.643,55.7,-43.2,0
r40,3,15,70,0,2,0,1548,-0.207,0.865,29.9,535,-0.464,0.665,35.1,-48.5,0
r40,3,15,70,0,2,24,1548,-0.204,0.867,30.0,535,-0.459,0.668,35.3,-48.1,0
r40,3,15,70,0,2,48,1548,-0.207,0.865,29.9,535,-0.464,0.665,35.1,-48.5,0
r40,3,15,70,0,3,0,1315,-0.185,0.900,40.2,444,-0.502,0.704,44.4,-46.7,0
r40,3,15,70,0,3,24,1315,-0.181,0.902,40.2,444,-0.500,0.706,44.6,-46.6,0
r40,3,15,70,0,3,48,1315,-0.185,0.900,40.2,444,-0.502,0.704,44.4,-46.7,0
r40,3,15,70,0,5,0,1080,-0.162,0.929,51.0,357,-0.598,0.696,51.2,-45.9,0
r40,3,15,70,0,5,24,1081,-0.160,0.929,51.0,357,-0.599,0.697,51.5,-45.9,0
r40,3,15,70,0,5,48,1080,-0.162,0.929,51.0,357,-0.598,0.696,51.2,-45.9,0
r40,3,15,70,2,2,0,1566,-0.259,0.812,37.6,540,-0.390,0.684,41.0,-42.3,0
r40,3,15,70,2,2,24,1566,-0.259,0.812,37.6,540,-0.390,0.684,41.0,-42.3,0
r40,3,15,70,2,2,48,1566,-0.259,0.812,37.6,540,-0.390,0.684,41.0,-42.3,0
r40,3,15,70,2,3,0,1336,-0.219,0.867,48.9,448,-0.528,0.654,48.6,-46.3,0
r40,3,15,70,2,3,24,1336,-0.221,0.865,48.9,448,-0.528,0.654,48.6,-46.3,0
r40,3,15,70,2,3,48,1336,-0.219,0.867,48.9,448,-0.528,0.654,48.6,-46.3,0
r40,3,15,70,2,5,0,1105,-0.298,0.849,58.8,362,-0.589,0.655,55.3,-44.6,0
r40,3,15,70,2,5,24,1105,-0.300,0.847,58.8,362,-0.591,0.654,55.3,-44.7,0
r40,3,15,70,2,5,48,1105,-0.298,0.849,58.8,362,-0.589,0.655,55.3,-44.6,0
r40,3,15,70,3,2,0,1558,-0.242,0.833,33.8,537,-0.502,0.630,36.4,-48.6,0
r40,3,15,70,3,2,24,1558,-0.242,0.833,33.8,537,-0.497,0.633,36.6,-48.3,0
r40,3,15,70,3,2,48,1558,-0.242,0.833,33.8,537,-0.502,0.630,36.4,-48.6,0
r40,3,15,70,3,3,0,1325,-0.217,0.876,44.7,446,-0.621,0.621,45.0,-49.7,0
r40,3,15,70,3,3,24,1325,-0.217,0.876,44.6,446,-0.619,0.622,45.3,-49.6,0
r40,3,15,70,3,3,48,1325,-0.217,0.876,44.7,446,-0.621,0.621,45.0,-49.7,0
r40,3,15,70,3,5,0,1092,-0.292,0.862,55.1,358,-0.729,0.610,51.9,-48.8,0
r40,3,15,70,3,5,24,1093,-0.289,0.863,55.0,358,-0.729,0.611,52.2,-48.9,0
r40,3,15,70,3,5,48,1092,-0.292,0.862,55.1,358,-0.729,0.610,51.9,-48.8,0
r40,4,5,60,0,2,0,86,-0.027,0.964,27.7,38,0.158,1.000,34.5,-7.2,3
r40,4,5,60,0,2,24,86,-0.027,0.964,27.7,38,0.158,1.000,34.5,-7.2,3
r40,4,5,60,0,2,48,86,-0.027,0.964,27.7,38,0.158,1.000,34.5,-7.2,3
r40,4,5,60,0,3,0,76,-0.405,0.820,35.4,31,0.221,1.104,47.2,-6.9,3
r40,4,5,60,0,3,24,76,-0.405,0.820,35.4,31,0.221,1.104,47.2,-6.9,3
r40,4,5,60,0,3,48,76,-0.405,0.820,35.4,31,0.221,1.104,47.2,-6.9,3
r40,4,5,60,0,5,0,69,-0.455,0.740,45.7,28,-0.415,0.815,47.7,-9.5,2
r40,4,5,60,0,5,24,69,-0.467,0.737,45.7,28,-0.358,0.832,47.7,-9.3,2
r40,4,5,60,0,5,48,69,-0.455,0.740,45.7,28,-0.415,0.815,47.7,-9.5,2
r40,4,5,60,2,2,0,86,-0.050,0.864,42.1,38,-0.164,0.846,39.2,-6.0,1
r40,4,5,60,2,2,24,86,-0.050,0.864,42.1,38,-0.164,0.846,39.2,-6.0,1
r40,4,5,60,2,2,48,86,-0.050,0.864,42.1,38,-0.164,0.846,39.2,-6.0,1
r40,4,5,60,2,3,0,76,-0.200,0.765,50.1,31,-0.395,0.760,47.2,-6.9,2
r40,4,5,60,2,3,24,76,-0.200,0.765,50.1,31,-0.395,0.760,47.2,-6.9,2
r40,4,5,60,2,3,48,76,-0.200,0.765,50.1,31,-0.395,0.760,47.2,-6.9,2
r40,4,5,60,2,5,0,69,-0.435,0.648,58.9,28,-1.028,0.568,47.7,-9.6,1
r40,4,5,60,2,5,24,69,-0.448,0.645,58.9,28,-0.971,0.581,47.7,-9.3,1
r40,4,5,60,2,5,48,69,-0.435,0.648,58.9,28,-1.028,0.568,47.7,-9.6,1
r40,4,5,60,3,2,0,86,-0.031,0.899,33.4,38,-0.366,0.696,34.5,-7.2,1
r40,4,5,60,3,2,24,86,-0.031,0.899,33.4,38,-0.366,0.696,34.5,-7.2,1
r40,4,5,60,3,2,48,86,-0.031,0.899,33.4,38,-0.366,0.696,34.5,-7.2,1
r40,4,5,60,3,3,0,76,-0.181,0.805,42.1,31,-0.349,0.784,47.2,-7.0,2
r40,4,5,60,3,3,24,76,-0.181,0.805,42.1,31,-0.349,0.784,47.2,-7.0,2
r40,4,5,60,3,3,48,76,-0.181,0.805,42.1,31,-0.349,0.784,47.2,-7.0,2
r40,4,5,60,3,5,0,69,-0.271,0.712,54.5,28,-1.031,0.561,47.7,-9.8,1
r40,4,5,60,3,5,24,69,-0.284,0.709,54.5,28,-0.974,0.573,47.7,-9.6,1
r40,4,5,60,3,5,48,69,-0.271,0.712,54.5,28,-1.031,0.561,47.7,-9.8,1
r40,4,5,70,0,2,0,86,-0.378,0.844,21.9,38,0.236,1.043,31.2,-7.6,3
r40,4,5,70,0,2,24,86,-0.378,0.844,21.9,38,0.332,1.095,34.5,-7.2,3
r40,4,5,70,0,2,48,86,-0.378,0.844,21.9,38,0.236,1.043,31.2,-7.6,3
r40,4,5,70,0,3,0,76,-0.305,0.803,32.2,31,0.026,0.963,37.0,-8.0,3
r40,4,5,70,0,3,24,76,-0.305,0.803,32.2,31,0.338,1.127,43.2,-6.9,3
r40,4,5,70,0,3,48,76,-0.305,0.803,32.2,31,0.026,0.963,37.0,-8.0,3
r40,4,5,70,0,5,0,69,-0.884,0.717,39.7,28,-0.168,0.912,46.6,-9.0,3
r40,4,5,70,0,5,24,69,-0.960,0.690,38.2,28,-0.052,0.952,50.6,-8.6,3
r40,4,5,70,0,5,48,69,-0.884,0.717,39.7,28,-0.168,0.912,46.6,-9.0,3
r40,4,5,70,2,2,0,86,-0.030,0.882,42.1,38,-0.169,0.843,39.2,-6.0,1
r40,4,5,70,2,2,24,86,-0.030,0.882,42.1,38,-0.169,0.843,39.2,-6.0,1
r40,4,5,70,2,2,48,86,-0.030,0.882,42.1,38,-0.169,0.843,39.2,-6.0,1
r40,4,5,70,2,3,0,76,-0.235,0.750,48.8,31,-0.694,0.662,39.2,-7.5,0
r40,4,5,70,2,3,24,76,-0.235,0.750,48.8,31,-0.459,0.734,43.2,-6.9,1
r40,4,5,70,2,3,48,76,-0.235,0.750,48.8,31,-0.694,0.662,39.2,-7.5,0
r40,4,5,70,2,5,0,69,-0.380,0.671,58.9,28,-1.041,0.578,46.6,-9.3,0
r40,4,5,70,2,5,24,69,-0.412,0.661,58.9,28,-0.924,0.604,50.6,-8.9,0
r40,4,5,70,2,5,48,69,-0.380,0.671,58.9,28,-1.041,0.578,46.6,-9.3,0
r40,4,5,70,3,2,0,86,-0.016,0.925,32.4,38,-0.371,0.716,31.2,-7.6,3
r40,4,5,70,3,2,24,86,-0.016,0.925,32.4,38,-0.275,0.756,34.5,-7.2,3
r40,4,5,70,3,2,48,86,-0.016,0.925,32.4,38,-0.371,0.716,31.2,-7.6,3
r40,4,5,70,3,3,0,76,-0.166,0.832,40.8,31,-0.504,0.756,39.2,-7.5,2
r40,4,5,70,3,3,24,76,-0.166,0.832,40.8,31,-0.269,0.838,43.2,-6.9,3
r40,4,5,70,3,3,48,76,-0.166,0.832,40.8,31,-0.504,0.756,39.2,-7.5,2
r40,4,5,70,3,5,0,69,-0.300,0.738,52.5,28,-0.888,0.634,46.6,-9.3,1
r40,4,5,70,3,5,24,69,-0.353,0.720,52.5,28,-0.771,0.662,50.6,-8.9,1
r40,4,5,70,3,5,48,69,-0.300,0.738,52.5,28,-0.888,0.634,46.6,-9.3,1
r40,4,10,60,0,2,0,386,0.358,1.139,33.3,142,-0.102,0.917,38.7,-16.6,2
r40,4,10,60,0,2,24,386,0.358,1.139,33.3,142,-0.102,0.917,38.7,-16.6,2
r40,4,10,60,0,2,48,386,0.358,1.139,33.3,142,-0.102,0.917,38.7,-16.6,2
r40,4,10,60,0,3,0,340,0.273,1.074,41.6,122,0.007,1.021,50.7,-15.8,2
r40,4,10,60,0,3,24,340,0.270,1.072,41.4,122,0.007,1.021,50.7,-15.8,2
r40,4,10,60,0,3,48,340,0.273,1.074,41.6,122,0.007,1.021,50.7,-15.8,2
r40,4,10,60,0,5,0,294,0.268,1.041,51.9,109,-0.284,0.862,54.5,-22.4,2
r40,4,10,60,0,5,24,294,0.264,1.039,51.6,109,-0.299,0.856,54.5,-22.4,2
r40,4,10,60,0,5,48,294,0.268,1.041,51.9,109,-0.284,0.862,54.5,-22.4,2
r40,4,10,60,2,2,0,386,0.080,0.956,41.9,142,-0.104,0.900,45.9,-15.2,2
r40,4,10,60,2,2,24,386,0.080,0.956,41.9,142,-0.104,0.900,45.9,-15.2,2
r40,4,10,60,2,2,48,386,0.080,0.956,41.9,142,-0.104,0.900,45.9,-15.2,2
r40,4,10,60,2,3,0,340,0.044,0.939,51.1,122,-0.060,0.970,56.6,-14.6,2
r40,4,10,60,2,3,24,340,0.040,0.936,50.9,122,-0.060,0.970,56.6,-14.6,2
r40,4,10,60,2,3,48,340,0.044,0.939,51.1,122,-0.060,0.970,56.6,-14.6,2
r40,4,10,60,2,5,0,294,-0.028,0.887,60.3,109,-0.181,0.890,62.0,-18.6,1
r40,4,10,60,2,5,24,294,-0.032,0.885,60.0,109,-0.196,0.883,62.0,-18.6,1
r40,4,10,60,2,5,48,294,-0.028,0.887,60.3,109,-0.181,0.890,62.0,-18.6,1
r40,4,10,60,3,2,0,386,0.117,0.969,37.2,142,-0.301,0.768,39.5,-17.7,0
r40,4,10,60,3,2,24,386,0.117,0.969,37.2,142,-0.301,0.768,39.5,-17.7,0
r40,4,10,60,3,2,48,386,0.117,0.969,37.2,142,-0.301,0.768,39.5,-17.7,0
r40,4,10,60,3,3,0,340,0.043,0.932,45.8,122,-0.262,0.848,50.7,-17.3,1
r40,4,10,60,3,3,24,340,0.039,0.929,45.6,122,-0.262,0.848,50.7,-17.3,1
r40,4,10,60,3,3,48,340,0.043,0.932,45.8,122,-0.262,0.848,50.7,-17.3,1
r40,4,10,60,3,5,0,294,0.132,0.963,57.2,109,-0.631,0.697,54.5,-23.3,0
r40,4,10,60,3,5,24,294,0.128,0.961,56.9,109,-0.646,0.693,54.5,-23.3,0
r40,4,10,60,3,5,48,294,0.132,0.963,57.2,109,-0.631,0.697,54.5,-23.3,0
r40,4,10,70,0,2,0,385,0.373,1.146,27.1,142,-0.119,0.909,33.8,-17.7,2
r40,4,10,70,0,2,24,385,0.380,1.150,27.1,142,-0.084,0.931,34.6,-16.9,2
r40,4,10,70,0,2,48,385,0.368,1.142,27.1,142,-0.119,0.909,33.8,-17.7,2
r40,4,10,70,0,3,0,340,0.353,1.085,35.3,122,-0.107,0.941,43.7,-17.8,2
r40,4,10,70,0,3,24,340,0.356,1.085,35.0,122,-0.069,0.964,44.4,-17.5,2
r40,4,10,70,0,3,48,340,0.347,1.082,35.3,122,-0.107,0.941,43.7,-17.8,2
r40,4,10,70,0,5,0,291,0.259,1.037,47.1,108,-0.384,0.813,50.9,-25.0,1
r40,4,10,70,0,5,24,291,0.308,1.059,47.1,108,-0.374,0.820,50.8,-24.8,1
r40,4,10,70,0,5,48,291,0.252,1.034,47.1,108,-0.384,0.813,50.9,-25.0,1
r40,4,10,70,2,2,0,386,0.085,0.964,41.3,142,-0.136,0.877,43.3,-15.5,2
r40,4,10,70,2,2,24,386,0.085,0.964,41.3,142,-0.123,0.887,43.3,-15.3,2
r40,4,10,70,2,2,48,386,0.085,0.964,41.3,142,-0.136,0.877,43.3,-15.5,2
r40,4,10,70,2,3,0,340,0.037,0.939,50.1,122,-0.132,0.919,52.8,-16.2,2
r40,4,10,70,2,3,24,340,0.034,0.937,49.9,122,-0.123,0.925,52.8,-16.0,2
r40,4,10,70,2,3,48,340,0.037,0.939,50.1,122,-0.132,0.919,52.8,-16.2,2
r40,4,10,70,2,5,0,294,-0.026,0.892,60.8,108,-0.184,0.891,61.9,-19.4,1
r40,4,10,70,2,5,24,294,-0.044,0.883,60.2,108,-0.206,0.881,61.0,-19.4,1
r40,4,10,70,2,5,48,294,-0.026,0.892,60.8,108,-0.184,0.891,61.9,-19.4,1
r40,4,10,70,3,2,0,385,0.108,0.977,35.1,142,-0.286,0.789,36.1,-18.3,0
r40,4,10,70,3,2,24,385,0.108,0.977,35.1,142,-0.251,0.809,36.9,-17.7,1
r40,4,10,70,3,2,48,385,0.108,0.977,35.1,142,-0.286,0.789,36.1,-18.3,0
r40,4,10,70,3,3,0,340,-0.006,0.924,42.9,122,-0.290,0.841,46.1,-18.7,1
r40,4,10,70,3,3,24,340,-0.009,0.922,42.7,122,-0.277,0.848,46.1,-18.4,1
r40,4,10,70,3,3,48,340,-0.006,0.924,42.9,122,-0.290,0.841,46.1,-18.7,1
r40,4,10,70,3,5,0,292,0.065,0.943,56.1,108,-0.595,0.730,53.4,-24.3,0
r40,4,10,70,3,5,24,292,0.062,0.943,55.8,108,-0.613,0.725,52.5,-24.3,0
r40,4,10,70,3,5,48,292,0.065,0.943,56.1,108,-0.595,0.730,53.4,-24.3,0
r40,4,15,60,0,2,0,878,-0.098,0.926,30.4,297,-0.343,0.760,35.2,-28.2,1
r40,4,15,60,0,2,24,878,-0.098,0.926,30.4,297,-0.343,0.760,35.2,-28.2,1
r40,4,15,60,0,2,48,878,-0.098,0.926,30.4,297,-0.343,0.760,35.2,-28.2,1
r40,4,15,60,0,3,0,749,-0.119,0.940,40.1,249,-0.386,0.785,46.4,-28.9,1
r40,4,15,60,0,3,24,749,-0.121,0.939,40.0,249,-0.386,0.785,46.4,-28.9,1
r40,4,15,60,0,3,48,749,-0.119,0.940,40.1,249,-0.386,0.785,46.4,-28.9,1
r40,4,15,60,0,5,0,616,-0.145,0.947,50.6,208,-0.513,0.763,53.8,-32.8,2
r40,4,15,60,0,5,24,616,-0.149,0.946,50.5,208,-0.537,0.755,53.8,-33.1,1
r40,4,15,60,0,5,48,616,-0.145,0.947,50.6,208,-0.513,0.763,53.8,-32.8,2
r40,4,15,60,2,2,0,880,-0.249,0.808,37.4,298,-0.336,0.729,41.7,-25.7,0
r40,4,15,60,2,2,24,880,-0.249,0.808,37.4,298,-0.336,0.729,41.7,-25.7,0
r40,4,15,60,2,2,48,880,-0.249,0.808,37.4,298,-0.336,0.729,41.7,-25.7,0
r40,4,15,60,2,3,0,752,-0.249,0.847,48.0,251,-0.414,0.733,51.8,-26.6,1
r40,4,15,60,2,3,24,752,-0.251,0.846,47.9,251,-0.414,0.733,51.8,-26.6,1
r40,4,15,60,2,3,48,752,-0.249,0.847,48.0,251,-0.414,0.733,51.8,-26.6,1
r40,4,15,60,2,5,0,622,-0.330,0.833,57.8,210,-0.460,0.731,59.5,-28.6,1
r40,4,15,60,2,5,24,622,-0.333,0.831,57.6,210,-0.484,0.722,59.5,-28.8,1
r40,4,15,60,2,5,48,622,-0.330,0.833,57.8,210,-0.460,0.731,59.5,-28.6,1
r40,4,15,60,3,2,0,878,-0.193,0.855,34.1,297,-0.466,0.671,36.1,-28.6,0
r40,4,15,60,3,2,24,878,-0.193,0.855,34.1,297,-0.466,0.671,36.1,-28.6,0
r40,4,15,60,3,2,48,878,-0.193,0.855,34.1,297,-0.466,0.671,36.1,-28.6,0
r40,4,15,60,3,3,0,750,-0.205,0.881,44.4,249,-0.598,0.654,46.4,-31.3,1
r40,4,15,60,3,3,24,750,-0.207,0.880,44.3,249,-0.598,0.654,46.4,-31.3,1
r40,4,15,60,3,3,48,750,-0.205,0.881,44.4,249,-0.598,0.654,46.4,-31.3,1
r40,4,15,60,3,5,0,619,-0.280,0.865,54.7,208,-0.715,0.652,54.3,-33.9,1
r40,4,15,60,3,5,24,619,-0.284,0.863,54.6,208,-0.739,0.645,54.3,-34.2,1
r40,4,15,60,3,5,48,619,-0.280,0.865,54.7,208,-0.715,0.652,54.3,-33.9,1
r40,4,15,70,0,2,0,874,-0.058,0.948,25.7,297,-0.402,0.739,29.3,-32.4,0
r40,4,15,70,0,2,24,874,-0.062,0.946,25.7,297,-0.421,0.727,29.6,-32.7,0
r40,4,15,70,0,2,48,874,-0.060,0.946,25.7,297,-0.402,0.739,29.3,-32.4,0
r40,4,15,70,0,3,0,742,-0.099,0.947,34.6,248,-0.468,0.764,39.3,-32.6,1
r40,4,15,70,0,3,24,742,-0.110,0.942,34.4,248,-0.460,0.766,40.0,-32.5,1
r40,4,15,70,0,3,48,742,-0.101,0.946,34.6,248,-0.468,0.764,39.3,-32.6,1
r40,4,15,70,0,5,0,604,-0.197,0.937,45.9,204,-0.713,0.720,48.7,-37.9,2
r40,4,15,70,0,5,24,604,-0.179,0.945,46.1,204,-0.737,0.712,48.2,-37.8,2
r40,4,15,70,0,5,48,604,-0.200,0.936,45.9,204,-0.713,0.720,48.7,-37.9,2
r40,4,15,70,2,2,0,880,-0.240,0.816,36.6,298,-0.364,0.723,38.5,-27.8,0
r40,4,15,70,2,2,24,880,-0.240,0.816,36.6,298,-0.364,0.723,38.5,-27.8,0
r40,4,15,70,2,2,48,880,-0.240,0.816,36.6,298,-0.364,0.723,38.5,-27.8,0
r40,4,15,70,2,3,0,750,-0.261,0.845,46.8,250,-0.504,0.696,46.8,-30.4,0
r40,4,15,70,2,3,24,750,-0.263,0.843,46.7,250,-0.477,0.710,47.2,-29.9,0
r40,4,15,70,2,3,48,750,-0.261,0.845,46.8,250,-0.504,0.696,46.8,-30.4,0
r40,4,15,70,2,5,0,619,-0.350,0.833,57.7,207,-0.523,0.713,58.0,-31.3,0
r40,4,15,70,2,5,24,619,-0.368,0.826,57.4,207,-0.506,0.723,57.5,-30.6,1
r40,4,15,70,2,5,48,619,-0.350,0.833,57.7,207,-0.523,0.713,58.0,-31.3,0
r40,4,15,70,3,2,0,877,-0.180,0.871,32.2,297,-0.511,0.659,31.6,-31.7,0
r40,4,15,70,3,2,24,877,-0.180,0.871,32.2,297,-0.500,0.664,32.0,-31.4,0
r40,4,15,70,3,2,48,877,-0.180,0.871,32.2,297,-0.511,0.659,31.6,-31.7,0
r40,4,15,70,3,3,0,748,-0.227,0.878,41.7,248,-0.688,0.631,41.1,-34.5,0
r40,4,15,70,3,3,24,748,-0.228,0.878,41.6,248,-0.658,0.643,41.4,-33.8,0
r40,4,15,70,3,3,48,748,-0.227,0.878,41.7,248,-0.688,0.631,41.1,-34.5,0
r40,4,15,70,3,5,0,616,-0.309,0.864,53.5,205,-0.877,0.619,51.1,-38.0,0
r40,4,15,70,3,5,24,616,-0.322,0.860,53.1,205,-0.859,0.627,50.6,-37.0,0
r40,4,15,70,3,5,48,616,-0.309,0.864,53.5,205,-0.877,0.619,51.1,-38.0,0