guard,coreLen,coreTh,exitTh,tp,sl,maxBars,trainN,trainExp,trainPF,trainWin,testN,testExp,testPF,testWin,testDD,robust
none,2,5,60,0,2,0,549,-0.337,0.830,22.2,280,-0.035,0.976,30.3,-23.2,2
none,2,5,60,0,2,24,549,-0.337,0.830,22.2,280,-0.035,0.976,30.3,-23.2,2
none,2,5,60,0,2,48,549,-0.337,0.830,22.2,280,-0.035,0.976,30.3,-23.2,2
none,2,5,60,0,3,0,524,-0.265,0.888,29.8,262,0.176,1.100,41.3,-25.5,3
none,2,5,60,0,3,24,524,-0.265,0.888,29.8,262,0.176,1.100,41.3,-25.5,3
none,2,5,60,0,3,48,524,-0.265,0.888,29.8,262,0.176,1.100,41.3,-25.5,3
none,2,5,60,0,5,0,481,-0.565,0.829,39.3,227,0.362,1.167,54.0,-26.5,4
none,2,5,60,0,5,24,481,-0.565,0.829,39.3,227,0.362,1.167,54.0,-26.5,4
none,2,5,60,0,5,48,481,-0.565,0.829,39.3,227,0.362,1.167,54.0,-26.5,4
none,2,5,60,2,2,0,549,-0.226,0.885,27.5,280,-0.086,0.938,33.8,-21.5,2
none,2,5,60,2,2,24,549,-0.226,0.885,27.5,280,-0.086,0.938,33.8,-21.5,2
none,2,5,60,2,2,48,549,-0.226,0.885,27.5,280,-0.086,0.938,33.8,-21.5,2
none,2,5,60,2,3,0,525,-0.176,0.919,36.1,263,0.091,1.053,45.0,-23.9,3
none,2,5,60,2,3,24,525,-0.176,0.919,36.1,263,0.091,1.053,45.0,-23.9,3
none,2,5,60,2,3,48,525,-0.176,0.919,36.1,263,0.091,1.053,45.0,-23.9,3
none,2,5,60,2,5,0,483,-0.279,0.916,47.2,229,0.400,1.201,58.8,-25.8,4
none,2,5,60,2,5,24,483,-0.279,0.916,47.2,229,0.400,1.201,58.8,-25.8,4
none,2,5,60,2,5,48,483,-0.279,0.916,47.2,229,0.400,1.201,58.8,-25.8,4
none,2,5,60,3,2,0,549,-0.236,0.885,25.6,280,-0.144,0.899,31.7,-22.3,1
none,2,5,60,3,2,24,549,-0.236,0.885,25.6,280,-0.144,0.899,31.7,-22.3,1
none,2,5,60,3,2,48,549,-0.236,0.885,25.6,280,-0.144,0.899,31.7,-22.3,1
none,2,5,60,3,3,0,525,-0.129,0.946,34.6,262,0.002,1.001,42.5,-24.9,2
none,2,5,60,3,3,24,525,-0.129,0.946,34.6,262,0.002,1.001,42.5,-24.9,2
none,2,5,60,3,3,48,525,-0.129,0.946,34.6,262,0.002,1.001,42.5,-24.9,2
none,2,5,60,3,5,0,482,-0.273,0.922,45.3,228,0.279,1.131,56.5,-25.6,3
none,2,5,60,3,5,24,482,-0.273,0.922,45.3,228,0.279,1.131,56.5,-25.6,3
none,2,5,60,3,5,48,482,-0.273,0.922,45.3,228,0.279,1.131,56.5,-25.6,3
none,2,5,70,0,2,0,548,-0.275,0.861,19.6,279,-0.119,0.928,25.6,-24.9,2
none,2,5,70,0,2,24,548,-0.275,0.861,19.6,279,-0.119,0.928,25.6,-24.9,2
none,2,5,70,0,2,48,548,-0.275,0.861,19.6,279,-0.119,0.928,25.6,-24.9,2
none,2,5,70,0,3,0,521,-0.177,0.923,27.1,261,0.022,1.014,34.9,-27.2,3
none,2,5,70,0,3,24,521,-0.177,0.923,27.1,261,0.022,1.014,34.9,-27.2,3
none,2,5,70,0,3,48,521,-0.177,0.923,27.1,261,0.022,1.014,34.9,-27.2,3
none,2,5,70,0,5,0,478,-0.543,0.839,35.6,225,0.121,1.050,47.3,-31.0,3
none,2,5,70,0,5,24,478,-0.543,0.839,35.6,225,0.121,1.050,47.3,-31.0,3
none,2,5,70,0,5,48,478,-0.543,0.839,35.6,225,0.121,1.050,47.3,-31.0,3
none,2,5,70,2,2,0,549,-0.205,0.900,27.5,280,-0.058,0.956,33.4,-20.6,3
none,2,5,70,2,2,24,549,-0.205,0.900,27.5,280,-0.058,0.956,33.4,-20.6,3
none,2,5,70,2,2,48,549,-0.205,0.900,27.5,280,-0.058,0.956,33.4,-20.6,3
none,2,5,70,2,3,0,525,-0.152,0.932,36.3,263,0.116,1.063,44.2,-23.7,3
none,2,5,70,2,3,24,525,-0.152,0.932,36.3,263,0.116,1.063,44.2,-23.7,3
none,2,5,70,2,3,48,525,-0.152,0.932,36.3,263,0.116,1.063,44.2,-23.7,3
none,2,5,70,2,5,0,483,-0.246,0.928,47.4,229,0.445,1.218,58.1,-24.6,5
none,2,5,70,2,5,24,483,-0.246,0.928,47.4,229,0.445,1.218,58.1,-24.6,5
none,2,5,70,2,5,48,483,-0.246,0.928,47.4,229,0.445,1.218,58.1,-24.6,5
none,2,5,70,3,2,0,549,-0.241,0.885,24.9,280,-0.091,0.935,30.5,-21.9,2
none,2,5,70,3,2,24,549,-0.241,0.885,24.9,280,-0.091,0.935,30.5,-21.9,2
none,2,5,70,3,2,48,549,-0.241,0.885,24.9,280,-0.091,0.935,30.5,-21.9,2
none,2,5,70,3,3,0,525,-0.139,0.943,34.0,262,0.013,1.008,40.1,-24.6,2
none,2,5,70,3,3,24,525,-0.139,0.943,34.0,262,0.013,1.008,40.1,-24.6,2
none,2,5,70,3,3,48,525,-0.139,0.943,34.0,262,0.013,1.008,40.1,-24.6,2
none,2,5,70,3,5,0,482,-0.267,0.923,44.7,228,0.296,1.133,54.5,-25.1,3
none,2,5,70,3,5,24,482,-0.267,0.923,44.7,228,0.296,1.133,54.5,-25.1,3
none,2,5,70,3,5,48,482,-0.267,0.923,44.7,228,0.296,1.133,54.5,-25.1,3
none,2,10,60,0,2,0,1079,-0.180,0.904,25.2,516,-0.043,0.971,32.2,-31.5,3
none,2,10,60,0,2,24,1079,-0.180,0.904,25.2,516,-0.043,0.971,32.2,-31.5,3
none,2,10,60,0,2,48,1079,-0.180,0.904,25.2,516,-0.043,0.971,32.2,-31.5,3
none,2,10,60,0,3,0,1014,-0.180,0.926,32.3,469,0.154,1.080,42.5,-30.5,4
none,2,10,60,0,3,24,1014,-0.180,0.926,32.3,469,0.154,1.080,42.5,-30.5,4
none,2,10,60,0,3,48,1014,-0.180,0.926,32.3,469,0.154,1.080,42.5,-30.5,4
none,2,10,60,0,5,0,909,-0.336,0.893,43.2,401,0.106,1.048,52.0,-37.3,4
none,2,10,60,0,5,24,909,-0.336,0.893,43.2,401,0.106,1.048,52.0,-37.3,4
none,2,10,60,0,5,48,909,-0.336,0.893,43.2,401,0.106,1.048,52.0,-37.3,4
none,2,10,60,2,2,0,1081,-0.123,0.933,29.8,516,-0.178,0.873,34.7,-34.3,2
none,2,10,60,2,2,24,1081,-0.123,0.933,29.8,516,-0.178,0.873,34.7,-34.3,2
none,2,10,60,2,2,48,1081,-0.123,0.933,29.8,516,-0.178,0.873,34.7,-34.3,2
none,2,10,60,2,3,0,1017,-0.076,0.967,38.5,470,-0.033,0.973,45.4,-33.0,3
none,2,10,60,2,3,24,1017,-0.076,0.967,38.5,470,-0.033,0.973,45.4,-33.0,3
none,2,10,60,2,3,48,1017,-0.076,0.967,38.5,470,-0.033,0.973,45.4,-33.0,3
none,2,10,60,2,5,0,914,-0.093,0.973,50.2,404,-0.007,0.995,55.8,-39.7,3
none,2,10,60,2,5,24,914,-0.093,0.973,50.2,404,-0.007,0.995,55.8,-39.7,3
none,2,10,60,2,5,48,914,-0.093,0.973,50.2,404,-0.007,0.995,55.8,-39.7,3
none,2,10,60,3,2,0,1081,-0.138,0.928,27.9,516,-0.101,0.929,33.2,-32.1,3
none,2,10,60,3,2,24,1081,-0.138,0.928,27.9,516,-0.101,0.929,33.2,-32.1,3
none,2,10,60,3,2,48,1081,-0.138,0.928,27.9,516,-0.101,0.929,33.2,-32.1,3
none,2,10,60,3,3,0,1017,-0.073,0.972,36.4,469,0.042,1.017,43.2,-33.3,2
none,2,10,60,3,3,24,1017,-0.073,0.972,36.4,469,0.042,1.017,43.2,-33.3,2
none,2,10,60,3,3,48,1017,-0.073,0.972,36.4,469,0.042,1.017,43.2,-33.3,2
none,2,10,60,3,5,0,912,-0.093,0.974,48.3,403,0.048,1.022,53.5,-38.4,3
none,2,10,60,3,5,24,912,-0.093,0.974,48.3,403,0.048,1.022,53.5,-38.4,3
none,2,10,60,3,5,48,912,-0.093,0.974,48.3,403,0.048,1.022,53.5,-38.4,3
none,2,10,70,0,2,0,1076,-0.156,0.918,22.0,514,-0.066,0.965,27.5,-33.5,2
none,2,10,70,0,2,24,1076,-0.156,0.918,22.0,514,-0.066,0.965,27.5,-33.5,2
none,2,10,70,0,2,48,1076,-0.156,0.918,22.0,514,-0.066,0.965,27.5,-33.5,2
none,2,10,70,0,3,0,1008,-0.144,0.942,28.9,467,0.080,1.040,37.1,-34.2,2
none,2,10,70,0,3,24,1008,-0.144,0.942,28.9,467,0.080,1.040,37.1,-34.2,2
none,2,10,70,0,3,48,1008,-0.144,0.942,28.9,467,0.080,1.040,37.1,-34.2,2
none,2,10,70,0,5,0,896,-0.263,0.919,39.3,395,-0.055,0.986,47.4,-40.5,2
none,2,10,70,0,5,24,896,-0.263,0.919,39.3,395,-0.055,0.986,47.4,-40.5,2
none,2,10,70,0,5,48,896,-0.263,0.919,39.3,395,-0.055,0.986,47.4,-40.5,2
none,2,10,70,2,2,0,1081,-0.115,0.939,29.4,516,-0.178,0.876,33.7,-34.3,2
none,2,10,70,2,2,24,1081,-0.115,0.939,29.4,516,-0.178,0.876,33.7,-34.3,2
none,2,10,70,2,2,48,1081,-0.115,0.939,29.4,516,-0.178,0.876,33.7,-34.3,2
none,2,10,70,2,3,0,1017,-0.072,0.969,37.9,469,-0.056,0.963,44.2,-33.7,2
none,2,10,70,2,3,24,1017,-0.072,0.969,37.9,469,-0.056,0.963,44.2,-33.7,2
none,2,10,70,2,3,48,1017,-0.072,0.969,37.9,469,-0.056,0.963,44.2,-33.7,2
none,2,10,70,2,5,0,911,-0.096,0.971,49.3,402,-0.044,0.983,55.3,-39.9,2
none,2,10,70,2,5,24,911,-0.096,0.971,49.3,402,-0.044,0.983,55.3,-39.9,2
none,2,10,70,2,5,48,911,-0.096,0.971,49.3,402,-0.044,0.983,55.3,-39.9,2
none,2,10,70,3,2,0,1081,-0.145,0.925,26.8,516,-0.074,0.949,31.4,-31.2,2
none,2,10,70,3,2,24,1081,-0.145,0.925,26.8,516,-0.074,0.949,31.4,-31.2,2
none,2,10,70,3,2,48,1081,-0.145,0.925,26.8,516,-0.074,0.949,31.4,-31.2,2
none,2,10,70,3,3,0,1017,-0.093,0.963,35.2,468,-0.002,0.994,40.5,-34.8,2
none,2,10,70,3,3,24,1017,-0.093,0.963,35.2,468,-0.002,0.994,40.5,-34.8,2
none,2,10,70,3,3,48,1017,-0.093,0.963,35.2,468,-0.002,0.994,40.5,-34.8,2
none,2,10,70,3,5,0,908,-0.111,0.967,46.7,400,0.000,1.003,52.1,-38.4,2
none,2,10,70,3,5,24,908,-0.111,0.967,46.7,400,0.000,1.003,52.1,-38.4,2
none,2,10,70,3,5,48,908,-0.111,0.967,46.7,400,0.000,1.003,52.1,-38.4,2
none,2,15,60,0,2,0,1546,-0.204,0.883,25.3,702,-0.164,0.886,31.7,-42.2,1
none,2,15,60,0,2,24,1546,-0.204,0.883,25.3,702,-0.164,0.886,31.7,-42.2,1
none,2,15,60,0,2,48,1546,-0.204,0.883,25.3,702,-0.164,0.886,31.7,-42.2,1
none,2,15,60,0,3,0,1434,-0.246,0.890,32.5,626,-0.020,0.985,41.9,-40.4,3
none,2,15,60,0,3,24,1434,-0.246,0.890,32.5,626,-0.020,0.985,41.9,-40.4,3
none,2,15,60,0,3,48,1434,-0.246,0.890,32.5,626,-0.020,0.985,41.9,-40.4,3
none,2,15,60,0,5,0,1243,-0.380,0.875,43.1,528,-0.086,0.963,51.7,-47.6,1
none,2,15,60,0,5,24,1243,-0.380,0.875,43.1,528,-0.086,0.963,51.7,-47.6,1
none,2,15,60,0,5,48,1243,-0.380,0.875,43.1,528,-0.086,0.963,51.7,-47.6,1
none,2,15,60,2,2,0,1551,-0.140,0.917,29.8,704,-0.263,0.812,33.9,-45.9,0
none,2,15,60,2,2,24,1551,-0.140,0.917,29.8,704,-0.263,0.812,33.9,-45.9,0
none,2,15,60,2,2,48,1551,-0.140,0.917,29.8,704,-0.263,0.812,33.9,-45.9,0
none,2,15,60,2,3,0,1442,-0.139,0.932,38.5,629,-0.158,0.904,44.4,-45.9,2
none,2,15,60,2,3,24,1442,-0.139,0.932,38.5,629,-0.158,0.904,44.4,-45.9,2
none,2,15,60,2,3,48,1442,-0.139,0.932,38.5,629,-0.158,0.904,44.4,-45.9,2
none,2,15,60,2,5,0,1261,-0.219,0.922,49.5,534,-0.208,0.900,54.7,-52.2,1
none,2,15,60,2,5,24,1261,-0.219,0.922,49.5,534,-0.208,0.900,54.7,-52.2,1
none,2,15,60,2,5,48,1261,-0.219,0.922,49.5,534,-0.208,0.900,54.7,-52.2,1
none,2,15,60,3,2,0,1551,-0.181,0.895,27.5,704,-0.195,0.862,32.6,-43.7,0
none,2,15,60,3,2,24,1551,-0.181,0.895,27.5,704,-0.195,0.862,32.6,-43.7,0
none,2,15,60,3,2,48,1551,-0.181,0.895,27.5,704,-0.195,0.862,32.6,-43.7,0
none,2,15,60,3,3,0,1441,-0.184,0.914,36.0,627,-0.098,0.941,42.5,-45.2,2
none,2,15,60,3,3,24,1441,-0.184,0.914,36.0,627,-0.098,0.941,42.5,-45.2,2
none,2,15,60,3,3,48,1441,-0.184,0.914,36.0,627,-0.098,0.941,42.5,-45.2,2
none,2,15,60,3,5,0,1254,-0.246,0.915,47.5,532,-0.129,0.941,53.0,-49.7,1
none,2,15,60,3,5,24,1254,-0.246,0.915,47.5,532,-0.129,0.941,53.0,-49.7,1
none,2,15,60,3,5,48,1254,-0.246,0.915,47.5,532,-0.129,0.941,53.0,-49.7,1
none,2,15,70,0,2,0,1540,-0.152,0.914,22.5,698,-0.201,0.873,27.2,-45.6,2
none,2,15,70,0,2,24,1540,-0.152,0.914,22.5,698,-0.201,0.873,27.2,-45.6,2
none,2,15,70,0,2,48,1540,-0.152,0.914,22.5,698,-0.201,0.873,27.2,-45.6,2
none,2,15,70,0,3,0,1420,-0.186,0.919,29.4,621,-0.062,0.966,37.1,-43.2,3
none,2,15,70,0,3,24,1420,-0.186,0.919,29.4,621,-0.062,0.966,37.1,-43.2,3
none,2,15,70,0,3,48,1420,-0.186,0.919,29.4,621,-0.062,0.966,37.1,-43.2,3
none,2,15,70,0,5,0,1219,-0.296,0.906,39.5,520,-0.148,0.944,48.1,-49.9,2
none,2,15,70,0,5,24,1219,-0.296,0.906,39.5,520,-0.148,0.944,48.1,-49.9,2
none,2,15,70,0,5,48,1219,-0.296,0.906,39.5,520,-0.148,0.944,48.1,-49.9,2
none,2,15,70,2,2,0,1550,-0.136,0.920,29.4,703,-0.278,0.806,32.8,-47.2,0
none,2,15,70,2,2,24,1550,-0.136,0.920,29.4,703,-0.278,0.806,32.8,-47.2,0
none,2,15,70,2,2,48,1550,-0.136,0.920,29.4,703,-0.278,0.806,32.8,-47.2,0
none,2,15,70,2,3,0,1439,-0.133,0.936,38.0,627,-0.163,0.905,43.1,-46.4,2
none,2,15,70,2,3,24,1439,-0.133,0.936,38.0,627,-0.163,0.905,43.1,-46.4,2
none,2,15,70,2,3,48,1439,-0.133,0.936,38.0,627,-0.163,0.905,43.1,-46.4,2
none,2,15,70,2,5,0,1250,-0.248,0.914,48.4,530,-0.186,0.915,54.5,-52.8,1
none,2,15,70,2,5,24,1250,-0.248,0.914,48.4,530,-0.186,0.915,54.5,-52.8,1
none,2,15,70,2,5,48,1250,-0.248,0.914,48.4,530,-0.186,0.915,54.5,-52.8,1
none,2,15,70,3,2,0,1550,-0.178,0.899,26.4,703,-0.188,0.872,30.5,-44.1,0
none,2,15,70,3,2,24,1550,-0.178,0.899,26.4,703,-0.188,0.872,30.5,-44.1,0
none,2,15,70,3,2,48,1550,-0.178,0.899,26.4,703,-0.188,0.872,30.5,-44.1,0
none,2,15,70,3,3,0,1436,-0.181,0.917,34.9,625,-0.114,0.936,40.0,-45.1,1
none,2,15,70,3,3,24,1436,-0.181,0.917,34.9,625,-0.114,0.936,40.0,-45.1,1
none,2,15,70,3,3,48,1436,-0.181,0.917,34.9,625,-0.114,0.936,40.0,-45.1,1
none,2,15,70,3,5,0,1241,-0.260,0.912,45.9,527,-0.119,0.950,52.0,-49.7,2
none,2,15,70,3,5,24,1241,-0.260,0.912,45.9,527,-0.119,0.950,52.0,-49.7,2
none,2,15,70,3,5,48,1241,-0.260,0.912,45.9,527,-0.119,0.950,52.0,-49.7,2
none,3,5,60,0,2,0,156,-0.473,0.719,14.5,57,1.705,2.041,36.6,-10.5,4
none,3,5,60,0,2,24,156,-0.473,0.719,14.5,57,1.705,2.041,36.6,-10.5,4
none,3,5,60,0,2,48,156,-0.473,0.719,14.5,57,1.705,2.041,36.6,-10.5,4
none,3,5,60,0,3,0,153,-0.723,0.655,18.5,55,1.235,1.476,38.4,-14.9,4
none,3,5,60,0,3,24,153,-0.723,0.655,18.5,55,1.235,1.476,38.4,-14.9,4
none,3,5,60,0,3,48,153,-0.723,0.655,18.5,55,1.235,1.476,38.4,-14.9,4
none,3,5,60,0,5,0,141,-1.036,0.659,27.9,49,1.972,1.708,52.5,-14.7,5
none,3,5,60,0,5,24,141,-1.036,0.659,27.9,49,1.972,1.708,52.5,-14.7,5
none,3,5,60,0,5,48,141,-1.036,0.659,27.9,49,1.972,1.708,52.5,-14.7,5
none,3,5,60,2,2,0,156,-0.127,0.933,25.9,57,0.403,1.256,41.5,-9.7,4
none,3,5,60,2,2,24,156,-0.127,0.933,25.9,57,0.403,1.256,41.5,-9.7,4
none,3,5,60,2,2,48,156,-0.127,0.933,25.9,57,0.403,1.256,41.5,-9.7,4
none,3,5,60,2,3,0,153,-0.257,0.825,32.7,55,0.105,1.004,45.1,-14.0,3
none,3,5,60,2,3,24,153,-0.257,0.825,32.7,55,0.105,1.004,45.1,-14.0,3
none,3,5,60,2,3,48,153,-0.257,0.825,32.7,55,0.105,1.004,45.1,-14.0,3
none,3,5,60,2,5,0,141,-0.390,0.828,44.7,49,1.182,1.678,66.2,-11.1,5
none,3,5,60,2,5,24,141,-0.390,0.828,44.7,49,1.182,1.678,66.2,-11.1,5
none,3,5,60,2,5,48,141,-0.390,0.828,44.7,49,1.182,1.678,66.2,-11.1,5
none,3,5,60,3,2,0,156,-0.186,0.886,23.8,57,0.495,1.275,38.4,-10.0,4
none,3,5,60,3,2,24,156,-0.186,0.886,23.8,57,0.495,1.275,38.4,-10.0,4
none,3,5,60,3,2,48,156,-0.186,0.886,23.8,57,0.495,1.275,38.4,-10.0,4
none,3,5,60,3,3,0,153,-0.301,0.794,30.6,55,0.175,1.009,42.1,-14.5,3
none,3,5,60,3,3,24,153,-0.301,0.794,30.6,55,0.175,1.009,42.1,-14.5,3
none,3,5,60,3,3,48,153,-0.301,0.794,30.6,55,0.175,1.009,42.1,-14.5,3
none,3,5,60,3,5,0,141,-0.402,0.823,42.3,49,1.142,1.507,60.8,-12.0,5
none,3,5,60,3,5,24,141,-0.402,0.823,42.3,49,1.142,1.507,60.8,-12.0,5
none,3,5,60,3,5,48,141,-0.402,0.823,42.3,49,1.142,1.507,60.8,-12.0,5
none,3,5,70,0,2,0,156,-0.527,0.701,11.9,57,2.271,2.362,35.3,-10.8,5
none,3,5,70,0,2,24,156,-0.527,0.701,11.9,57,2.271,2.362,35.3,-10.8,5
none,3,5,70,0,2,48,156,-0.527,0.701,11.9,57,2.271,2.362,35.3,-10.8,5
none,3,5,70,0,3,0,153,-0.563,0.709,15.9,55,1.813,1.707,37.2,-14.9,4
none,3,5,70,0,3,24,153,-0.563,0.709,15.9,55,1.813,1.707,37.2,-14.9,4
none,3,5,70,0,3,48,153,-0.563,0.709,15.9,55,1.813,1.707,37.2,-14.9,4
none,3,5,70,0,5,0,141,-0.799,0.733,25.0,49,2.291,1.767,48.6,-16.4,5
none,3,5,70,0,5,24,141,-0.799,0.733,25.0,49,2.194,1.731,48.6,-16.6,5
none,3,5,70,0,5,48,141,-0.799,0.733,25.0,49,2.291,1.767,48.6,-16.4,5
none,3,5,70,2,2,0,156,-0.121,0.937,25.9,57,0.403,1.256,41.5,-9.7,4
none,3,5,70,2,2,24,156,-0.121,0.937,25.9,57,0.403,1.256,41.5,-9.7,4
none,3,5,70,2,2,48,156,-0.121,0.937,25.9,57,0.403,1.256,41.5,-9.7,4
none,3,5,70,2,3,0,153,-0.250,0.828,32.7,55,0.105,1.004,45.1,-14.0,3
none,3,5,70,2,3,24,153,-0.250,0.828,32.7,55,0.105,1.004,45.1,-14.0,3
none,3,5,70,2,3,48,153,-0.250,0.828,32.7,55,0.105,1.004,45.1,-14.0,3
none,3,5,70,2,5,0,141,-0.383,0.830,44.7,49,1.196,1.684,66.2,-11.1,5
none,3,5,70,2,5,24,141,-0.383,0.830,44.7,49,1.196,1.684,66.2,-11.1,5
none,3,5,70,2,5,48,141,-0.383,0.830,44.7,49,1.196,1.684,66.2,-11.1,5
none,3,5,70,3,2,0,156,-0.170,0.898,23.8,57,0.437,1.211,37.1,-10.3,4
none,3,5,70,3,2,24,156,-0.170,0.898,23.8,57,0.437,1.211,37.1,-10.3,4
none,3,5,70,3,2,48,156,-0.170,0.898,23.8,57,0.437,1.211,37.1,-10.3,4
none,3,5,70,3,3,0,153,-0.284,0.802,30.6,55,0.105,0.957,40.8,-15.0,3
none,3,5,70,3,3,24,153,-0.284,0.802,30.6,55,0.105,0.957,40.8,-15.0,3
none,3,5,70,3,3,48,153,-0.284,0.802,30.6,55,0.105,0.957,40.8,-15.0,3
none,3,5,70,3,5,0,141,-0.364,0.836,42.3,49,1.070,1.425,59.4,-12.9,5
none,3,5,70,3,5,24,141,-0.364,0.836,42.3,49,1.070,1.425,59.4,-12.9,5
none,3,5,70,3,5,48,141,-0.364,0.836,42.3,49,1.070,1.425,59.4,-12.9,5
none,3,10,60,0,2,0,448,0.035,0.999,19.6,196,0.186,1.120,24.0,-20.6,4
none,3,10,60,0,2,24,448,0.035,0.999,19.6,196,0.186,1.120,24.0,-20.6,4
none,3,10,60,0,2,48,448,0.035,0.999,19.6,196,0.186,1.120,24.0,-20.6,4
none,3,10,60,0,3,0,426,0.139,1.028,26.3,181,0.273,1.131,32.2,-25.1,4
none,3,10,60,0,3,24,426,0.139,1.028,26.3,181,0.273,1.131,32.2,-25.1,4
none,3,10,60,0,3,48,426,0.139,1.028,26.3,181,0.273,1.131,32.2,-25.1,4
none,3,10,60,0,5,0,390,-0.373,0.869,32.7,160,0.432,1.177,44.6,-28.1,4
none,3,10,60,0,5,24,390,-0.373,0.869,32.7,160,0.432,1.177,44.6,-28.1,4
none,3,10,60,0,5,48,390,-0.373,0.869,32.7,160,0.432,1.177,44.6,-28.1,4
none,3,10,60,2,2,0,448,-0.075,0.965,27.9,196,-0.175,0.887,31.0,-19.0,2
none,3,10,60,2,2,24,448,-0.075,0.965,27.9,196,-0.175,0.887,31.0,-19.0,2
none,3,10,60,2,2,48,448,-0.075,0.965,27.9,196,-0.175,0.887,31.0,-19.0,2
none,3,10,60,2,3,0,429,-0.083,0.950,36.2,181,-0.084,0.953,40.2,-22.4,2
none,3,10,60,2,3,24,429,-0.083,0.950,36.2,181,-0.084,0.953,40.2,-22.4,2
none,3,10,60,2,3,48,429,-0.083,0.950,36.2,181,-0.084,0.953,40.2,-22.4,2
none,3,10,60,2,5,0,398,-0.275,0.895,46.2,160,0.391,1.183,56.3,-22.6,4
none,3,10,60,2,5,24,398,-0.275,0.895,46.2,160,0.391,1.183,56.3,-22.6,4
none,3,10,60,2,5,48,398,-0.275,0.895,46.2,160,0.391,1.183,56.3,-22.6,4
none,3,10,60,3,2,0,448,-0.062,0.977,25.9,196,0.034,1.019,28.9,-19.1,3
none,3,10,60,3,2,24,448,-0.062,0.977,25.9,196,0.034,1.019,28.9,-19.1,3
none,3,10,60,3,2,48,448,-0.062,0.977,25.9,196,0.034,1.019,28.9,-19.1,3
none,3,10,60,3,3,0,429,-0.035,0.975,34.2,181,0.055,1.026,36.9,-22.8,3
none,3,10,60,3,3,24,429,-0.035,0.975,34.2,181,0.055,1.026,36.9,-22.8,3
none,3,10,60,3,3,48,429,-0.035,0.975,34.2,181,0.055,1.026,36.9,-22.8,3
none,3,10,60,3,5,0,396,-0.249,0.907,43.8,160,0.453,1.206,52.4,-22.9,4
none,3,10,60,3,5,24,396,-0.249,0.907,43.8,160,0.453,1.206,52.4,-22.9,4
none,3,10,60,3,5,48,396,-0.249,0.907,43.8,160,0.453,1.206,52.4,-22.9,4
none,3,10,70,0,2,0,447,-0.106,0.946,16.1,196,0.366,1.206,21.7,-19.5,5
none,3,10,70,0,2,24,447,-0.106,0.946,16.1,196,0.366,1.206,21.7,-19.5,5
none,3,10,70,0,2,48,447,-0.106,0.946,16.1,196,0.366,1.206,21.7,-19.5,5
none,3,10,70,0,3,0,425,0.045,1.011,21.7,181,0.410,1.171,29.2,-25.7,4
none,3,10,70,0,3,24,425,0.045,1.011,21.7,181,0.410,1.171,29.2,-25.7,4
none,3,10,70,0,3,48,425,0.045,1.011,21.7,181,0.410,1.171,29.2,-25.7,4
none,3,10,70,0,5,0,388,-0.433,0.879,28.0,158,0.412,1.145,39.9,-32.0,3
none,3,10,70,0,5,24,388,-0.452,0.875,27.7,158,0.382,1.135,39.9,-32.7,3
none,3,10,70,0,5,48,388,-0.433,0.879,28.0,158,0.412,1.145,39.9,-32.0,3
none,3,10,70,2,2,0,448,-0.059,0.975,27.9,196,-0.168,0.892,31.0,-18.8,2
none,3,10,70,2,2,24,448,-0.059,0.975,27.9,196,-0.168,0.892,31.0,-18.8,2
none,3,10,70,2,2,48,448,-0.059,0.975,27.9,196,-0.168,0.892,31.0,-18.8,2
none,3,10,70,2,3,0,429,-0.067,0.958,36.2,181,-0.075,0.958,40.2,-22.1,2
none,3,10,70,2,3,24,429,-0.067,0.958,36.2,181,-0.075,0.958,40.2,-22.1,2
none,3,10,70,2,3,48,429,-0.067,0.958,36.2,181,-0.075,0.958,40.2,-22.1,2
none,3,10,70,2,5,0,398,-0.257,0.902,46.2,160,0.415,1.195,56.9,-22.3,4
none,3,10,70,2,5,24,398,-0.257,0.902,46.2,160,0.415,1.195,56.9,-22.3,4
none,3,10,70,2,5,48,398,-0.257,0.902,46.2,160,0.415,1.195,56.9,-22.3,4
none,3,10,70,3,2,0,448,-0.033,0.995,25.9,196,0.050,1.023,28.6,-18.5,3
none,3,10,70,3,2,24,448,-0.033,0.995,25.9,196,0.050,1.023,28.6,-18.5,3
none,3,10,70,3,2,48,448,-0.033,0.995,25.9,196,0.050,1.023,28.6,-18.5,3
none,3,10,70,3,3,0,429,-0.003,0.991,34.2,181,0.078,1.031,36.4,-22.4,3
none,3,10,70,3,3,24,429,-0.003,0.991,34.2,181,0.078,1.031,36.4,-22.4,3
none,3,10,70,3,3,48,429,-0.003,0.991,34.2,181,0.078,1.031,36.4,-22.4,3
none,3,10,70,3,5,0,396,-0.218,0.918,43.6,160,0.527,1.230,52.5,-22.3,4
none,3,10,70,3,5,24,396,-0.218,0.918,43.6,160,0.527,1.230,52.5,-22.3,4
none,3,10,70,3,5,48,396,-0.218,0.918,43.6,160,0.527,1.230,52.5,-22.3,4
none,3,15,60,0,2,0,787,-0.100,0.945,19.3,378,-0.022,0.989,24.4,-29.3,2
none,3,15,60,0,2,24,787,-0.100,0.945,19.3,378,-0.022,0.989,24.4,-29.3,2
none,3,15,60,0,2,48,787,-0.100,0.945,19.3,378,-0.022,0.989,24.4,-29.3,2
none,3,15,60,0,3,0,741,-0.042,0.974,25.9,346,0.093,1.046,33.3,-31.6,2
none,3,15,60,0,3,24,741,-0.042,0.974,25.9,346,0.093,1.046,33.3,-31.6,2
none,3,15,60,0,3,48,741,-0.042,0.974,25.9,346,0.093,1.046,33.3,-31.6,2
none,3,15,60,0,5,0,660,-0.288,0.907,34.8,291,0.064,1.034,44.5,-36.4,3
none,3,15,60,0,5,24,660,-0.288,0.907,34.8,291,0.064,1.034,44.5,-36.4,3
none,3,15,60,0,5,48,660,-0.288,0.907,34.8,291,0.064,1.034,44.5,-36.4,3
none,3,15,60,2,2,0,789,-0.203,0.892,27.2,379,-0.139,0.897,32.8,-28.4,2
none,3,15,60,2,2,24,789,-0.203,0.892,27.2,379,-0.139,0.897,32.8,-28.4,2
none,3,15,60,2,2,48,789,-0.203,0.892,27.2,379,-0.139,0.897,32.8,-28.4,2
none,3,15,60,2,3,0,748,-0.158,0.925,35.7,348,0.036,1.015,43.7,-26.7,4
none,3,15,60,2,3,24,748,-0.158,0.925,35.7,348,0.036,1.015,43.7,-26.7,4
none,3,15,60,2,3,48,748,-0.158,0.925,35.7,348,0.036,1.015,43.7,-26.7,4
none,3,15,60,2,5,0,675,-0.285,0.903,46.3,296,0.204,1.098,56.2,-29.4,3
none,3,15,60,2,5,24,675,-0.285,0.903,46.3,296,0.204,1.098,56.2,-29.4,3
none,3,15,60,2,5,48,675,-0.285,0.903,46.3,296,0.204,1.098,56.2,-29.4,3
none,3,15,60,3,2,0,789,-0.201,0.901,24.9,379,-0.056,0.961,29.9,-24.9,2
none,3,15,60,3,2,24,789,-0.201,0.901,24.9,379,-0.056,0.961,29.9,-24.9,2
none,3,15,60,3,2,48,789,-0.201,0.901,24.9,379,-0.056,0.961,29.9,-24.9,2
none,3,15,60,3,3,0,748,-0.149,0.935,33.3,347,0.014,1.008,38.9,-26.6,3
none,3,15,60,3,3,24,748,-0.149,0.935,33.3,347,0.014,1.008,38.9,-26.6,3
none,3,15,60,3,3,48,748,-0.149,0.935,33.3,347,0.014,1.008,38.9,-26.6,3
none,3,15,60,3,5,0,672,-0.246,0.918,43.9,294,0.193,1.088,52.2,-27.6,3
none,3,15,60,3,5,24,672,-0.246,0.918,43.9,294,0.193,1.088,52.2,-27.6,3
none,3,15,60,3,5,48,672,-0.246,0.918,43.9,294,0.193,1.088,52.2,-27.6,3
none,3,15,70,0,2,0,786,-0.107,0.960,16.3,378,0.009,1.004,20.7,-30.3,2
none,3,15,70,0,2,24,786,-0.107,0.960,16.3,378,0.009,1.004,20.7,-30.3,2
none,3,15,70,0,2,48,786,-0.107,0.960,16.3,378,0.009,1.004,20.7,-30.3,2
none,3,15,70,0,3,0,739,-0.016,1.003,21.9,346,0.113,1.050,28.7,-34.4,4
none,3,15,70,0,3,24,739,-0.016,1.003,21.9,346,0.113,1.050,28.7,-34.4,4
none,3,15,70,0,3,48,739,-0.016,1.003,21.9,346,0.113,1.050,28.7,-34.4,4
none,3,15,70,0,5,0,657,-0.122,0.976,31.1,289,-0.003,1.008,39.7,-40.2,3
none,3,15,70,0,5,24,657,-0.122,0.976,31.1,289,-0.021,1.003,39.7,-40.7,3
none,3,15,70,0,5,48,657,-0.122,0.976,31.1,289,-0.003,1.008,39.7,-40.2,3
none,3,15,70,2,2,0,789,-0.188,0.902,27.1,379,-0.131,0.903,32.8,-28.0,2
none,3,15,70,2,2,24,789,-0.188,0.902,27.1,379,-0.131,0.903,32.8,-28.0,2
none,3,15,70,2,2,48,789,-0.188,0.902,27.1,379,-0.131,0.903,32.8,-28.0,2
none,3,15,70,2,3,0,748,-0.132,0.939,35.6,348,0.046,1.021,43.7,-26.4,4
none,3,15,70,2,3,24,748,-0.132,0.939,35.6,348,0.046,1.021,43.7,-26.4,4
none,3,15,70,2,3,48,748,-0.132,0.939,35.6,348,0.046,1.021,43.7,-26.4,4
none,3,15,70,2,5,0,675,-0.244,0.918,46.2,296,0.253,1.120,57.3,-29.0,3
none,3,15,70,2,5,24,675,-0.244,0.918,46.2,296,0.253,1.120,57.3,-29.0,3
none,3,15,70,2,5,48,675,-0.244,0.918,46.2,296,0.253,1.120,57.3,-29.0,3
none,3,15,70,3,2,0,789,-0.175,0.918,24.8,379,-0.072,0.949,28.9,-25.8,2
none,3,15,70,3,2,24,789,-0.175,0.918,24.8,379,-0.072,0.949,28.9,-25.8,2
none,3,15,70,3,2,48,789,-0.175,0.918,24.8,379,-0.072,0.949,28.9,-25.8,2
none,3,15,70,3,3,0,748,-0.108,0.955,33.2,347,-0.013,0.992,37.5,-26.9,2
none,3,15,70,3,3,24,748,-0.108,0.955,33.2,347,-0.013,0.992,37.5,-26.9,2
none,3,15,70,3,3,48,748,-0.108,0.955,33.2,347,-0.013,0.992,37.5,-26.9,2
none,3,15,70,3,5,0,672,-0.196,0.936,43.5,294,0.199,1.086,51.6,-27.3,4
none,3,15,70,3,5,24,672,-0.196,0.936,43.5,294,0.199,1.086,51.6,-27.3,4
none,3,15,70,3,5,48,672,-0.196,0.936,43.5,294,0.199,1.086,51.6,-27.3,4
none,4,5,60,0,2,0,57,-0.210,0.568,11.6,24,2.870,2.408,45.2,-5.1,5
none,4,5,60,0,2,24,57,-0.210,0.568,11.6,24,2.870,2.408,45.2,-5.1,5
none,4,5,60,0,2,48,57,-0.210,0.568,11.6,24,2.870,2.408,45.2,-5.1,5
none,4,5,60,0,3,0,55,-0.953,0.454,12.9,23,2.472,1.767,46.7,-7.1,4
none,4,5,60,0,3,24,55,-0.953,0.454,12.9,23,2.472,1.767,46.7,-7.1,4
none,4,5,60,0,3,48,55,-0.953,0.454,12.9,23,2.472,1.767,46.7,-7.1,4
none,4,5,60,0,5,0,49,-1.993,0.448,18.4,20,2.645,1.733,55.6,-8.0,4
none,4,5,60,0,5,24,49,-1.993,0.448,18.4,20,2.645,1.733,55.6,-8.0,4
none,4,5,60,0,5,48,49,-1.993,0.448,18.4,20,2.645,1.733,55.6,-8.0,4
none,4,5,60,2,2,0,57,-0.279,0.597,24.2,24,0.931,1.415,47.7,-5.3,5
none,4,5,60,2,2,24,57,-0.279,0.597,24.2,24,0.931,1.415,47.7,-5.3,5
none,4,5,60,2,2,48,57,-0.279,0.597,24.2,24,0.931,1.415,47.7,-5.3,5
none,4,5,60,2,3,0,55,-0.897,0.484,25.8,23,0.491,1.040,49.2,-7.3,1
none,4,5,60,2,3,24,55,-0.897,0.484,25.8,23,0.491,1.040,49.2,-7.3,1
none,4,5,60,2,3,48,55,-0.897,0.484,25.8,23,0.491,1.040,49.2,-7.3,1
none,4,5,60,2,5,0,49,-1.214,0.552,39.6,20,0.488,1.124,58.4,-8.0,2
none,4,5,60,2,5,24,49,-1.214,0.552,39.6,20,0.488,1.124,58.4,-8.0,2
none,4,5,60,2,5,48,49,-1.214,0.552,39.6,20,0.488,1.124,58.4,-8.0,2
none,4,5,60,3,2,0,57,-0.224,0.592,22.9,24,0.976,1.467,47.7,-5.3,5
none,4,5,60,3,2,24,57,-0.224,0.592,22.9,24,0.976,1.467,47.7,-5.3,5
none,4,5,60,3,2,48,57,-0.224,0.592,22.9,24,0.976,1.467,47.7,-5.3,5
none,4,5,60,3,3,0,55,-0.860,0.479,24.3,23,0.544,1.079,49.2,-7.3,2
none,4,5,60,3,3,24,55,-0.860,0.479,24.3,23,0.544,1.079,49.2,-7.3,2
none,4,5,60,3,3,48,55,-0.860,0.479,24.3,23,0.544,1.079,49.2,-7.3,2
none,4,5,60,3,5,0,49,-1.285,0.528,36.2,20,0.552,1.158,58.4,-8.0,3
none,4,5,60,3,5,24,49,-1.285,0.528,36.2,20,0.552,1.158,58.4,-8.0,3
none,4,5,60,3,5,48,49,-1.285,0.528,36.2,20,0.552,1.158,58.4,-8.0,3
none,4,5,70,0,2,0,57,-0.689,0.493,9.6,24,4.119,2.842,42.4,-5.1,5
none,4,5,70,0,2,24,57,-0.689,0.493,9.6,24,4.119,2.842,42.4,-5.1,5
none,4,5,70,0,2,48,57,-0.689,0.493,9.6,24,4.119,2.842,42.4,-5.1,5
none,4,5,70,0,3,0,55,-1.485,0.398,10.7,23,3.663,2.078,43.3,-6.8,5
none,4,5,70,0,3,24,55,-1.485,0.398,10.7,23,3.663,2.078,43.3,-6.8,5
none,4,5,70,0,3,48,55,-1.485,0.398,10.7,23,3.663,2.078,43.3,-6.8,5
none,4,5,70,0,5,0,49,-2.544,0.401,16.1,20,3.948,1.963,51.6,-8.0,4
none,4,5,70,0,5,24,49,-2.544,0.401,16.1,20,3.948,1.963,51.6,-8.0,4
none,4,5,70,0,5,48,49,-2.544,0.401,16.1,20,3.948,1.963,51.6,-8.0,4
none,4,5,70,2,2,0,57,-0.279,0.597,24.2,24,0.931,1.415,47.7,-5.3,5
none,4,5,70,2,2,24,57,-0.279,0.597,24.2,24,0.931,1.415,47.7,-5.3,5
none,4,5,70,2,2,48,57,-0.279,0.597,24.2,24,0.931,1.415,47.7,-5.3,5
none,4,5,70,2,3,0,55,-0.897,0.484,25.8,23,0.491,1.040,49.2,-7.3,1
none,4,5,70,2,3,24,55,-0.897,0.484,25.8,23,0.491,1.040,49.2,-7.3,1
none,4,5,70,2,3,48,55,-0.897,0.484,25.8,23,0.491,1.040,49.2,-7.3,1
none,4,5,70,2,5,0,49,-1.214,0.552,39.6,20,0.488,1.124,58.4,-8.0,2
none,4,5,70,2,5,24,49,-1.214,0.552,39.6,20,0.488,1.124,58.4,-8.0,2
none,4,5,70,2,5,48,49,-1.214,0.552,39.6,20,0.488,1.124,58.4,-8.0,2
none,4,5,70,3,2,0,57,-0.224,0.592,22.9,24,0.976,1.467,47.7,-5.3,5
none,4,5,70,3,2,24,57,-0.224,0.592,22.9,24,0.976,1.467,47.7,-5.3,5
none,4,5,70,3,2,48,57,-0.224,0.592,22.9,24,0.976,1.467,47.7,-5.3,5
none,4,5,70,3,3,0,55,-0.860,0.479,24.3,23,0.544,1.079,49.2,-7.3,2
none,4,5,70,3,3,24,55,-0.860,0.479,24.3,23,0.544,1.079,49.2,-7.3,2
none,4,5,70,3,3,48,55,-0.860,0.479,24.3,23,0.544,1.079,49.2,-7.3,2
none,4,5,70,3,5,0,49,-1.285,0.528,36.2,20,0.552,1.158,58.4,-8.0,3
none,4,5,70,3,5,24,49,-1.285,0.528,36.2,20,0.552,1.158,58.4,-8.0,3
none,4,5,70,3,5,48,49,-1.285,0.528,36.2,20,0.552,1.158,58.4,-8.0,3
none,4,10,60,0,2,0,213,-0.338,0.783,13.1,73,1.166,1.668,26.8,-14.0,5
none,4,10,60,0,2,24,213,-0.338,0.783,13.1,73,1.166,1.668,26.8,-14.0,5
none,4,10,60,0,2,48,213,-0.338,0.783,13.1,73,1.166,1.668,26.8,-14.0,5
none,4,10,60,0,3,0,205,-0.536,0.741,16.9,69,0.682,1.233,28.7,-18.2,4
none,4,10,60,0,3,24,205,-0.536,0.741,16.9,69,0.682,1.233,28.7,-18.2,4
none,4,10,60,0,3,48,205,-0.536,0.741,16.9,69,0.682,1.233,28.7,-18.2,4
none,4,10,60,0,5,0,188,-0.564,0.803,25.9,61,0.399,1.098,36.4,-22.1,3
none,4,10,60,0,5,24,188,-0.564,0.803,25.9,61,0.399,1.098,36.4,-22.1,3
none,4,10,60,0,5,48,188,-0.564,0.803,25.9,61,0.399,1.098,36.4,-22.1,3
none,4,10,60,2,2,0,213,-0.029,0.958,25.9,73,0.060,1.022,32.3,-14.0,3
none,4,10,60,2,2,24,213,-0.029,0.958,25.9,73,0.060,1.022,32.3,-14.0,3
none,4,10,60,2,2,48,213,-0.029,0.958,25.9,73,0.060,1.022,32.3,-14.0,3
none,4,10,60,2,3,0,205,-0.381,0.784,30.0,69,-0.314,0.820,36.0,-17.9,1
none,4,10,60,2,3,24,205,-0.381,0.784,30.0,69,-0.314,0.820,36.0,-17.9,1
none,4,10,60,2,3,48,205,-0.381,0.784,30.0,69,-0.314,0.820,36.0,-17.9,1
none,4,10,60,2,5,0,189,-0.405,0.818,42.4,61,0.268,1.111,54.9,-16.9,3
none,4,10,60,2,5,24,189,-0.405,0.818,42.4,61,0.268,1.111,54.9,-16.9,3
none,4,10,60,2,5,48,189,-0.405,0.818,42.4,61,0.268,1.111,54.9,-16.9,3
none,4,10,60,3,2,0,213,-0.028,0.949,24.4,73,0.084,1.026,31.3,-14.0,3
none,4,10,60,3,2,24,213,-0.028,0.949,24.4,73,0.084,1.026,31.3,-14.0,3
none,4,10,60,3,2,48,213,-0.028,0.949,24.4,73,0.084,1.026,31.3,-14.0,3
none,4,10,60,3,3,0,205,-0.367,0.782,28.5,69,-0.297,0.820,35.0,-17.8,1
none,4,10,60,3,3,24,205,-0.367,0.782,28.5,69,-0.297,0.820,35.0,-17.8,1
none,4,10,60,3,3,48,205,-0.367,0.782,28.5,69,-0.297,0.820,35.0,-17.8,1
none,4,10,60,3,5,0,188,-0.385,0.830,40.2,61,0.192,1.064,51.7,-18.5,3
none,4,10,60,3,5,24,188,-0.385,0.830,40.2,61,0.192,1.064,51.7,-18.5,3
none,4,10,60,3,5,48,188,-0.385,0.830,40.2,61,0.192,1.064,51.7,-18.5,3
none,4,10,70,0,2,0,213,-0.239,0.851,11.8,73,1.726,1.954,25.6,-14.0,5
none,4,10,70,0,2,24,213,-0.284,0.831,11.8,73,1.674,1.919,25.6,-14.1,4
none,4,10,70,0,2,48,213,-0.239,0.851,11.8,73,1.726,1.954,25.6,-14.0,5
none,4,10,70,0,3,0,205,-0.193,0.869,15.9,69,1.268,1.443,27.3,-18.2,4
none,4,10,70,0,3,24,205,-0.238,0.854,15.9,69,1.212,1.417,27.3,-18.5,4
none,4,10,70,0,3,48,205,-0.193,0.869,15.9,69,1.268,1.443,27.3,-18.2,4
none,4,10,70,0,5,0,188,-0.416,0.857,22.9,61,1.220,1.317,34.8,-22.9,5
none,4,10,70,0,5,24,188,-0.390,0.862,23.5,61,0.988,1.245,34.8,-23.7,4
none,4,10,70,0,5,48,188,-0.416,0.857,22.9,61,1.220,1.317,34.8,-22.9,5
none,4,10,70,2,2,0,213,-0.029,0.958,25.9,73,0.060,1.022,32.3,-14.0,3
none,4,10,70,2,2,24,213,-0.029,0.958,25.9,73,0.060,1.022,32.3,-14.0,3
none,4,10,70,2,2,48,213,-0.029,0.958,25.9,73,0.060,1.022,32.3,-14.0,3
none,4,10,70,2,3,0,205,-0.381,0.784,30.0,69,-0.314,0.820,36.0,-17.9,1
none,4,10,70,2,3,24,205,-0.381,0.784,30.0,69,-0.314,0.820,36.0,-17.9,1
none,4,10,70,2,3,48,205,-0.381,0.784,30.0,69,-0.314,0.820,36.0,-17.9,1
none,4,10,70,2,5,0,189,-0.405,0.818,42.4,61,0.268,1.111,54.9,-16.9,3
none,4,10,70,2,5,24,189,-0.405,0.818,42.4,61,0.268,1.111,54.9,-16.9,3
none,4,10,70,2,5,48,189,-0.405,0.818,42.4,61,0.268,1.111,54.9,-16.9,3
none,4,10,70,3,2,0,213,-0.026,0.951,24.4,73,0.084,1.026,31.3,-14.0,3
none,4,10,70,3,2,24,213,-0.026,0.951,24.4,73,0.084,1.026,31.3,-14.0,3
none,4,10,70,3,2,48,213,-0.026,0.951,24.4,73,0.084,1.026,31.3,-14.0,3
none,4,10,70,3,3,0,205,-0.364,0.783,28.5,69,-0.297,0.820,35.0,-17.8,1
none,4,10,70,3,3,24,205,-0.364,0.783,28.5,69,-0.297,0.820,35.0,-17.8,1
none,4,10,70,3,3,48,205,-0.364,0.783,28.5,69,-0.297,0.820,35.0,-17.8,1
none,4,10,70,3,5,0,188,-0.382,0.831,40.2,61,0.192,1.064,51.7,-18.5,3
none,4,10,70,3,5,24,188,-0.382,0.831,40.2,61,0.192,1.064,51.7,-18.5,3
none,4,10,70,3,5,48,188,-0.382,0.831,40.2,61,0.192,1.064,51.7,-18.5,3
none,4,15,60,0,2,0,466,-0.031,1.000,16.3,188,0.211,1.121,20.8,-22.8,5
none,4,15,60,0,2,24,466,-0.031,1.000,16.3,188,0.211,1.121,20.8,-22.8,5
none,4,15,60,0,2,48,466,-0.031,1.000,16.3,188,0.211,1.121,20.8,-22.8,5
none,4,15,60,0,3,0,437,-0.020,0.987,21.5,175,0.427,1.188,29.2,-26.3,5
none,4,15,60,0,3,24,437,-0.020,0.987,21.5,175,0.427,1.188,29.2,-26.3,5
none,4,15,60,0,3,48,437,-0.020,0.987,21.5,175,0.427,1.188,29.2,-26.3,5
none,4,15,60,0,5,0,395,-0.342,0.898,28.4,154,0.649,1.244,41.5,-31.5,4
none,4,15,60,0,5,24,395,-0.342,0.898,28.4,154,0.649,1.244,41.5,-31.5,4
none,4,15,60,0,5,48,395,-0.342,0.898,28.4,154,0.649,1.244,41.5,-31.5,4
none,4,15,60,2,2,0,466,0.018,1.034,27.3,188,-0.234,0.857,30.0,-19.7,1
none,4,15,60,2,2,24,466,0.018,1.034,27.3,188,-0.234,0.857,30.0,-19.7,1
none,4,15,60,2,2,48,466,0.018,1.034,27.3,188,-0.234,0.857,30.0,-19.7,1
none,4,15,60,2,3,0,439,-0.064,0.965,35.2,175,0.005,1.018,41.2,-23.8,2
none,4,15,60,2,3,24,439,-0.064,0.965,35.2,175,0.005,1.018,41.2,-23.8,2
none,4,15,60,2,3,48,439,-0.064,0.965,35.2,175,0.005,1.018,41.2,-23.8,2
none,4,15,60,2,5,0,404,-0.230,0.912,45.4,156,0.472,1.244,56.7,-24.5,4
none,4,15,60,2,5,24,404,-0.230,0.912,45.4,156,0.472,1.244,56.7,-24.5,4
none,4,15,60,2,5,48,404,-0.230,0.912,45.4,156,0.472,1.244,56.7,-24.5,4
none,4,15,60,3,2,0,466,0.072,1.070,25.9,188,-0.065,0.966,27.0,-20.0,2
none,4,15,60,3,2,24,466,0.072,1.070,25.9,188,-0.065,0.966,27.0,-20.0,2
none,4,15,60,3,2,48,466,0.072,1.070,25.9,188,-0.065,0.966,27.0,-20.0,2
none,4,15,60,3,3,0,439,0.015,1.003,33.8,175,0.072,1.048,36.3,-24.4,3
none,4,15,60,3,3,24,439,0.015,1.003,33.8,175,0.072,1.048,36.3,-24.4,3
none,4,15,60,3,3,48,439,0.015,1.003,33.8,175,0.072,1.048,36.3,-24.4,3
none,4,15,60,3,5,0,401,-0.208,0.926,43.1,156,0.545,1.259,52.3,-24.5,4
none,4,15,60,3,5,24,401,-0.208,0.926,43.1,156,0.545,1.259,52.3,-24.5,4
none,4,15,60,3,5,48,401,-0.208,0.926,43.1,156,0.545,1.259,52.3,-24.5,4
none,4,15,70,0,2,0,465,0.175,1.116,14.1,188,0.599,1.334,20.2,-22.0,5
none,4,15,70,0,2,24,465,0.157,1.107,14.1,188,0.574,1.321,20.2,-22.6,5
none,4,15,70,0,2,48,465,0.175,1.116,14.1,188,0.599,1.334,20.2,-22.0,5
none,4,15,70,0,3,0,436,0.330,1.131,18.7,175,0.665,1.284,26.1,-28.4,5
none,4,15,70,0,3,24,436,0.312,1.123,18.7,175,0.639,1.274,26.1,-28.9,5
none,4,15,70,0,3,48,436,0.330,1.131,18.7,175,0.665,1.284,26.1,-28.4,5
none,4,15,70,0,5,0,393,-0.201,0.949,24.0,154,1.167,1.386,38.3,-33.6,5
none,4,15,70,0,5,24,394,-0.206,0.948,24.2,154,1.063,1.356,38.3,-35.6,5
none,4,15,70,0,5,48,393,-0.201,0.949,24.0,154,1.167,1.386,38.3,-33.6,5
none,4,15,70,2,2,0,466,0.018,1.034,27.3,188,-0.234,0.857,30.0,-19.7,1
none,4,15,70,2,2,24,466,0.018,1.034,27.3,188,-0.234,0.857,30.0,-19.7,1
none,4,15,70,2,2,48,466,0.018,1.034,27.3,188,-0.234,0.857,30.0,-19.7,1
none,4,15,70,2,3,0,439,-0.064,0.965,35.2,175,0.005,1.018,41.2,-23.8,2
none,4,15,70,2,3,24,439,-0.064,0.965,35.2,175,0.005,1.018,41.2,-23.8,2
none,4,15,70,2,3,48,439,-0.064,0.965,35.2,175,0.005,1.018,41.2,-23.8,2
none,4,15,70,2,5,0,404,-0.213,0.918,45.4,156,0.472,1.244,56.7,-24.5,4
none,4,15,70,2,5,24,404,-0.213,0.918,45.4,156,0.472,1.244,56.7,-24.5,4
none,4,15,70,2,5,48,404,-0.213,0.918,45.4,156,0.472,1.244,56.7,-24.5,4
none,4,15,70,3,2,0,466,0.074,1.071,25.8,188,-0.033,0.981,27.0,-19.6,3
none,4,15,70,3,2,24,466,0.074,1.071,25.8,188,-0.033,0.981,27.0,-19.6,3
none,4,15,70,3,2,48,466,0.074,1.071,25.8,188,-0.033,0.981,27.0,-19.6,3
none,4,15,70,3,3,0,439,0.024,1.008,33.5,175,0.105,1.061,36.3,-23.7,3
none,4,15,70,3,3,24,439,0.024,1.008,33.5,175,0.105,1.061,36.3,-23.7,3
none,4,15,70,3,3,48,439,0.024,1.008,33.5,175,0.105,1.061,36.3,-23.7,3
none,4,15,70,3,5,0,401,-0.169,0.941,43.1,156,0.581,1.272,52.3,-24.5,4
none,4,15,70,3,5,24,401,-0.169,0.941,43.1,156,0.581,1.272,52.3,-24.5,4
none,4,15,70,3,5,48,401,-0.169,0.941,43.1,156,0.581,1.272,52.3,-24.5,4
sma100,2,5,60,0,2,0,100,-0.575,0.748,21.4,55,-0.133,0.935,29.0,-10.8,3
sma100,2,5,60,0,2,24,100,-0.575,0.748,21.4,55,-0.133,0.935,29.0,-10.8,3
sma100,2,5,60,0,2,48,100,-0.575,0.748,21.4,55,-0.133,0.935,29.0,-10.8,3
sma100,2,5,60,0,3,0,99,-0.353,0.930,31.5,52,-0.066,0.965,40.5,-13.1,2
sma100,2,5,60,0,3,24,99,-0.353,0.930,31.5,52,-0.066,0.965,40.5,-13.1,2
sma100,2,5,60,0,3,48,99,-0.353,0.930,31.5,52,-0.066,0.965,40.5,-13.1,2
sma100,2,5,60,0,5,0,90,-0.503,0.950,43.8,44,-0.060,1.000,52.7,-13.8,3
sma100,2,5,60,0,5,24,90,-0.503,0.950,43.8,44,-0.060,1.000,52.7,-13.8,3
sma100,2,5,60,0,5,48,90,-0.503,0.950,43.8,44,-0.060,1.000,52.7,-13.8,3
sma100,2,5,60,2,2,0,100,-0.242,0.918,29.0,55,-0.296,0.815,33.1,-10.1,2
sma100,2,5,60,2,2,24,100,-0.242,0.918,29.0,55,-0.296,0.815,33.1,-10.1,2
sma100,2,5,60,2,2,48,100,-0.242,0.918,29.0,55,-0.296,0.815,33.1,-10.1,2
sma100,2,5,60,2,3,0,99,-0.156,0.950,38.0,52,-0.544,0.735,40.5,-13.4,2
sma100,2,5,60,2,3,24,99,-0.156,0.950,38.0,52,-0.544,0.735,40.5,-13.4,2
sma100,2,5,60,2,3,48,99,-0.156,0.950,38.0,52,-0.544,0.735,40.5,-13.4,2
sma100,2,5,60,2,5,0,90,-0.064,1.043,52.2,44,-0.434,0.846,52.7,-13.8,1
sma100,2,5,60,2,5,24,90,-0.064,1.043,52.2,44,-0.434,0.846,52.7,-13.8,1
sma100,2,5,60,2,5,48,90,-0.064,1.043,52.2,44,-0.434,0.846,52.7,-13.8,1
sma100,2,5,60,3,2,0,100,-0.437,0.819,24.5,55,-0.334,0.790,31.5,-10.8,2
sma100,2,5,60,3,2,24,100,-0.437,0.819,24.5,55,-0.334,0.790,31.5,-10.8,2
sma100,2,5,60,3,2,48,100,-0.437,0.819,24.5,55,-0.334,0.790,31.5,-10.8,2
sma100,2,5,60,3,3,0,99,-0.188,0.963,35.3,52,-0.529,0.745,40.5,-13.1,2
sma100,2,5,60,3,3,24,99,-0.188,0.963,35.3,52,-0.529,0.745,40.5,-13.1,2
sma100,2,5,60,3,3,48,99,-0.188,0.963,35.3,52,-0.529,0.745,40.5,-13.1,2
sma100,2,5,60,3,5,0,90,-0.254,0.999,47.9,44,-0.434,0.846,52.7,-13.8,1
sma100,2,5,60,3,5,24,90,-0.254,0.999,47.9,44,-0.434,0.846,52.7,-13.8,1
sma100,2,5,60,3,5,48,90,-0.254,0.999,47.9,44,-0.434,0.846,52.7,-13.8,1
sma100,2,5,70,0,2,0,100,-0.437,0.864,19.1,55,0.051,1.079,29.0,-10.8,3
sma100,2,5,70,0,2,24,100,-0.437,0.864,19.1,55,0.051,1.079,29.0,-10.8,3
sma100,2,5,70,0,2,48,100,-0.437,0.864,19.1,55,0.051,1.079,29.0,-10.8,3
sma100,2,5,70,0,3,0,99,-0.078,1.102,29.2,52,0.006,1.038,36.5,-13.1,2
sma100,2,5,70,0,3,24,99,-0.078,1.102,29.2,52,0.006,1.038,36.5,-13.1,2
sma100,2,5,70,0,3,48,99,-0.078,1.102,29.2,52,0.006,1.038,36.5,-13.1,2
sma100,2,5,70,0,5,0,90,-0.266,1.078,39.0,44,-0.035,1.042,50.2,-14.4,2
sma100,2,5,70,0,5,24,90,-0.266,1.078,39.0,44,-0.035,1.042,50.2,-14.4,2
sma100,2,5,70,0,5,48,90,-0.266,1.078,39.0,44,-0.035,1.042,50.2,-14.4,2
sma100,2,5,70,2,2,0,100,-0.239,0.920,29.0,55,-0.272,0.835,33.1,-10.1,2
sma100,2,5,70,2,2,24,100,-0.239,0.920,29.0,55,-0.272,0.835,33.1,-10.1,2
sma100,2,5,70,2,2,48,100,-0.239,0.920,29.0,55,-0.272,0.835,33.1,-10.1,2
sma100,2,5,70,2,3,0,99,-0.154,0.952,38.0,52,-0.439,0.806,40.5,-13.4,2
sma100,2,5,70,2,3,24,99,-0.154,0.952,38.0,52,-0.439,0.806,40.5,-13.4,2
sma100,2,5,70,2,3,48,99,-0.154,0.952,38.0,52,-0.439,0.806,40.5,-13.4,2
sma100,2,5,70,2,5,0,90,-0.166,1.015,50.5,44,-0.427,0.870,52.7,-14.4,1
sma100,2,5,70,2,5,24,90,-0.166,1.015,50.5,44,-0.427,0.870,52.7,-14.4,1
sma100,2,5,70,2,5,48,90,-0.166,1.015,50.5,44,-0.427,0.870,52.7,-14.4,1
sma100,2,5,70,3,2,0,100,-0.507,0.796,22.9,55,-0.150,0.937,31.5,-10.8,2
sma100,2,5,70,3,2,24,100,-0.507,0.796,22.9,55,-0.150,0.937,31.5,-10.8,2
sma100,2,5,70,3,2,48,100,-0.507,0.796,22.9,55,-0.150,0.937,31.5,-10.8,2
sma100,2,5,70,3,3,0,99,-0.273,0.938,33.8,52,-0.458,0.832,36.5,-13.1,1
sma100,2,5,70,3,3,24,99,-0.273,0.938,33.8,52,-0.458,0.832,36.5,-13.1,1
sma100,2,5,70,3,3,48,99,-0.273,0.938,33.8,52,-0.458,0.832,36.5,-13.1,1
sma100,2,5,70,3,5,0,90,-0.395,0.967,44.6,44,-0.408,0.903,50.2,-14.4,1
sma100,2,5,70,3,5,24,90,-0.395,0.967,44.6,44,-0.408,0.903,50.2,-14.4,1
sma100,2,5,70,3,5,48,90,-0.395,0.967,44.6,44,-0.408,0.903,50.2,-14.4,1
sma100,2,10,60,0,2,0,294,-0.365,0.796,26.5,114,-0.073,0.967,32.4,-14.6,2
sma100,2,10,60,0,2,24,294,-0.365,0.796,26.5,114,-0.073,0.967,32.4,-14.6,2
sma100,2,10,60,0,2,48,294,-0.365,0.796,26.5,114,-0.073,0.967,32.4,-14.6,2
sma100,2,10,60,0,3,0,281,-0.058,1.000,36.0,105,0.048,1.110,42.1,-16.8,3
sma100,2,10,60,0,3,24,281,-0.058,1.000,36.0,105,0.048,1.110,42.1,-16.8,3
sma100,2,10,60,0,3,48,281,-0.058,1.000,36.0,105,0.048,1.110,42.1,-16.8,3
sma100,2,10,60,0,5,0,255,0.006,1.062,49.1,88,-0.122,0.971,50.5,-19.9,1
sma100,2,10,60,0,5,24,255,0.006,1.062,49.1,88,-0.122,0.971,50.5,-19.9,1
sma100,2,10,60,0,5,48,255,0.006,1.062,49.1,88,-0.122,0.971,50.5,-19.9,1
sma100,2,10,60,2,2,0,294,-0.190,0.887,32.5,114,-0.242,0.860,34.1,-14.3,2
sma100,2,10,60,2,2,24,294,-0.190,0.887,32.5,114,-0.242,0.860,34.1,-14.3,2
sma100,2,10,60,2,2,48,294,-0.190,0.887,32.5,114,-0.242,0.860,34.1,-14.3,2
sma100,2,10,60,2,3,0,281,0.047,1.024,41.7,105,-0.324,0.882,43.0,-16.9,2
sma100,2,10,60,2,3,24,281,0.047,1.024,41.7,105,-0.324,0.882,43.0,-16.9,2
sma100,2,10,60,2,3,48,281,0.047,1.024,41.7,105,-0.324,0.882,43.0,-16.9,2
sma100,2,10,60,2,5,0,255,0.258,1.168,55.0,88,-0.471,0.812,51.5,-19.5,1
sma100,2,10,60,2,5,24,255,0.258,1.168,55.0,88,-0.471,0.812,51.5,-19.5,1
sma100,2,10,60,2,5,48,255,0.258,1.168,55.0,88,-0.471,0.812,51.5,-19.5,1
sma100,2,10,60,3,2,0,294,-0.244,0.855,29.5,114,-0.201,0.885,33.4,-14.6,1
sma100,2,10,60,3,2,24,294,-0.244,0.855,29.5,114,-0.201,0.885,33.4,-14.6,1
sma100,2,10,60,3,2,48,294,-0.244,0.855,29.5,114,-0.201,0.885,33.4,-14.6,1
sma100,2,10,60,3,3,0,281,0.080,1.047,39.6,105,-0.197,0.977,42.1,-17.0,1
sma100,2,10,60,3,3,24,281,0.080,1.047,39.6,105,-0.197,0.977,42.1,-17.0,1
sma100,2,10,60,3,3,48,281,0.080,1.047,39.6,105,-0.197,0.977,42.1,-17.0,1
sma100,2,10,60,3,5,0,255,0.296,1.168,53.4,88,-0.339,0.887,50.5,-19.9,1
sma100,2,10,60,3,5,24,255,0.296,1.168,53.4,88,-0.339,0.887,50.5,-19.9,1
sma100,2,10,60,3,5,48,255,0.296,1.168,53.4,88,-0.339,0.887,50.5,-19.9,1
sma100,2,10,70,0,2,0,293,-0.450,0.761,22.1,114,0.183,1.148,27.9,-15.6,3
sma100,2,10,70,0,2,24,293,-0.450,0.761,22.1,114,0.183,1.148,27.9,-15.6,3
sma100,2,10,70,0,2,48,293,-0.450,0.761,22.1,114,0.183,1.148,27.9,-15.6,3
sma100,2,10,70,0,3,0,280,-0.130,0.978,30.8,104,0.274,1.214,37.3,-17.7,2
sma100,2,10,70,0,3,24,280,-0.130,0.978,30.8,104,0.274,1.214,37.3,-17.7,2
sma100,2,10,70,0,3,48,280,-0.130,0.978,30.8,104,0.274,1.214,37.3,-17.7,2
sma100,2,10,70,0,5,0,254,0.068,1.082,44.0,86,0.189,1.117,51.3,-19.4,3
sma100,2,10,70,0,5,24,254,0.068,1.082,44.0,86,0.189,1.117,51.3,-19.4,3
sma100,2,10,70,0,5,48,254,0.068,1.082,44.0,86,0.189,1.117,51.3,-19.4,3
sma100,2,10,70,2,2,0,294,-0.201,0.880,32.2,114,-0.274,0.839,32.0,-14.9,1
sma100,2,10,70,2,2,24,294,-0.201,0.880,32.2,114,-0.274,0.839,32.0,-14.9,1
sma100,2,10,70,2,2,48,294,-0.201,0.880,32.2,114,-0.274,0.839,32.0,-14.9,1
sma100,2,10,70,2,3,0,281,0.016,1.010,40.9,104,-0.399,0.848,40.9,-17.8,1
sma100,2,10,70,2,3,24,281,0.016,1.010,40.9,104,-0.399,0.848,40.9,-17.8,1
sma100,2,10,70,2,3,48,281,0.016,1.010,40.9,104,-0.399,0.848,40.9,-17.8,1
sma100,2,10,70,2,5,0,255,0.159,1.125,53.2,86,-0.537,0.791,53.6,-20.8,1
sma100,2,10,70,2,5,24,255,0.159,1.125,53.2,86,-0.537,0.791,53.6,-20.8,1
sma100,2,10,70,2,5,48,255,0.159,1.125,53.2,86,-0.537,0.791,53.6,-20.8,1
sma100,2,10,70,3,2,0,294,-0.283,0.830,28.6,114,-0.115,0.960,31.3,-14.8,3
sma100,2,10,70,3,2,24,294,-0.283,0.830,28.6,114,-0.115,0.960,31.3,-14.8,3
sma100,2,10,70,3,2,48,294,-0.283,0.830,28.6,114,-0.115,0.960,31.3,-14.8,3
sma100,2,10,70,3,3,0,281,0.014,1.012,38.2,104,-0.227,0.970,38.3,-18.7,1
sma100,2,10,70,3,3,24,281,0.014,1.012,38.2,104,-0.227,0.970,38.3,-18.7,1
sma100,2,10,70,3,3,48,281,0.014,1.012,38.2,104,-0.227,0.970,38.3,-18.7,1
sma100,2,10,70,3,5,0,255,0.174,1.114,51.3,86,-0.366,0.897,51.3,-21.1,1
sma100,2,10,70,3,5,24,255,0.174,1.114,51.3,86,-0.366,0.897,51.3,-21.1,1
sma100,2,10,70,3,5,48,255,0.174,1.114,51.3,86,-0.366,0.897,51.3,-21.1,1
sma100,2,15,60,0,2,0,485,-0.165,0.904,28.3,178,-0.190,0.884,31.9,-22.8,1
sma100,2,15,60,0,2,24,485,-0.165,0.904,28.3,178,-0.190,0.884,31.9,-22.8,1
sma100,2,15,60,0,2,48,485,-0.165,0.904,28.3,178,-0.190,0.884,31.9,-22.8,1
sma100,2,15,60,0,3,0,462,0.036,1.032,36.9,162,-0.077,1.028,41.7,-21.6,2
sma100,2,15,60,0,3,24,462,0.036,1.032,36.9,162,-0.077,1.028,41.7,-21.6,2
sma100,2,15,60,0,3,48,462,0.036,1.032,36.9,162,-0.077,1.028,41.7,-21.6,2
sma100,2,15,60,0,5,0,410,0.022,1.034,49.3,137,0.035,1.023,54.4,-23.1,2
sma100,2,15,60,0,5,24,410,0.022,1.034,49.3,137,0.035,1.023,54.4,-23.1,2
sma100,2,15,60,0,5,48,410,0.022,1.034,49.3,137,0.035,1.023,54.4,-23.1,2
sma100,2,15,60,2,2,0,486,-0.036,0.983,33.6,179,-0.243,0.866,34.1,-20.8,1
sma100,2,15,60,2,2,24,486,-0.036,0.983,33.6,179,-0.243,0.866,34.1,-20.8,1
sma100,2,15,60,2,2,48,486,-0.036,0.983,33.6,179,-0.243,0.866,34.1,-20.8,1
sma100,2,15,60,2,3,0,463,0.110,1.062,43.1,163,-0.285,0.911,42.9,-21.0,2
sma100,2,15,60,2,3,24,463,0.110,1.062,43.1,163,-0.285,0.911,42.9,-21.0,2
sma100,2,15,60,2,3,48,463,0.110,1.062,43.1,163,-0.285,0.911,42.9,-21.0,2
sma100,2,15,60,2,5,0,414,0.215,1.121,55.5,138,-0.270,0.883,55.2,-22.2,1
sma100,2,15,60,2,5,24,414,0.215,1.121,55.5,138,-0.270,0.883,55.2,-22.2,1
sma100,2,15,60,2,5,48,414,0.215,1.121,55.5,138,-0.270,0.883,55.2,-22.2,1
sma100,2,15,60,3,2,0,486,-0.107,0.936,30.6,179,-0.226,0.876,33.2,-22.0,1
sma100,2,15,60,3,2,24,486,-0.107,0.936,30.6,179,-0.226,0.876,33.2,-22.0,1
sma100,2,15,60,3,2,48,486,-0.107,0.936,30.6,179,-0.226,0.876,33.2,-22.0,1
sma100,2,15,60,3,3,0,463,0.061,1.037,40.3,163,-0.213,0.963,41.9,-21.8,1
sma100,2,15,60,3,3,24,463,0.061,1.037,40.3,163,-0.213,0.963,41.9,-21.8,1
sma100,2,15,60,3,3,48,463,0.061,1.037,40.3,163,-0.213,0.963,41.9,-21.8,1
sma100,2,15,60,3,5,0,412,0.169,1.093,53.2,138,-0.149,0.956,54.6,-23.2,1
sma100,2,15,60,3,5,24,412,0.169,1.093,53.2,138,-0.149,0.956,54.6,-23.2,1
sma100,2,15,60,3,5,48,412,0.169,1.093,53.2,138,-0.149,0.956,54.6,-23.2,1
sma100,2,15,70,0,2,0,483,-0.195,0.886,24.2,177,-0.159,0.918,26.3,-22.5,2
sma100,2,15,70,0,2,24,483,-0.195,0.886,24.2,177,-0.159,0.918,26.3,-22.5,2
sma100,2,15,70,0,2,48,483,-0.195,0.886,24.2,177,-0.159,0.918,26.3,-22.5,2
sma100,2,15,70,0,3,0,459,-0.019,1.005,32.1,159,0.017,1.067,36.9,-20.6,2
sma100,2,15,70,0,3,24,459,-0.019,1.005,32.1,159,0.017,1.067,36.9,-20.6,2
sma100,2,15,70,0,3,48,459,-0.019,1.005,32.1,159,0.017,1.067,36.9,-20.6,2
sma100,2,15,70,0,5,0,406,0.091,1.057,45.0,133,0.092,1.078,50.8,-22.8,2
sma100,2,15,70,0,5,24,406,0.091,1.057,45.0,133,0.092,1.078,50.8,-22.8,2
sma100,2,15,70,0,5,48,406,0.091,1.057,45.0,133,0.092,1.078,50.8,-22.8,2
sma100,2,15,70,2,2,0,485,-0.043,0.978,33.0,178,-0.300,0.821,32.0,-23.2,1
sma100,2,15,70,2,2,24,485,-0.043,0.978,33.0,178,-0.300,0.821,32.0,-23.2,1
sma100,2,15,70,2,2,48,485,-0.043,0.978,33.0,178,-0.300,0.821,32.0,-23.2,1
sma100,2,15,70,2,3,0,461,0.095,1.054,42.5,161,-0.291,0.909,41.0,-21.7,2
sma100,2,15,70,2,3,24,461,0.095,1.054,42.5,161,-0.291,0.909,41.0,-21.7,2
sma100,2,15,70,2,3,48,461,0.095,1.054,42.5,161,-0.291,0.909,41.0,-21.7,2
sma100,2,15,70,2,5,0,411,0.121,1.082,53.9,135,-0.224,0.915,55.1,-23.0,2
sma100,2,15,70,2,5,24,411,0.121,1.082,53.9,135,-0.224,0.915,55.1,-23.0,2
sma100,2,15,70,2,5,48,411,0.121,1.082,53.9,135,-0.224,0.915,55.1,-23.0,2
sma100,2,15,70,3,2,0,485,-0.132,0.918,29.2,178,-0.229,0.878,30.7,-22.3,1
sma100,2,15,70,3,2,24,485,-0.132,0.918,29.2,178,-0.229,0.878,30.7,-22.3,1
sma100,2,15,70,3,2,48,485,-0.132,0.918,29.2,178,-0.229,0.878,30.7,-22.3,1
sma100,2,15,70,3,3,0,461,0.020,1.013,38.8,161,-0.267,0.931,38.3,-22.6,1
sma100,2,15,70,3,3,24,461,0.020,1.013,38.8,161,-0.267,0.931,38.3,-22.6,1
sma100,2,15,70,3,3,48,461,0.020,1.013,38.8,161,-0.267,0.931,38.3,-22.6,1
sma100,2,15,70,3,5,0,409,0.055,1.047,51.1,134,-0.269,0.945,51.8,-24.6,1
sma100,2,15,70,3,5,24,409,0.055,1.047,51.1,134,-0.269,0.945,51.8,-24.6,1
sma100,2,15,70,3,5,48,409,0.055,1.047,51.1,134,-0.269,0.945,51.8,-24.6,1
sma100,3,5,60,0,2,0,6,-0.464,1.078,25.0,7,5.510,9.428,73.3,-0.9,4
sma100,3,5,60,0,2,24,6,-0.464,1.078,25.0,7,5.510,9.428,73.3,-0.9,4
sma100,3,5,60,0,2,48,6,-0.464,1.078,25.0,7,5.510,9.428,73.3,-0.9,4
sma100,3,5,60,0,3,0,6,-1.212,0.741,25.0,7,5.244,6.482,73.3,-1.3,4
sma100,3,5,60,0,3,24,6,-1.212,0.741,25.0,7,5.244,6.482,73.3,-1.3,4
sma100,3,5,60,0,3,48,6,-1.212,0.741,25.0,7,5.244,6.482,73.3,-1.3,4
sma100,3,5,60,0,5,0,6,2.178,2.426,62.5,7,6.075,8.292,93.3,-1.0,5
sma100,3,5,60,0,5,24,6,2.178,2.426,62.5,7,6.075,8.292,93.3,-1.0,5
sma100,3,5,60,0,5,48,6,2.178,2.426,62.5,7,6.075,8.292,93.3,-1.0,5
sma100,3,5,60,2,2,0,6,-0.314,1.214,25.0,7,3.107,6.012,73.3,-0.9,4
sma100,3,5,60,2,2,24,6,-0.314,1.214,25.0,7,3.107,6.012,73.3,-0.9,4
sma100,3,5,60,2,2,48,6,-0.314,1.214,25.0,7,3.107,6.012,73.3,-0.9,4
sma100,3,5,60,2,3,0,6,-1.062,0.835,25.0,7,2.841,4.133,73.3,-1.3,4
sma100,3,5,60,2,3,24,6,-1.062,0.835,25.0,7,2.841,4.133,73.3,-1.3,4
sma100,3,5,60,2,3,48,6,-1.062,0.835,25.0,7,2.841,4.133,73.3,-1.3,4
sma100,3,5,60,2,5,0,6,1.698,2.056,62.5,7,3.672,5.401,93.3,-1.0,5
sma100,3,5,60,2,5,24,6,1.698,2.056,62.5,7,3.672,5.401,93.3,-1.0,5
sma100,3,5,60,2,5,48,6,1.698,2.056,62.5,7,3.672,5.401,93.3,-1.0,5
sma100,3,5,60,3,2,0,6,-0.284,1.242,25.0,7,3.536,6.500,73.3,-0.9,4
sma100,3,5,60,3,2,24,6,-0.284,1.242,25.0,7,3.536,6.500,73.3,-0.9,4
sma100,3,5,60,3,2,48,6,-0.284,1.242,25.0,7,3.536,6.500,73.3,-0.9,4
sma100,3,5,60,3,3,0,6,-1.032,0.854,25.0,7,3.270,4.469,73.3,-1.3,4
sma100,3,5,60,3,3,24,6,-1.032,0.854,25.0,7,3.270,4.469,73.3,-1.3,4
sma100,3,5,60,3,3,48,6,-1.032,0.854,25.0,7,3.270,4.469,73.3,-1.3,4
sma100,3,5,60,3,5,0,6,1.728,2.079,62.5,7,4.101,5.814,93.3,-1.0,5
sma100,3,5,60,3,5,24,6,1.728,2.079,62.5,7,4.101,5.814,93.3,-1.0,5
sma100,3,5,60,3,5,48,6,1.728,2.079,62.5,7,4.101,5.814,93.3,-1.0,5
sma100,3,5,70,0,2,0,6,-2.196,0.000,0.0,7,8.540,13.514,73.3,-0.9,4
sma100,3,5,70,0,2,24,6,-2.196,0.000,0.0,7,8.540,13.514,73.3,-0.9,4
sma100,3,5,70,0,2,48,6,-2.196,0.000,0.0,7,8.540,13.514,73.3,-0.9,4
sma100,3,5,70,0,3,0,6,-3.194,0.000,0.0,7,8.274,9.291,73.3,-1.3,4
sma100,3,5,70,0,3,24,6,-3.194,0.000,0.0,7,8.274,9.291,73.3,-1.3,4
sma100,3,5,70,0,3,48,6,-3.194,0.000,0.0,7,8.274,9.291,73.3,-1.3,4
sma100,3,5,70,0,5,0,6,-0.303,0.757,37.5,7,9.362,11.997,93.3,-1.0,5
sma100,3,5,70,0,5,24,6,-0.303,0.757,37.5,7,9.362,11.997,93.3,-1.0,5
sma100,3,5,70,0,5,48,6,-0.303,0.757,37.5,7,9.362,11.997,93.3,-1.0,5
sma100,3,5,70,2,2,0,6,-0.314,1.214,25.0,7,3.107,6.012,73.3,-0.9,4
sma100,3,5,70,2,2,24,6,-0.314,1.214,25.0,7,3.107,6.012,73.3,-0.9,4
sma100,3,5,70,2,2,48,6,-0.314,1.214,25.0,7,3.107,6.012,73.3,-0.9,4
sma100,3,5,70,2,3,0,6,-1.062,0.835,25.0,7,2.841,4.133,73.3,-1.3,4
sma100,3,5,70,2,3,24,6,-1.062,0.835,25.0,7,2.841,4.133,73.3,-1.3,4
sma100,3,5,70,2,3,48,6,-1.062,0.835,25.0,7,2.841,4.133,73.3,-1.3,4
sma100,3,5,70,2,5,0,6,1.698,2.056,62.5,7,3.769,5.494,93.3,-1.0,5
sma100,3,5,70,2,5,24,6,1.698,2.056,62.5,7,3.769,5.494,93.3,-1.0,5
sma100,3,5,70,2,5,48,6,1.698,2.056,62.5,7,3.769,5.494,93.3,-1.0,5
sma100,3,5,70,3,2,0,6,-0.284,1.242,25.0,7,3.536,6.500,73.3,-0.9,4
sma100,3,5,70,3,2,24,6,-0.284,1.242,25.0,7,3.536,6.500,73.3,-0.9,4
sma100,3,5,70,3,2,48,6,-0.284,1.242,25.0,7,3.536,6.500,73.3,-0.9,4
sma100,3,5,70,3,3,0,6,-1.032,0.854,25.0,7,3.270,4.469,73.3,-1.3,4
sma100,3,5,70,3,3,24,6,-1.032,0.854,25.0,7,3.270,4.469,73.3,-1.3,4
sma100,3,5,70,3,3,48,6,-1.032,0.854,25.0,7,3.270,4.469,73.3,-1.3,4
sma100,3,5,70,3,5,0,6,1.728,2.079,62.5,7,4.358,6.062,93.3,-1.0,5
sma100,3,5,70,3,5,24,6,1.728,2.079,62.5,7,4.358,6.062,93.3,-1.0,5
sma100,3,5,70,3,5,48,6,1.728,2.079,62.5,7,4.358,6.062,93.3,-1.0,5
sma100,3,10,60,0,2,0,56,0.056,1.063,21.3,34,0.577,1.251,35.0,-7.2,2
sma100,3,10,60,0,2,24,56,0.056,1.063,21.3,34,0.577,1.251,35.0,-7.2,2
sma100,3,10,60,0,2,48,56,0.056,1.063,21.3,34,0.577,1.251,35.0,-7.2,2
sma100,3,10,60,0,3,0,54,1.247,1.689,37.1,31,0.788,1.305,43.3,-9.1,3
sma100,3,10,60,0,3,24,54,1.247,1.689,37.1,31,0.788,1.305,43.3,-9.1,3
sma100,3,10,60,0,3,48,54,1.247,1.689,37.1,31,0.788,1.305,43.3,-9.1,3
sma100,3,10,60,0,5,0,51,1.298,1.606,46.1,27,1.209,1.422,58.7,-8.7,4
sma100,3,10,60,0,5,24,51,1.298,1.606,46.1,27,1.209,1.422,58.7,-8.7,4
sma100,3,10,60,0,5,48,51,1.298,1.606,46.1,27,1.209,1.422,58.7,-8.7,4
sma100,3,10,60,2,2,0,56,0.025,1.130,28.6,34,0.224,0.954,38.3,-7.2,2
sma100,3,10,60,2,2,24,56,0.025,1.130,28.6,34,0.224,0.954,38.3,-7.2,2
sma100,3,10,60,2,2,48,56,0.025,1.130,28.6,34,0.224,0.954,38.3,-7.2,2
sma100,3,10,60,2,3,0,54,0.290,1.196,40.0,31,0.243,0.983,46.7,-9.1,2
sma100,3,10,60,2,3,24,54,0.290,1.196,40.0,31,0.243,0.983,46.7,-9.1,2
sma100,3,10,60,2,3,48,54,0.290,1.196,40.0,31,0.243,0.983,46.7,-9.1,2
sma100,3,10,60,2,5,0,51,0.240,1.206,51.0,27,0.581,1.180,62.0,-8.9,2
sma100,3,10,60,2,5,24,51,0.240,1.206,51.0,27,0.581,1.180,62.0,-8.9,2
sma100,3,10,60,2,5,48,51,0.240,1.206,51.0,27,0.581,1.180,62.0,-8.9,2
sma100,3,10,60,3,2,0,56,-0.092,1.037,25.6,34,0.287,0.979,38.3,-7.2,2
sma100,3,10,60,3,2,24,56,-0.092,1.037,25.6,34,0.287,0.979,38.3,-7.2,2
sma100,3,10,60,3,2,48,56,-0.092,1.037,25.6,34,0.287,0.979,38.3,-7.2,2
sma100,3,10,60,3,3,0,54,0.492,1.326,40.0,31,0.120,0.913,43.3,-9.1,1
sma100,3,10,60,3,3,24,54,0.492,1.326,40.0,31,0.120,0.913,43.3,-9.1,1
sma100,3,10,60,3,3,48,54,0.492,1.326,40.0,31,0.120,0.913,43.3,-9.1,1
sma100,3,10,60,3,5,0,51,0.306,1.240,49.0,27,0.431,1.090,58.7,-8.9,3
sma100,3,10,60,3,5,24,51,0.306,1.240,49.0,27,0.431,1.090,58.7,-8.9,3
sma100,3,10,60,3,5,48,51,0.306,1.240,49.0,27,0.431,1.090,58.7,-8.9,3
sma100,3,10,70,0,2,0,56,0.300,1.237,16.5,34,1.209,1.682,30.0,-7.6,4
sma100,3,10,70,0,2,24,56,0.300,1.237,16.5,34,1.209,1.682,30.0,-7.6,4
sma100,3,10,70,0,2,48,56,0.300,1.237,16.5,34,1.209,1.682,30.0,-7.6,4
sma100,3,10,70,0,3,0,54,1.153,1.549,26.8,31,1.084,1.466,35.0,-9.8,3
sma100,3,10,70,0,3,24,54,1.153,1.549,26.8,31,1.084,1.466,35.0,-9.8,3
sma100,3,10,70,0,3,48,54,1.153,1.549,26.8,31,1.084,1.466,35.0,-9.8,3
sma100,3,10,70,0,5,0,51,0.808,1.319,33.5,27,1.698,1.584,50.3,-8.7,4
sma100,3,10,70,0,5,24,51,0.808,1.319,33.5,27,1.698,1.584,50.3,-8.7,4
sma100,3,10,70,0,5,48,51,0.808,1.319,33.5,27,1.698,1.584,50.3,-8.7,4
sma100,3,10,70,2,2,0,56,0.025,1.130,28.6,34,0.224,0.954,38.3,-7.2,2
sma100,3,10,70,2,2,24,56,0.025,1.130,28.6,34,0.224,0.954,38.3,-7.2,2
sma100,3,10,70,2,2,48,56,0.025,1.130,28.6,34,0.224,0.954,38.3,-7.2,2
sma100,3,10,70,2,3,0,54,0.290,1.196,40.0,31,0.243,0.983,46.7,-9.1,2
sma100,3,10,70,2,3,24,54,0.290,1.196,40.0,31,0.243,0.983,46.7,-9.1,2
sma100,3,10,70,2,3,48,54,0.290,1.196,40.0,31,0.243,0.983,46.7,-9.1,2
sma100,3,10,70,2,5,0,51,0.240,1.206,51.0,27,0.600,1.189,62.0,-8.9,2
sma100,3,10,70,2,5,24,51,0.240,1.206,51.0,27,0.600,1.189,62.0,-8.9,2
sma100,3,10,70,2,5,48,51,0.240,1.206,51.0,27,0.600,1.189,62.0,-8.9,2
sma100,3,10,70,3,2,0,56,-0.092,1.037,25.6,34,0.287,0.979,38.3,-7.2,2
sma100,3,10,70,3,2,24,56,-0.092,1.037,25.6,34,0.287,0.979,38.3,-7.2,2
sma100,3,10,70,3,2,48,56,-0.092,1.037,25.6,34,0.287,0.979,38.3,-7.2,2
sma100,3,10,70,3,3,0,54,0.492,1.326,40.0,31,0.120,0.913,43.3,-9.1,1
sma100,3,10,70,3,3,24,54,0.492,1.326,40.0,31,0.120,0.913,43.3,-9.1,1
sma100,3,10,70,3,3,48,54,0.492,1.326,40.0,31,0.120,0.913,43.3,-9.1,1
sma100,3,10,70,3,5,0,51,0.306,1.240,49.0,27,0.483,1.110,58.7,-8.7,3
sma100,3,10,70,3,5,24,51,0.306,1.240,49.0,27,0.483,1.110,58.7,-8.7,3
sma100,3,10,70,3,5,48,51,0.306,1.240,49.0,27,0.483,1.110,58.7,-8.7,3
sma100,3,15,60,0,2,0,147,-0.125,0.941,20.7,72,-0.031,1.075,24.9,-14.0,2
sma100,3,15,60,0,2,24,147,-0.125,0.941,20.7,72,-0.031,1.075,24.9,-14.0,2
sma100,3,15,60,0,2,48,147,-0.125,0.941,20.7,72,-0.031,1.075,24.9,-14.0,2
sma100,3,15,60,0,3,0,143,0.585,1.271,30.1,68,-0.098,1.025,32.4,-15.9,2
sma100,3,15,60,0,3,24,143,0.585,1.271,30.1,68,-0.098,1.025,32.4,-15.9,2
sma100,3,15,60,0,3,48,143,0.585,1.271,30.1,68,-0.098,1.025,32.4,-15.9,2
sma100,3,15,60,0,5,0,127,0.933,1.349,43.6,54,0.058,1.075,48.6,-15.0,2
sma100,3,15,60,0,5,24,127,0.933,1.349,43.6,54,0.058,1.075,48.6,-15.0,2
sma100,3,15,60,0,5,48,127,0.933,1.349,43.6,54,0.058,1.075,48.6,-15.0,2
sma100,3,15,60,2,2,0,147,-0.149,0.930,29.9,72,-0.400,0.791,30.4,-12.4,0
sma100,3,15,60,2,2,24,147,-0.149,0.930,29.9,72,-0.400,0.791,30.4,-12.4,0
sma100,3,15,60,2,2,48,147,-0.149,0.930,29.9,72,-0.400,0.791,30.4,-12.4,0
sma100,3,15,60,2,3,0,143,0.181,1.069,37.7,68,-0.527,0.779,39.2,-15.3,1
sma100,3,15,60,2,3,24,143,0.181,1.069,37.7,68,-0.527,0.779,39.2,-15.3,1
sma100,3,15,60,2,3,48,143,0.181,1.069,37.7,68,-0.527,0.779,39.2,-15.3,1
sma100,3,15,60,2,5,0,127,0.063,1.059,47.9,55,-0.579,0.808,52.7,-16.4,1
sma100,3,15,60,2,5,24,127,0.063,1.059,47.9,55,-0.579,0.808,52.7,-16.4,1
sma100,3,15,60,2,5,48,127,0.063,1.059,47.9,55,-0.579,0.808,52.7,-16.4,1
sma100,3,15,60,3,2,0,147,-0.223,0.897,26.3,72,-0.414,0.791,27.6,-13.1,1
sma100,3,15,60,3,2,24,147,-0.223,0.897,26.3,72,-0.414,0.791,27.6,-13.1,1
sma100,3,15,60,3,2,48,147,-0.223,0.897,26.3,72,-0.414,0.791,27.6,-13.1,1
sma100,3,15,60,3,3,0,143,0.203,1.099,35.2,68,-0.687,0.714,33.7,-15.6,1
sma100,3,15,60,3,3,24,143,0.203,1.099,35.2,68,-0.687,0.714,33.7,-15.6,1
sma100,3,15,60,3,3,48,143,0.203,1.099,35.2,68,-0.687,0.714,33.7,-15.6,1
sma100,3,15,60,3,5,0,127,0.328,1.126,46.7,54,-0.715,0.774,48.6,-16.6,2
sma100,3,15,60,3,5,24,127,0.328,1.126,46.7,54,-0.715,0.774,48.6,-16.6,2
sma100,3,15,60,3,5,48,127,0.328,1.126,46.7,54,-0.715,0.774,48.6,-16.6,2
sma100,3,15,70,0,2,0,147,0.224,1.176,18.2,72,0.277,1.245,22.6,-13.9,2
sma100,3,15,70,0,2,24,147,0.224,1.176,18.2,72,0.277,1.245,22.6,-13.9,2
sma100,3,15,70,0,2,48,147,0.224,1.176,18.2,72,0.277,1.245,22.6,-13.9,2
sma100,3,15,70,0,3,0,143,0.861,1.408,25.5,68,0.179,1.133,28.6,-15.7,2
sma100,3,15,70,0,3,24,143,0.861,1.408,25.5,68,0.179,1.133,28.6,-15.7,2
sma100,3,15,70,0,3,48,143,0.861,1.408,25.5,68,0.179,1.133,28.6,-15.7,2
sma100,3,15,70,0,5,0,127,1.025,1.369,37.4,54,0.436,1.200,43.5,-14.8,3
sma100,3,15,70,0,5,24,127,1.025,1.369,37.4,54,0.436,1.200,43.5,-14.8,3
sma100,3,15,70,0,5,48,127,1.025,1.369,37.4,54,0.436,1.200,43.5,-14.8,3
sma100,3,15,70,2,2,0,147,-0.138,0.938,29.9,72,-0.400,0.791,30.4,-12.4,0
sma100,3,15,70,2,2,24,147,-0.138,0.938,29.9,72,-0.400,0.791,30.4,-12.4,0
sma100,3,15,70,2,2,48,147,-0.138,0.938,29.9,72,-0.400,0.791,30.4,-12.4,0
sma100,3,15,70,2,3,0,143,0.246,1.110,37.7,68,-0.527,0.779,39.2,-15.3,1
sma100,3,15,70,2,3,24,143,0.246,1.110,37.7,68,-0.527,0.779,39.2,-15.3,1
sma100,3,15,70,2,3,48,143,0.246,1.110,37.7,68,-0.527,0.779,39.2,-15.3,1
sma100,3,15,70,2,5,0,127,0.161,1.103,47.9,55,-0.500,0.846,52.7,-16.4,1
sma100,3,15,70,2,5,24,127,0.161,1.103,47.9,55,-0.500,0.846,52.7,-16.4,1
sma100,3,15,70,2,5,48,127,0.161,1.103,47.9,55,-0.500,0.846,52.7,-16.4,1
sma100,3,15,70,3,2,0,147,-0.206,0.910,26.3,72,-0.450,0.765,26.4,-13.1,1
sma100,3,15,70,3,2,24,147,-0.206,0.910,26.3,72,-0.450,0.765,26.4,-13.1,1
sma100,3,15,70,3,2,48,147,-0.206,0.910,26.3,72,-0.450,0.765,26.4,-13.1,1
sma100,3,15,70,3,3,0,143,0.275,1.143,35.2,68,-0.677,0.715,32.5,-15.6,1
sma100,3,15,70,3,3,24,143,0.275,1.143,35.2,68,-0.677,0.715,32.5,-15.6,1
sma100,3,15,70,3,3,48,143,0.275,1.143,35.2,68,-0.677,0.715,32.5,-15.6,1
sma100,3,15,70,3,5,0,127,0.483,1.195,46.7,54,-0.606,0.816,46.9,-16.6,2
sma100,3,15,70,3,5,24,127,0.483,1.195,46.7,54,-0.606,0.816,46.9,-16.6,2
sma100,3,15,70,3,5,48,127,0.483,1.195,46.7,54,-0.606,0.816,46.9,-16.6,2
sma100,4,5,60,0,2,0,1,-2.196,0.000,0.0,1,8.577,,100.0,0.0,1
sma100,4,5,60,0,2,24,1,-2.196,0.000,0.0,1,8.577,,100.0,0.0,1
sma100,4,5,60,0,2,48,1,-2.196,0.000,0.0,1,8.577,,100.0,0.0,1
sma100,4,5,60,0,3,0,1,-3.194,0.000,0.0,1,8.577,,100.0,0.0,1
sma100,4,5,60,0,3,24,1,-3.194,0.000,0.0,1,8.577,,100.0,0.0,1
sma100,4,5,60,0,3,48,1,-3.194,0.000,0.0,1,8.577,,100.0,0.0,1
sma100,4,5,60,0,5,0,1,7.813,,100.0,1,8.577,,100.0,0.0,1
sma100,4,5,60,0,5,24,1,7.813,,100.0,1,8.577,,100.0,0.0,1
sma100,4,5,60,0,5,48,1,7.813,,100.0,1,8.577,,100.0,0.0,1
sma100,4,5,60,2,2,0,1,-2.196,0.000,0.0,1,3.867,,100.0,0.0,1
sma100,4,5,60,2,2,24,1,-2.196,0.000,0.0,1,3.867,,100.0,0.0,1
sma100,4,5,60,2,2,48,1,-2.196,0.000,0.0,1,3.867,,100.0,0.0,1
sma100,4,5,60,2,3,0,1,-3.194,0.000,0.0,1,3.867,,100.0,0.0,1
sma100,4,5,60,2,3,24,1,-3.194,0.000,0.0,1,3.867,,100.0,0.0,1
sma100,4,5,60,2,3,48,1,-3.194,0.000,0.0,1,3.867,,100.0,0.0,1
sma100,4,5,60,2,5,0,1,7.813,,100.0,1,3.867,,100.0,0.0,1
sma100,4,5,60,2,5,24,1,7.813,,100.0,1,3.867,,100.0,0.0,1
sma100,4,5,60,2,5,48,1,7.813,,100.0,1,3.867,,100.0,0.0,1
sma100,4,5,60,3,2,0,1,-2.196,0.000,0.0,1,3.867,,100.0,0.0,1
sma100,4,5,60,3,2,24,1,-2.196,0.000,0.0,1,3.867,,100.0,0.0,1
sma100,4,5,60,3,2,48,1,-2.196,0.000,0.0,1,3.867,,100.0,0.0,1
sma100,4,5,60,3,3,0,1,-3.194,0.000,0.0,1,3.867,,100.0,0.0,1
sma100,4,5,60,3,3,24,1,-3.194,0.000,0.0,1,3.867,,100.0,0.0,1
sma100,4,5,60,3,3,48,1,-3.194,0.000,0.0,1,3.867,,100.0,0.0,1
sma100,4,5,60,3,5,0,1,7.813,,100.0,1,3.867,,100.0,0.0,1
sma100,4,5,60,3,5,24,1,7.813,,100.0,1,3.867,,100.0,0.0,1
sma100,4,5,60,3,5,48,1,7.813,,100.0,1,3.867,,100.0,0.0,1
sma100,4,5,70,0,2,0,1,-2.196,0.000,0.0,1,12.002,,100.0,0.0,1
sma100,4,5,70,0,2,24,1,-2.196,0.000,0.0,1,12.002,,100.0,0.0,1
sma100,4,5,70,0,2,48,1,-2.196,0.000,0.0,1,12.002,,100.0,0.0,1
sma100,4,5,70,0,3,0,1,-3.194,0.000,0.0,1,12.002,,100.0,0.0,1
sma100,4,5,70,0,3,24,1,-3.194,0.000,0.0,1,12.002,,100.0,0.0,1
sma100,4,5,70,0,3,48,1,-3.194,0.000,0.0,1,12.002,,100.0,0.0,1
sma100,4,5,70,0,5,0,1,18.186,,100.0,1,12.002,,100.0,0.0,1
sma100,4,5,70,0,5,24,1,18.186,,100.0,1,12.002,,100.0,0.0,1
sma100,4,5,70,0,5,48,1,18.186,,100.0,1,12.002,,100.0,0.0,1
sma100,4,5,70,2,2,0,1,-2.196,0.000,0.0,1,3.867,,100.0,0.0,1
sma100,4,5,70,2,2,24,1,-2.196,0.000,0.0,1,3.867,,100.0,0.0,1
sma100,4,5,70,2,2,48,1,-2.196,0.000,0.0,1,3.867,,100.0,0.0,1
sma100,4,5,70,2,3,0,1,-3.194,0.000,0.0,1,3.867,,100.0,0.0,1
sma100,4,5,70,2,3,24,1,-3.194,0.000,0.0,1,3.867,,100.0,0.0,1
sma100,4,5,70,2,3,48,1,-3.194,0.000,0.0,1,3.867,,100.0,0.0,1
sma100,4,5,70,2,5,0,1,7.813,,100.0,1,3.867,,100.0,0.0,1
sma100,4,5,70,2,5,24,1,7.813,,100.0,1,3.867,,100.0,0.0,1
sma100,4,5,70,2,5,48,1,7.813,,100.0,1,3.867,,100.0,0.0,1
sma100,4,5,70,3,2,0,1,-2.196,0.000,0.0,1,3.867,,100.0,0.0,1
sma100,4,5,70,3,2,24,1,-2.196,0.000,0.0,1,3.867,,100.0,0.0,1
sma100,4,5,70,3,2,48,1,-2.196,0.000,0.0,1,3.867,,100.0,0.0,1
sma100,4,5,70,3,3,0,1,-3.194,0.000,0.0,1,3.867,,100.0,0.0,1
sma100,4,5,70,3,3,24,1,-3.194,0.000,0.0,1,3.867,,100.0,0.0,1
sma100,4,5,70,3,3,48,1,-3.194,0.000,0.0,1,3.867,,100.0,0.0,1
sma100,4,5,70,3,5,0,1,7.813,,100.0,1,3.867,,100.0,0.0,1
sma100,4,5,70,3,5,24,1,7.813,,100.0,1,3.867,,100.0,0.0,1
sma100,4,5,70,3,5,48,1,7.813,,100.0,1,3.867,,100.0,0.0,1
sma100,4,10,60,0,2,0,10,-2.196,0.000,0.0,7,8.496,13.514,79.2,-1.1,4
sma100,4,10,60,0,2,24,10,-2.196,0.000,0.0,7,8.496,13.514,79.2,-1.1,4
sma100,4,10,60,0,2,48,10,-2.196,0.000,0.0,7,8.496,13.514,79.2,-1.1,4
sma100,4,10,60,0,3,0,10,-0.877,0.856,8.3,7,8.288,9.291,79.2,-1.6,4
sma100,4,10,60,0,3,24,10,-0.877,0.856,8.3,7,8.288,9.291,79.2,-1.6,4
sma100,4,10,60,0,3,48,10,-0.877,0.856,8.3,7,8.288,9.291,79.2,-1.6,4
sma100,4,10,60,0,5,0,9,0.009,1.295,29.2,7,7.872,5.718,79.2,-2.6,4
sma100,4,10,60,0,5,24,9,0.009,1.295,29.2,7,7.872,5.718,79.2,-2.6,4
sma100,4,10,60,0,5,48,9,0.009,1.295,29.2,7,7.872,5.718,79.2,-2.6,4
sma100,4,10,60,2,2,0,10,-0.941,0.607,16.7,7,3.379,6.012,79.2,-1.1,4
sma100,4,10,60,2,2,24,10,-0.941,0.607,16.7,7,3.379,6.012,79.2,-1.1,4
sma100,4,10,60,2,2,48,10,-0.941,0.607,16.7,7,3.379,6.012,79.2,-1.1,4
sma100,4,10,60,2,3,0,10,-1.180,0.652,25.0,7,3.171,4.133,79.2,-1.6,4
sma100,4,10,60,2,3,24,10,-1.180,0.652,25.0,7,3.171,4.133,79.2,-1.6,4
sma100,4,10,60,2,3,48,10,-1.180,0.652,25.0,7,3.171,4.133,79.2,-1.6,4
sma100,4,10,60,2,5,0,9,-0.051,1.217,50.0,7,2.756,2.544,79.2,-2.6,4
sma100,4,10,60,2,5,24,9,-0.051,1.217,50.0,7,2.756,2.544,79.2,-2.6,4
sma100,4,10,60,2,5,48,9,-0.051,1.217,50.0,7,2.756,2.544,79.2,-2.6,4
sma100,4,10,60,3,2,0,10,-0.921,0.621,16.7,7,3.915,6.500,79.2,-1.1,4
sma100,4,10,60,3,2,24,10,-0.921,0.621,16.7,7,3.915,6.500,79.2,-1.1,4
sma100,4,10,60,3,2,48,10,-0.921,0.621,16.7,7,3.915,6.500,79.2,-1.1,4
sma100,4,10,60,3,3,0,10,-1.160,0.663,25.0,7,3.707,4.469,79.2,-1.6,4
sma100,4,10,60,3,3,24,10,-1.160,0.663,25.0,7,3.707,4.469,79.2,-1.6,4
sma100,4,10,60,3,3,48,10,-1.160,0.663,25.0,7,3.707,4.469,79.2,-1.6,4
sma100,4,10,60,3,5,0,9,-0.021,1.228,50.0,7,3.291,2.750,79.2,-2.6,4
sma100,4,10,60,3,5,24,9,-0.021,1.228,50.0,7,3.291,2.750,79.2,-2.6,4
sma100,4,10,60,3,5,48,9,-0.021,1.228,50.0,7,3.291,2.750,79.2,-2.6,4
sma100,4,10,70,0,2,0,10,-2.196,0.000,0.0,7,10.425,15.791,79.2,-1.1,4
sma100,4,10,70,0,2,24,10,-2.196,0.000,0.0,7,10.425,15.791,79.2,-1.1,4
sma100,4,10,70,0,2,48,10,-2.196,0.000,0.0,7,10.425,15.791,79.2,-1.1,4
sma100,4,10,70,0,3,0,10,-0.877,0.856,8.3,7,10.217,10.857,79.2,-1.6,4
sma100,4,10,70,0,3,24,10,-0.877,0.856,8.3,7,10.217,10.857,79.2,-1.6,4
sma100,4,10,70,0,3,48,10,-0.877,0.856,8.3,7,10.217,10.857,79.2,-1.6,4
sma100,4,10,70,0,5,0,9,1.283,1.619,29.2,7,9.801,6.681,79.2,-2.6,4
sma100,4,10,70,0,5,24,9,1.283,1.619,29.2,7,9.801,6.681,79.2,-2.6,4
sma100,4,10,70,0,5,48,9,1.283,1.619,29.2,7,9.801,6.681,79.2,-2.6,4
sma100,4,10,70,2,2,0,10,-0.941,0.607,16.7,7,3.379,6.012,79.2,-1.1,4
sma100,4,10,70,2,2,24,10,-0.941,0.607,16.7,7,3.379,6.012,79.2,-1.1,4
sma100,4,10,70,2,2,48,10,-0.941,0.607,16.7,7,3.379,6.012,79.2,-1.1,4
sma100,4,10,70,2,3,0,10,-1.180,0.652,25.0,7,3.171,4.133,79.2,-1.6,4
sma100,4,10,70,2,3,24,10,-1.180,0.652,25.0,7,3.171,4.133,79.2,-1.6,4
sma100,4,10,70,2,3,48,10,-1.180,0.652,25.0,7,3.171,4.133,79.2,-1.6,4
sma100,4,10,70,2,5,0,9,-0.051,1.217,50.0,7,2.756,2.544,79.2,-2.6,4
sma100,4,10,70,2,5,24,9,-0.051,1.217,50.0,7,2.756,2.544,79.2,-2.6,4
sma100,4,10,70,2,5,48,9,-0.051,1.217,50.0,7,2.756,2.544,79.2,-2.6,4
sma100,4,10,70,3,2,0,10,-0.921,0.621,16.7,7,3.915,6.500,79.2,-1.1,4
sma100,4,10,70,3,2,24,10,-0.921,0.621,16.7,7,3.915,6.500,79.2,-1.1,4
sma100,4,10,70,3,2,48,10,-0.921,0.621,16.7,7,3.915,6.500,79.2,-1.1,4
sma100,4,10,70,3,3,0,10,-1.160,0.663,25.0,7,3.707,4.469,79.2,-1.6,4
sma100,4,10,70,3,3,24,10,-1.160,0.663,25.0,7,3.707,4.469,79.2,-1.6,4
sma100,4,10,70,3,3,48,10,-1.160,0.663,25.0,7,3.707,4.469,79.2,-1.6,4
sma100,4,10,70,3,5,0,9,-0.021,1.228,50.0,7,3.291,2.750,79.2,-2.6,4
sma100,4,10,70,3,5,24,9,-0.021,1.228,50.0,7,3.291,2.750,79.2,-2.6,4
sma100,4,10,70,3,5,48,9,-0.021,1.228,50.0,7,3.291,2.750,79.2,-2.6,4
sma100,4,15,60,0,2,0,49,0.644,1.444,18.3,27,1.341,1.932,32.9,-5.9,4
sma100,4,15,60,0,2,24,49,0.644,1.444,18.3,27,1.341,1.932,32.9,-5.9,4
sma100,4,15,60,0,2,48,49,0.644,1.444,18.3,27,1.341,1.932,32.9,-5.9,4
sma100,4,15,60,0,3,0,47,0.930,1.501,25.9,24,1.445,1.889,38.6,-7.4,3
sma100,4,15,60,0,3,24,47,0.930,1.501,25.9,24,1.445,1.889,38.6,-7.4,3
sma100,4,15,60,0,3,48,47,0.930,1.501,25.9,24,1.445,1.889,38.6,-7.4,3
sma100,4,15,60,0,5,0,43,0.906,1.297,33.8,22,2.209,2.004,58.1,-6.1,4
sma100,4,15,60,0,5,24,43,0.906,1.297,33.8,22,2.209,2.004,58.1,-6.1,4
sma100,4,15,60,0,5,48,43,0.906,1.297,33.8,22,2.209,2.004,58.1,-6.1,4
sma100,4,15,60,2,2,0,49,0.028,1.179,28.3,27,0.086,1.019,36.2,-5.9,3
sma100,4,15,60,2,2,24,49,0.028,1.179,28.3,27,0.086,1.019,36.2,-5.9,3
sma100,4,15,60,2,2,48,49,0.028,1.179,28.3,27,0.086,1.019,36.2,-5.9,3
sma100,4,15,60,2,3,0,47,-0.097,1.107,37.6,24,0.036,1.096,45.2,-7.4,3
sma100,4,15,60,2,3,24,47,-0.097,1.107,37.6,24,0.036,1.096,45.2,-7.4,3
sma100,4,15,60,2,3,48,47,-0.097,1.107,37.6,24,0.036,1.096,45.2,-7.4,3
sma100,4,15,60,2,5,0,43,-0.026,1.095,48.7,22,0.523,1.288,64.8,-6.4,3
sma100,4,15,60,2,5,24,43,-0.026,1.095,48.7,22,0.523,1.288,64.8,-6.4,3
sma100,4,15,60,2,5,48,43,-0.026,1.095,48.7,22,0.523,1.288,64.8,-6.4,3
sma100,4,15,60,3,2,0,49,0.060,1.195,26.6,27,0.169,1.051,36.2,-5.9,3
sma100,4,15,60,3,2,24,49,0.060,1.195,26.6,27,0.169,1.051,36.2,-5.9,3
sma100,4,15,60,3,2,48,49,0.060,1.195,26.6,27,0.169,1.051,36.2,-5.9,3
sma100,4,15,60,3,3,0,47,0.110,1.243,37.6,24,-0.066,0.993,41.9,-7.4,3
sma100,4,15,60,3,3,24,47,0.110,1.243,37.6,24,-0.066,0.993,41.9,-7.4,3
sma100,4,15,60,3,3,48,47,0.110,1.243,37.6,24,-0.066,0.993,41.9,-7.4,3
sma100,4,15,60,3,5,0,43,-0.034,1.085,46.9,22,0.440,1.163,61.4,-6.4,2
sma100,4,15,60,3,5,24,43,-0.034,1.085,46.9,22,0.440,1.163,61.4,-6.4,2
sma100,4,15,60,3,5,48,43,-0.034,1.085,46.9,22,0.440,1.163,61.4,-6.4,2
sma100,4,15,70,0,2,0,49,0.302,1.176,13.8,27,1.861,2.353,32.9,-5.9,4
sma100,4,15,70,0,2,24,49,0.302,1.176,13.8,27,1.861,2.353,32.9,-5.9,4
sma100,4,15,70,0,2,48,49,0.302,1.176,13.8,27,1.861,2.353,32.9,-5.9,4
sma100,4,15,70,0,3,0,47,1.087,1.483,22.8,24,2.053,2.255,38.6,-7.4,4
sma100,4,15,70,0,3,24,47,1.087,1.483,22.8,24,2.053,2.255,38.6,-7.4,4
sma100,4,15,70,0,3,48,47,1.087,1.483,22.8,24,2.053,2.255,38.6,-7.4,4
sma100,4,15,70,0,5,0,43,0.450,1.239,28.0,22,2.961,2.143,55.2,-7.1,4
sma100,4,15,70,0,5,24,43,0.450,1.239,28.0,22,2.961,2.143,55.2,-7.1,4
sma100,4,15,70,0,5,48,43,0.450,1.239,28.0,22,2.961,2.143,55.2,-7.1,4
sma100,4,15,70,2,2,0,49,0.028,1.179,28.3,27,0.086,1.019,36.2,-5.9,3
sma100,4,15,70,2,2,24,49,0.028,1.179,28.3,27,0.086,1.019,36.2,-5.9,3
sma100,4,15,70,2,2,48,49,0.028,1.179,28.3,27,0.086,1.019,36.2,-5.9,3
sma100,4,15,70,2,3,0,47,-0.097,1.107,37.6,24,0.036,1.096,45.2,-7.4,3
sma100,4,15,70,2,3,24,47,-0.097,1.107,37.6,24,0.036,1.096,45.2,-7.4,3
sma100,4,15,70,2,3,48,47,-0.097,1.107,37.6,24,0.036,1.096,45.2,-7.4,3
sma100,4,15,70,2,5,0,43,0.018,1.118,48.7,22,0.523,1.288,64.8,-6.4,3
sma100,4,15,70,2,5,24,43,0.018,1.118,48.7,22,0.523,1.288,64.8,-6.4,3
sma100,4,15,70,2,5,48,43,0.018,1.118,48.7,22,0.523,1.288,64.8,-6.4,3
sma100,4,15,70,3,2,0,49,-0.001,1.136,25.2,27,0.169,1.051,36.2,-5.9,3
sma100,4,15,70,3,2,24,49,-0.001,1.136,25.2,27,0.169,1.051,36.2,-5.9,3
sma100,4,15,70,3,2,48,49,-0.001,1.136,25.2,27,0.169,1.051,36.2,-5.9,3
sma100,4,15,70,3,3,0,47,0.029,1.178,36.0,24,-0.066,0.993,41.9,-7.4,3
sma100,4,15,70,3,3,24,47,0.029,1.178,36.0,24,-0.066,0.993,41.9,-7.4,3
sma100,4,15,70,3,3,48,47,0.029,1.178,36.0,24,-0.066,0.993,41.9,-7.4,3
sma100,4,15,70,3,5,0,43,0.010,1.106,46.9,22,0.481,1.172,61.4,-6.4,2
sma100,4,15,70,3,5,24,43,0.010,1.106,46.9,22,0.481,1.172,61.4,-6.4,2
sma100,4,15,70,3,5,48,43,0.010,1.106,46.9,22,0.481,1.172,61.4,-6.4,2
sma200,2,5,60,0,2,0,134,-0.415,0.790,24.1,58,-0.268,0.868,24.9,-11.2,2
sma200,2,5,60,0,2,24,134,-0.415,0.790,24.1,58,-0.268,0.868,24.9,-11.2,2
sma200,2,5,60,0,2,48,134,-0.415,0.790,24.1,58,-0.268,0.868,24.9,-11.2,2
sma200,2,5,60,0,3,0,132,-0.148,0.960,34.5,55,0.292,1.094,36.5,-14.1,3
sma200,2,5,60,0,3,24,132,-0.148,0.960,34.5,55,0.292,1.094,36.5,-14.1,3
sma200,2,5,60,0,3,48,132,-0.148,0.960,34.5,55,0.292,1.094,36.5,-14.1,3
sma200,2,5,60,0,5,0,117,-0.140,0.982,47.0,48,0.107,0.972,48.0,-17.2,2
sma200,2,5,60,0,5,24,117,-0.140,0.982,47.0,48,0.107,0.972,48.0,-17.2,2
sma200,2,5,60,0,5,48,117,-0.140,0.982,47.0,48,0.107,0.972,48.0,-17.2,2
sma200,2,5,60,2,2,0,134,-0.383,0.799,27.3,58,-0.398,0.814,29.5,-10.9,2
sma200,2,5,60,2,2,24,134,-0.383,0.799,27.3,58,-0.398,0.814,29.5,-10.9,2
sma200,2,5,60,2,2,48,134,-0.383,0.799,27.3,58,-0.398,0.814,29.5,-10.9,2
sma200,2,5,60,2,3,0,132,-0.191,0.901,37.5,55,-0.163,0.926,39.5,-13.9,3
sma200,2,5,60,2,3,24,132,-0.191,0.901,37.5,55,-0.163,0.926,39.5,-13.9,3
sma200,2,5,60,2,3,48,132,-0.191,0.901,37.5,55,-0.163,0.926,39.5,-13.9,3
sma200,2,5,60,2,5,0,118,-0.243,0.905,50.7,48,-0.208,0.894,51.2,-16.4,3
sma200,2,5,60,2,5,24,118,-0.243,0.905,50.7,48,-0.208,0.894,51.2,-16.4,3
sma200,2,5,60,2,5,48,118,-0.243,0.905,50.7,48,-0.208,0.894,51.2,-16.4,3
sma200,2,5,60,3,2,0,134,-0.392,0.789,25.9,58,-0.428,0.796,27.8,-11.2,2
sma200,2,5,60,3,2,24,134,-0.392,0.789,25.9,58,-0.428,0.796,27.8,-11.2,2
sma200,2,5,60,3,2,48,134,-0.392,0.789,25.9,58,-0.428,0.796,27.8,-11.2,2
sma200,2,5,60,3,3,0,132,-0.049,0.970,37.5,55,-0.209,0.900,37.9,-14.1,3
sma200,2,5,60,3,3,24,132,-0.049,0.970,37.5,55,-0.209,0.900,37.9,-14.1,3
sma200,2,5,60,3,3,48,132,-0.049,0.970,37.5,55,-0.209,0.900,37.9,-14.1,3
sma200,2,5,60,3,5,0,117,-0.150,0.938,49.5,48,-0.255,0.865,49.5,-17.2,3
sma200,2,5,60,3,5,24,117,-0.150,0.938,49.5,48,-0.255,0.865,49.5,-17.2,3
sma200,2,5,60,3,5,48,117,-0.150,0.938,49.5,48,-0.255,0.865,49.5,-17.2,3
sma200,2,5,70,0,2,0,134,-0.219,0.920,22.0,58,-0.093,1.009,24.9,-11.2,2
sma200,2,5,70,0,2,24,134,-0.219,0.920,22.0,58,-0.093,1.009,24.9,-11.2,2
sma200,2,5,70,0,2,48,134,-0.219,0.920,22.0,58,-0.093,1.009,24.9,-11.2,2
sma200,2,5,70,0,3,0,132,0.065,1.091,31.2,55,0.393,1.157,34.9,-14.1,4
sma200,2,5,70,0,3,24,132,0.065,1.091,31.2,55,0.393,1.157,34.9,-14.1,4
sma200,2,5,70,0,3,48,132,0.065,1.091,31.2,55,0.393,1.157,34.9,-14.1,4
sma200,2,5,70,0,5,0,117,0.121,1.103,42.4,48,0.085,0.972,44.1,-17.2,3
sma200,2,5,70,0,5,24,117,0.121,1.103,42.4,48,0.085,0.972,44.1,-17.2,3
sma200,2,5,70,0,5,48,117,0.121,1.103,42.4,48,0.085,0.972,44.1,-17.2,3
sma200,2,5,70,2,2,0,134,-0.384,0.798,27.3,58,-0.396,0.816,29.5,-10.9,2
sma200,2,5,70,2,2,24,134,-0.384,0.798,27.3,58,-0.396,0.816,29.5,-10.9,2
sma200,2,5,70,2,2,48,134,-0.384,0.798,27.3,58,-0.396,0.816,29.5,-10.9,2
sma200,2,5,70,2,3,0,132,-0.192,0.901,37.5,55,-0.161,0.928,39.5,-13.9,3
sma200,2,5,70,2,3,24,132,-0.192,0.901,37.5,55,-0.161,0.928,39.5,-13.9,3
sma200,2,5,70,2,3,48,132,-0.192,0.901,37.5,55,-0.161,0.928,39.5,-13.9,3
sma200,2,5,70,2,5,0,118,-0.288,0.895,49.5,48,-0.329,0.853,49.0,-16.9,3
sma200,2,5,70,2,5,24,118,-0.288,0.895,49.5,48,-0.329,0.853,49.0,-16.9,3
sma200,2,5,70,2,5,48,118,-0.288,0.895,49.5,48,-0.329,0.853,49.0,-16.9,3
sma200,2,5,70,3,2,0,134,-0.424,0.774,25.0,58,-0.295,0.916,27.8,-11.2,2
sma200,2,5,70,3,2,24,134,-0.424,0.774,25.0,58,-0.295,0.916,27.8,-11.2,2
sma200,2,5,70,3,2,48,134,-0.424,0.774,25.0,58,-0.295,0.916,27.8,-11.2,2
sma200,2,5,70,3,3,0,132,-0.089,0.953,36.7,55,-0.161,0.949,36.2,-14.1,2
sma200,2,5,70,3,3,24,132,-0.089,0.953,36.7,55,-0.161,0.949,36.2,-14.1,2
sma200,2,5,70,3,3,48,132,-0.089,0.953,36.7,55,-0.161,0.949,36.2,-14.1,2
sma200,2,5,70,3,5,0,117,-0.105,0.958,48.3,48,-0.342,0.856,45.6,-17.2,3
sma200,2,5,70,3,5,24,117,-0.105,0.958,48.3,48,-0.342,0.856,45.6,-17.2,3
sma200,2,5,70,3,5,48,117,-0.105,0.958,48.3,48,-0.342,0.856,45.6,-17.2,3
sma200,2,10,60,0,2,0,340,-0.237,0.877,26.2,110,0.172,1.101,31.1,-13.9,2
sma200,2,10,60,0,2,24,340,-0.237,0.877,26.2,110,0.172,1.101,31.1,-13.9,2
sma200,2,10,60,0,2,48,340,-0.237,0.877,26.2,110,0.172,1.101,31.1,-13.9,2
sma200,2,10,60,0,3,0,323,-0.178,0.923,34.2,102,0.542,1.244,40.3,-17.0,4
sma200,2,10,60,0,3,24,323,-0.178,0.923,34.2,102,0.542,1.244,40.3,-17.0,4
sma200,2,10,60,0,3,48,323,-0.178,0.923,34.2,102,0.542,1.244,40.3,-17.0,4
sma200,2,10,60,0,5,0,289,0.087,1.046,48.0,88,0.398,1.101,50.7,-20.7,4
sma200,2,10,60,0,5,24,289,0.087,1.046,48.0,88,0.398,1.101,50.7,-20.7,4
sma200,2,10,60,0,5,48,289,0.087,1.046,48.0,88,0.398,1.101,50.7,-20.7,4
sma200,2,10,60,2,2,0,340,-0.250,0.859,29.2,110,-0.271,0.784,33.3,-15.0,1
sma200,2,10,60,2,2,24,340,-0.250,0.859,29.2,110,-0.271,0.784,33.3,-15.0,1
sma200,2,10,60,2,2,48,340,-0.250,0.859,29.2,110,-0.271,0.784,33.3,-15.0,1
sma200,2,10,60,2,3,0,323,-0.164,0.914,38.1,102,-0.256,0.801,41.9,-17.8,2
sma200,2,10,60,2,3,24,323,-0.164,0.914,38.1,102,-0.256,0.801,41.9,-17.8,2
sma200,2,10,60,2,3,48,323,-0.164,0.914,38.1,102,-0.256,0.801,41.9,-17.8,2
sma200,2,10,60,2,5,0,290,0.187,1.086,53.1,89,-0.383,0.749,53.2,-21.7,2
sma200,2,10,60,2,5,24,290,0.187,1.086,53.1,89,-0.383,0.749,53.2,-21.7,2
sma200,2,10,60,2,5,48,290,0.187,1.086,53.1,89,-0.383,0.749,53.2,-21.7,2
sma200,2,10,60,3,2,0,340,-0.242,0.867,27.2,110,0.067,1.059,32.6,-13.5,2
sma200,2,10,60,3,2,24,340,-0.242,0.867,27.2,110,0.067,1.059,32.6,-13.5,2
sma200,2,10,60,3,2,48,340,-0.242,0.867,27.2,110,0.067,1.059,32.6,-13.5,2
sma200,2,10,60,3,3,0,323,-0.101,0.948,36.6,102,0.194,1.085,40.3,-17.0,4
sma200,2,10,60,3,3,24,323,-0.101,0.948,36.6,102,0.194,1.085,40.3,-17.0,4
sma200,2,10,60,3,3,48,323,-0.101,0.948,36.6,102,0.194,1.085,40.3,-17.0,4
sma200,2,10,60,3,5,0,289,0.208,1.086,51.1,88,0.081,0.995,50.7,-20.7,3
sma200,2,10,60,3,5,24,289,0.208,1.086,51.1,88,0.081,0.995,50.7,-20.7,3
sma200,2,10,60,3,5,48,289,0.208,1.086,51.1,88,0.081,0.995,50.7,-20.7,3
sma200,2,10,70,0,2,0,339,-0.220,0.895,22.7,110,0.428,1.261,27.6,-14.6,3
sma200,2,10,70,0,2,24,339,-0.220,0.895,22.7,110,0.428,1.261,27.6,-14.6,3
sma200,2,10,70,0,2,48,339,-0.220,0.895,22.7,110,0.428,1.261,27.6,-14.6,3
sma200,2,10,70,0,3,0,322,-0.172,0.938,29.7,102,0.851,1.371,38.5,-15.8,4
sma200,2,10,70,0,3,24,322,-0.172,0.938,29.7,102,0.851,1.371,38.5,-15.8,4
sma200,2,10,70,0,3,48,322,-0.172,0.938,29.7,102,0.851,1.371,38.5,-15.8,4
sma200,2,10,70,0,5,0,287,0.282,1.111,43.8,88,0.787,1.226,49.9,-19.0,4
sma200,2,10,70,0,5,24,287,0.282,1.111,43.8,88,0.787,1.226,49.9,-19.0,4
sma200,2,10,70,0,5,48,287,0.282,1.111,43.8,88,0.787,1.226,49.9,-19.0,4
sma200,2,10,70,2,2,0,340,-0.259,0.854,29.0,110,-0.299,0.770,31.5,-15.5,1
sma200,2,10,70,2,2,24,340,-0.259,0.854,29.0,110,-0.299,0.770,31.5,-15.5,1
sma200,2,10,70,2,2,48,340,-0.259,0.854,29.0,110,-0.299,0.770,31.5,-15.5,1
sma200,2,10,70,2,3,0,323,-0.189,0.903,37.4,102,-0.301,0.782,41.0,-18.3,2
sma200,2,10,70,2,3,24,323,-0.189,0.903,37.4,102,-0.301,0.782,41.0,-18.3,2
sma200,2,10,70,2,3,48,323,-0.189,0.903,37.4,102,-0.301,0.782,41.0,-18.3,2
sma200,2,10,70,2,5,0,290,0.157,1.074,51.9,89,-0.363,0.766,53.2,-21.3,2
sma200,2,10,70,2,5,24,290,0.157,1.074,51.9,89,-0.363,0.766,53.2,-21.3,2
sma200,2,10,70,2,5,48,290,0.157,1.074,51.9,89,-0.363,0.766,53.2,-21.3,2
sma200,2,10,70,3,2,0,340,-0.253,0.861,26.6,110,0.116,1.101,30.8,-13.8,3
sma200,2,10,70,3,2,24,340,-0.253,0.861,26.6,110,0.116,1.101,30.8,-13.8,3
sma200,2,10,70,3,2,48,340,-0.253,0.861,26.6,110,0.116,1.101,30.8,-13.8,3
sma200,2,10,70,3,3,0,323,-0.131,0.935,35.6,102,0.197,1.081,38.5,-16.9,3
sma200,2,10,70,3,3,24,323,-0.131,0.935,35.6,102,0.197,1.081,38.5,-16.9,3
sma200,2,10,70,3,3,48,323,-0.131,0.935,35.6,102,0.197,1.081,38.5,-16.9,3
sma200,2,10,70,3,5,0,289,0.169,1.069,49.6,88,0.128,1.011,49.9,-19.5,3
sma200,2,10,70,3,5,24,289,0.169,1.069,49.6,88,0.128,1.011,49.9,-19.5,3
sma200,2,10,70,3,5,48,289,0.169,1.069,49.6,88,0.128,1.011,49.9,-19.5,3
sma200,2,15,60,0,2,0,539,0.017,1.016,28.6,174,0.176,1.022,34.1,-17.0,2
sma200,2,15,60,0,2,24,539,0.017,1.016,28.6,174,0.176,1.022,34.1,-17.0,2
sma200,2,15,60,0,2,48,539,0.017,1.016,28.6,174,0.176,1.022,34.1,-17.0,2
sma200,2,15,60,0,3,0,508,0.035,1.018,35.7,155,0.494,1.201,43.2,-19.7,4
sma200,2,15,60,0,3,24,508,0.035,1.018,35.7,155,0.494,1.201,43.2,-19.7,4
sma200,2,15,60,0,3,48,508,0.035,1.018,35.7,155,0.494,1.201,43.2,-19.7,4
sma200,2,15,60,0,5,0,448,0.404,1.162,49.6,135,0.454,1.145,55.0,-23.0,4
sma200,2,15,60,0,5,24,448,0.404,1.162,49.6,135,0.454,1.145,55.0,-23.0,4
sma200,2,15,60,0,5,48,448,0.404,1.162,49.6,135,0.454,1.145,55.0,-23.0,4
sma200,2,15,60,2,2,0,539,0.009,1.010,32.3,176,-0.110,0.834,36.0,-18.8,2
sma200,2,15,60,2,2,24,539,0.009,1.010,32.3,176,-0.110,0.834,36.0,-18.8,2
sma200,2,15,60,2,2,48,539,0.009,1.010,32.3,176,-0.110,0.834,36.0,-18.8,2
sma200,2,15,60,2,3,0,508,0.047,1.019,40.9,157,-0.039,0.912,44.8,-20.0,2
sma200,2,15,60,2,3,24,508,0.047,1.019,40.9,157,-0.039,0.912,44.8,-20.0,2
sma200,2,15,60,2,3,48,508,0.047,1.019,40.9,157,-0.039,0.912,44.8,-20.0,2
sma200,2,15,60,2,5,0,452,0.346,1.154,54.9,137,-0.184,0.844,56.0,-24.9,2
sma200,2,15,60,2,5,24,452,0.346,1.154,54.9,137,-0.184,0.844,56.0,-24.9,2
sma200,2,15,60,2,5,48,452,0.346,1.154,54.9,137,-0.184,0.844,56.0,-24.9,2
sma200,2,15,60,3,2,0,539,-0.039,0.980,29.5,176,0.103,1.005,35.2,-16.4,2
sma200,2,15,60,3,2,24,539,-0.039,0.980,29.5,176,0.103,1.005,35.2,-16.4,2
sma200,2,15,60,3,2,48,539,-0.039,0.980,29.5,176,0.103,1.005,35.2,-16.4,2
sma200,2,15,60,3,3,0,508,0.000,0.997,38.1,156,0.256,1.109,43.5,-19.7,4
sma200,2,15,60,3,3,24,508,0.000,0.997,38.1,156,0.256,1.109,43.5,-19.7,4
sma200,2,15,60,3,3,48,508,0.000,0.997,38.1,156,0.256,1.109,43.5,-19.7,4
sma200,2,15,60,3,5,0,449,0.305,1.128,52.4,136,0.192,1.056,55.2,-23.0,4
sma200,2,15,60,3,5,24,449,0.305,1.128,52.4,136,0.192,1.056,55.2,-23.0,4
sma200,2,15,60,3,5,48,449,0.305,1.128,52.4,136,0.192,1.056,55.2,-23.0,4
sma200,2,15,70,0,2,0,536,0.044,1.027,25.1,173,0.271,1.063,29.1,-18.2,2
sma200,2,15,70,0,2,24,536,0.044,1.027,25.1,173,0.271,1.063,29.1,-18.2,2
sma200,2,15,70,0,2,48,536,0.044,1.027,25.1,173,0.271,1.063,29.1,-18.2,2
sma200,2,15,70,0,3,0,505,0.024,1.011,31.3,154,0.686,1.270,40.7,-18.3,4
sma200,2,15,70,0,3,24,505,0.024,1.011,31.3,154,0.686,1.270,40.7,-18.3,4
sma200,2,15,70,0,3,48,505,0.024,1.011,31.3,154,0.686,1.270,40.7,-18.3,4
sma200,2,15,70,0,5,0,443,0.513,1.182,45.3,134,0.760,1.246,53.6,-21.6,5
sma200,2,15,70,0,5,24,443,0.513,1.182,45.3,134,0.760,1.246,53.6,-21.6,5
sma200,2,15,70,0,5,48,443,0.513,1.182,45.3,134,0.760,1.246,53.6,-21.6,5
sma200,2,15,70,2,2,0,538,0.007,1.009,31.9,175,-0.184,0.784,33.7,-20.9,2
sma200,2,15,70,2,2,24,538,0.007,1.009,31.9,175,-0.184,0.784,33.7,-20.9,2
sma200,2,15,70,2,2,48,538,0.007,1.009,31.9,175,-0.184,0.784,33.7,-20.9,2
sma200,2,15,70,2,3,0,507,0.037,1.015,40.4,156,-0.056,0.907,43.4,-21.1,2
sma200,2,15,70,2,3,24,507,0.037,1.015,40.4,156,-0.056,0.907,43.4,-21.1,2
sma200,2,15,70,2,3,48,507,0.037,1.015,40.4,156,-0.056,0.907,43.4,-21.1,2
sma200,2,15,70,2,5,0,450,0.319,1.141,53.9,136,-0.126,0.879,55.9,-24.2,2
sma200,2,15,70,2,5,24,450,0.319,1.141,53.9,136,-0.126,0.879,55.9,-24.2,2
sma200,2,15,70,2,5,48,450,0.319,1.141,53.9,136,-0.126,0.879,55.9,-24.2,2
sma200,2,15,70,3,2,0,538,-0.038,0.980,28.5,175,0.097,1.010,32.4,-17.0,2
sma200,2,15,70,3,2,24,538,-0.038,0.980,28.5,175,0.097,1.010,32.4,-17.0,2
sma200,2,15,70,3,2,48,538,-0.038,0.980,28.5,175,0.097,1.010,32.4,-17.0,2
sma200,2,15,70,3,3,0,507,-0.012,0.991,37.0,155,0.266,1.111,41.6,-20.1,5
sma200,2,15,70,3,3,24,507,-0.012,0.991,37.0,155,0.266,1.111,41.6,-20.1,5
sma200,2,15,70,3,3,48,507,-0.012,0.991,37.0,155,0.266,1.111,41.6,-20.1,5
sma200,2,15,70,3,5,0,447,0.250,1.103,50.8,135,0.312,1.108,54.5,-22.3,5
sma200,2,15,70,3,5,24,447,0.250,1.103,50.8,135,0.312,1.108,54.5,-22.3,5
sma200,2,15,70,3,5,48,447,0.250,1.103,50.8,135,0.312,1.108,54.5,-22.3,5
sma200,3,5,60,0,2,0,21,0.081,1.284,25.7,7,3.979,4.814,60.0,-1.3,4
sma200,3,5,60,0,2,24,21,0.081,1.284,25.7,7,3.979,4.814,60.0,-1.3,4
sma200,3,5,60,0,2,48,21,0.081,1.284,25.7,7,3.979,4.814,60.0,-1.3,4
sma200,3,5,60,0,3,0,20,-0.540,0.946,26.7,7,3.580,3.310,60.0,-1.9,4
sma200,3,5,60,0,3,24,20,-0.540,0.946,26.7,7,3.580,3.310,60.0,-1.9,4
sma200,3,5,60,0,3,48,20,-0.540,0.946,26.7,7,3.580,3.310,60.0,-1.9,4
sma200,3,5,60,0,5,0,16,1.214,1.421,51.7,7,2.781,2.037,60.0,-3.1,3
sma200,3,5,60,0,5,24,16,1.214,1.421,51.7,7,2.781,2.037,60.0,-3.1,3
sma200,3,5,60,0,5,48,16,1.214,1.421,51.7,7,2.781,2.037,60.0,-3.1,3
sma200,3,5,60,2,2,0,21,-0.492,0.936,25.7,7,2.401,4.666,70.0,-0.9,3
sma200,3,5,60,2,2,24,21,-0.492,0.936,25.7,7,2.401,4.666,70.0,-0.9,3
sma200,3,5,60,2,2,48,21,-0.492,0.936,25.7,7,2.401,4.666,70.0,-0.9,3
sma200,3,5,60,2,3,0,20,-0.756,0.838,31.7,7,2.101,3.208,70.0,-1.3,3
sma200,3,5,60,2,3,24,20,-0.756,0.838,31.7,7,2.101,3.208,70.0,-1.3,3
sma200,3,5,60,2,3,48,20,-0.756,0.838,31.7,7,2.101,3.208,70.0,-1.3,3
sma200,3,5,60,2,5,0,16,-0.393,0.860,51.7,7,2.981,4.373,90.0,-1.0,4
sma200,3,5,60,2,5,24,16,-0.393,0.860,51.7,7,2.981,4.373,90.0,-1.0,4
sma200,3,5,60,2,5,48,16,-0.393,0.860,51.7,7,2.981,4.373,90.0,-1.0,4
sma200,3,5,60,3,2,0,21,-0.298,1.054,25.7,7,2.182,3.113,60.0,-1.3,4
sma200,3,5,60,3,2,24,21,-0.298,1.054,25.7,7,2.182,3.113,60.0,-1.3,4
sma200,3,5,60,3,2,48,21,-0.298,1.054,25.7,7,2.182,3.113,60.0,-1.3,4
sma200,3,5,60,3,3,0,20,-0.561,0.932,31.7,7,1.783,2.140,60.0,-1.9,4
sma200,3,5,60,3,3,24,20,-0.561,0.932,31.7,7,1.783,2.140,60.0,-1.9,4
sma200,3,5,60,3,3,48,20,-0.561,0.932,31.7,7,1.783,2.140,60.0,-1.9,4
sma200,3,5,60,3,5,0,16,0.367,1.135,51.7,7,3.142,2.514,80.0,-2.1,4
sma200,3,5,60,3,5,24,16,0.367,1.135,51.7,7,3.142,2.514,80.0,-2.1,4
sma200,3,5,60,3,5,48,16,0.367,1.135,51.7,7,3.142,2.514,80.0,-2.1,4
sma200,3,5,70,0,2,0,21,0.120,1.314,20.7,7,6.211,7.187,60.0,-1.3,4
sma200,3,5,70,0,2,24,21,0.120,1.314,20.7,7,6.211,7.187,60.0,-1.3,4
sma200,3,5,70,0,2,48,21,0.120,1.314,20.7,7,6.211,7.187,60.0,-1.3,4
sma200,3,5,70,0,3,0,20,-0.541,0.963,21.7,7,5.812,4.941,60.0,-1.9,4
sma200,3,5,70,0,3,24,20,-0.541,0.963,21.7,7,5.812,4.941,60.0,-1.9,4
sma200,3,5,70,0,3,48,20,-0.541,0.963,21.7,7,5.812,4.941,60.0,-1.9,4
sma200,3,5,70,0,5,0,16,1.091,1.346,45.0,7,5.013,3.041,60.0,-3.1,3
sma200,3,5,70,0,5,24,16,1.091,1.346,45.0,7,5.013,3.041,60.0,-3.1,3
sma200,3,5,70,0,5,48,16,1.091,1.346,45.0,7,5.013,3.041,60.0,-3.1,3
sma200,3,5,70,2,2,0,21,-0.492,0.936,25.7,7,2.401,4.666,70.0,-0.9,3
sma200,3,5,70,2,2,24,21,-0.492,0.936,25.7,7,2.401,4.666,70.0,-0.9,3
sma200,3,5,70,2,2,48,21,-0.492,0.936,25.7,7,2.401,4.666,70.0,-0.9,3
sma200,3,5,70,2,3,0,20,-0.756,0.838,31.7,7,2.101,3.208,70.0,-1.3,3
sma200,3,5,70,2,3,24,20,-0.756,0.838,31.7,7,2.101,3.208,70.0,-1.3,3
sma200,3,5,70,2,3,48,20,-0.756,0.838,31.7,7,2.101,3.208,70.0,-1.3,3
sma200,3,5,70,2,5,0,16,-0.393,0.860,51.7,7,2.981,4.373,90.0,-1.0,4
sma200,3,5,70,2,5,24,16,-0.393,0.860,51.7,7,2.981,4.373,90.0,-1.0,4
sma200,3,5,70,2,5,48,16,-0.393,0.860,51.7,7,2.981,4.373,90.0,-1.0,4
sma200,3,5,70,3,2,0,21,-0.298,1.054,25.7,7,2.182,3.113,60.0,-1.3,4
sma200,3,5,70,3,2,24,21,-0.298,1.054,25.7,7,2.182,3.113,60.0,-1.3,4
sma200,3,5,70,3,2,48,21,-0.298,1.054,25.7,7,2.182,3.113,60.0,-1.3,4
sma200,3,5,70,3,3,0,20,-0.561,0.932,31.7,7,1.783,2.140,60.0,-1.9,4
sma200,3,5,70,3,3,24,20,-0.561,0.932,31.7,7,1.783,2.140,60.0,-1.9,4
sma200,3,5,70,3,3,48,20,-0.561,0.932,31.7,7,1.783,2.140,60.0,-1.9,4
sma200,3,5,70,3,5,0,16,0.367,1.135,51.7,7,3.142,2.514,80.0,-2.1,4
sma200,3,5,70,3,5,24,16,0.367,1.135,51.7,7,3.142,2.514,80.0,-2.1,4
sma200,3,5,70,3,5,48,16,0.367,1.135,51.7,7,3.142,2.514,80.0,-2.1,4
sma200,3,10,60,0,2,0,92,-0.031,0.969,21.4,37,1.159,1.979,28.0,-7.6,4
sma200,3,10,60,0,2,24,92,-0.031,0.969,21.4,37,1.159,1.979,28.0,-7.6,4
sma200,3,10,60,0,2,48,92,-0.031,0.969,21.4,37,1.159,1.979,28.0,-7.6,4
sma200,3,10,60,0,3,0,89,0.671,1.298,32.2,35,1.789,1.957,36.5,-10.3,4
sma200,3,10,60,0,3,24,89,0.671,1.298,32.2,35,1.789,1.957,36.5,-10.3,4
sma200,3,10,60,0,3,48,89,0.671,1.298,32.2,35,1.789,1.957,36.5,-10.3,4
sma200,3,10,60,0,5,0,79,1.391,1.547,46.2,33,1.831,1.511,45.5,-13.4,4
sma200,3,10,60,0,5,24,79,1.391,1.547,46.2,33,1.831,1.511,45.5,-13.4,4
sma200,3,10,60,0,5,48,79,1.391,1.547,46.2,33,1.831,1.511,45.5,-13.4,4
sma200,3,10,60,2,2,0,92,-0.421,0.757,25.5,37,-0.162,0.990,32.0,-7.6,3
sma200,3,10,60,2,2,24,92,-0.421,0.757,25.5,37,-0.162,0.990,32.0,-7.6,3
sma200,3,10,60,2,2,48,92,-0.421,0.757,25.5,37,-0.162,0.990,32.0,-7.6,3
sma200,3,10,60,2,3,0,89,-0.173,0.905,37.0,35,0.049,1.021,40.5,-10.3,3
sma200,3,10,60,2,3,24,89,-0.173,0.905,37.0,35,0.049,1.021,40.5,-10.3,3
sma200,3,10,60,2,3,48,89,-0.173,0.905,37.0,35,0.049,1.021,40.5,-10.3,3
sma200,3,10,60,2,5,0,80,0.198,1.082,52.4,33,0.319,0.956,52.8,-12.5,3
sma200,3,10,60,2,5,24,80,0.198,1.082,52.4,33,0.319,0.956,52.8,-12.5,3
sma200,3,10,60,2,5,48,80,0.198,1.082,52.4,33,0.319,0.956,52.8,-12.5,3
sma200,3,10,60,3,2,0,92,-0.340,0.778,23.6,37,0.721,1.745,30.0,-7.9,3
sma200,3,10,60,3,2,24,92,-0.340,0.778,23.6,37,0.721,1.745,30.0,-7.9,3
sma200,3,10,60,3,2,48,92,-0.340,0.778,23.6,37,0.721,1.745,30.0,-7.9,3
sma200,3,10,60,3,3,0,89,0.083,1.020,35.9,35,0.802,1.515,36.5,-10.4,4
sma200,3,10,60,3,3,24,89,0.083,1.020,35.9,35,0.802,1.515,36.5,-10.4,4
sma200,3,10,60,3,3,48,89,0.083,1.020,35.9,35,0.802,1.515,36.5,-10.4,4
sma200,3,10,60,3,5,0,79,0.474,1.178,50.5,33,1.104,1.347,48.8,-11.8,4
sma200,3,10,60,3,5,24,79,0.474,1.178,50.5,33,1.104,1.347,48.8,-11.8,4
sma200,3,10,60,3,5,48,79,0.474,1.178,50.5,33,1.104,1.347,48.8,-11.8,4
sma200,3,10,70,0,2,0,92,0.146,1.068,17.9,37,1.656,2.259,25.5,-7.6,4
sma200,3,10,70,0,2,24,92,0.146,1.068,17.9,37,1.656,2.259,25.5,-7.6,4
sma200,3,10,70,0,2,48,92,0.146,1.068,17.9,37,1.656,2.259,25.5,-7.6,4
sma200,3,10,70,0,3,0,89,0.802,1.298,26.7,35,1.762,1.864,32.0,-10.3,4
sma200,3,10,70,0,3,24,89,0.802,1.298,26.7,35,1.762,1.864,32.0,-10.3,4
sma200,3,10,70,0,3,48,89,0.802,1.298,26.7,35,1.762,1.864,32.0,-10.3,4
sma200,3,10,70,0,5,0,79,1.326,1.439,38.4,33,1.854,1.488,43.5,-13.4,4
sma200,3,10,70,0,5,24,79,1.326,1.439,38.4,33,1.854,1.488,43.5,-13.4,4
sma200,3,10,70,0,5,48,79,1.326,1.439,38.4,33,1.854,1.488,43.5,-13.4,4
sma200,3,10,70,2,2,0,92,-0.421,0.757,25.5,37,-0.162,0.990,32.0,-7.6,3
sma200,3,10,70,2,2,24,92,-0.421,0.757,25.5,37,-0.162,0.990,32.0,-7.6,3
sma200,3,10,70,2,2,48,92,-0.421,0.757,25.5,37,-0.162,0.990,32.0,-7.6,3
sma200,3,10,70,2,3,0,89,-0.173,0.905,37.0,35,0.049,1.021,40.5,-10.3,3
sma200,3,10,70,2,3,24,89,-0.173,0.905,37.0,35,0.049,1.021,40.5,-10.3,3
sma200,3,10,70,2,3,48,89,-0.173,0.905,37.0,35,0.049,1.021,40.5,-10.3,3
sma200,3,10,70,2,5,0,80,0.198,1.082,52.4,33,0.367,0.980,55.3,-12.5,3
sma200,3,10,70,2,5,24,80,0.198,1.082,52.4,33,0.367,0.980,55.3,-12.5,3
sma200,3,10,70,2,5,48,80,0.198,1.082,52.4,33,0.367,0.980,55.3,-12.5,3
sma200,3,10,70,3,2,0,92,-0.340,0.778,23.6,37,0.721,1.745,30.0,-7.9,3
sma200,3,10,70,3,2,24,92,-0.340,0.778,23.6,37,0.721,1.745,30.0,-7.9,3
sma200,3,10,70,3,2,48,92,-0.340,0.778,23.6,37,0.721,1.745,30.0,-7.9,3
sma200,3,10,70,3,3,0,89,0.083,1.020,35.9,35,0.802,1.515,36.5,-10.4,4
sma200,3,10,70,3,3,24,89,0.083,1.020,35.9,35,0.802,1.515,36.5,-10.4,4
sma200,3,10,70,3,3,48,89,0.083,1.020,35.9,35,0.802,1.515,36.5,-10.4,4
sma200,3,10,70,3,5,0,79,0.402,1.142,49.4,33,1.152,1.371,51.3,-11.8,4
sma200,3,10,70,3,5,24,79,0.402,1.142,49.4,33,1.152,1.371,51.3,-11.8,4
sma200,3,10,70,3,5,48,79,0.402,1.142,49.4,33,1.152,1.371,51.3,-11.8,4
sma200,3,15,60,0,2,0,208,0.098,1.084,21.6,75,0.386,1.420,23.4,-10.6,3
sma200,3,15,60,0,2,24,208,0.098,1.084,21.6,75,0.386,1.420,23.4,-10.6,3
sma200,3,15,60,0,2,48,208,0.098,1.084,21.6,75,0.386,1.420,23.4,-10.6,3
sma200,3,15,60,0,3,0,201,0.421,1.172,28.5,70,0.853,1.490,33.4,-13.2,3
sma200,3,15,60,0,3,24,201,0.421,1.172,28.5,70,0.853,1.490,33.4,-13.2,3
sma200,3,15,60,0,3,48,201,0.421,1.172,28.5,70,0.853,1.490,33.4,-13.2,3
sma200,3,15,60,0,5,0,179,1.075,1.340,43.0,58,0.546,1.216,42.1,-17.5,3
sma200,3,15,60,0,5,24,179,1.075,1.340,43.0,58,0.546,1.216,42.1,-17.5,3
sma200,3,15,60,0,5,48,179,1.075,1.340,43.0,58,0.546,1.216,42.1,-17.5,3
sma200,3,15,60,2,2,0,208,-0.253,0.872,27.2,75,-0.577,0.768,26.4,-13.0,1
sma200,3,15,60,2,2,24,208,-0.253,0.872,27.2,75,-0.577,0.768,26.4,-13.0,1
sma200,3,15,60,2,2,48,208,-0.253,0.872,27.2,75,-0.577,0.768,26.4,-13.0,1
sma200,3,15,60,2,3,0,201,-0.094,0.936,35.5,70,-0.447,0.832,36.7,-15.8,1
sma200,3,15,60,2,3,24,201,-0.094,0.936,35.5,70,-0.447,0.832,36.7,-15.8,1
sma200,3,15,60,2,3,48,201,-0.094,0.936,35.5,70,-0.447,0.832,36.7,-15.8,1
sma200,3,15,60,2,5,0,180,0.161,1.034,49.0,59,-0.600,0.782,49.0,-19.3,2
sma200,3,15,60,2,5,24,180,0.161,1.034,49.0,59,-0.600,0.782,49.0,-19.3,2
sma200,3,15,60,2,5,48,180,0.161,1.034,49.0,59,-0.600,0.782,49.0,-19.3,2
sma200,3,15,60,3,2,0,208,-0.132,0.953,25.6,75,-0.019,1.211,25.3,-11.1,3
sma200,3,15,60,3,2,24,208,-0.132,0.953,25.6,75,-0.019,1.211,25.3,-11.1,3
sma200,3,15,60,3,2,48,208,-0.132,0.953,25.6,75,-0.019,1.211,25.3,-11.1,3
sma200,3,15,60,3,3,0,201,0.127,1.047,34.9,70,0.047,1.132,33.4,-13.7,2
sma200,3,15,60,3,3,24,201,0.127,1.047,34.9,70,0.047,1.132,33.4,-13.7,2
sma200,3,15,60,3,3,48,201,0.127,1.047,34.9,70,0.047,1.132,33.4,-13.7,2
sma200,3,15,60,3,5,0,179,0.481,1.151,48.3,58,-0.053,1.024,44.6,-16.5,3
sma200,3,15,60,3,5,24,179,0.481,1.151,48.3,58,-0.053,1.024,44.6,-16.5,3
sma200,3,15,60,3,5,48,179,0.481,1.151,48.3,58,-0.053,1.024,44.6,-16.5,3
sma200,3,15,70,0,2,0,208,0.275,1.204,18.4,75,0.660,1.553,21.6,-10.5,3
sma200,3,15,70,0,2,24,208,0.275,1.204,18.4,75,0.660,1.553,21.6,-10.5,3
sma200,3,15,70,0,2,48,208,0.275,1.204,18.4,75,0.660,1.553,21.6,-10.5,3
sma200,3,15,70,0,3,0,201,0.599,1.257,24.1,70,0.901,1.505,30.3,-13.1,3
sma200,3,15,70,0,3,24,201,0.599,1.257,24.1,70,0.901,1.505,30.3,-13.1,3
sma200,3,15,70,0,3,48,201,0.599,1.257,24.1,70,0.901,1.505,30.3,-13.1,3
sma200,3,15,70,0,5,0,178,1.315,1.418,38.1,58,0.603,1.239,39.5,-17.6,3
sma200,3,15,70,0,5,24,178,1.315,1.418,38.1,58,0.603,1.239,39.5,-17.6,3
sma200,3,15,70,0,5,48,178,1.315,1.418,38.1,58,0.603,1.239,39.5,-17.6,3
sma200,3,15,70,2,2,0,208,-0.255,0.870,26.8,75,-0.577,0.768,26.4,-13.0,1
sma200,3,15,70,2,2,24,208,-0.255,0.870,26.8,75,-0.577,0.768,26.4,-13.0,1
sma200,3,15,70,2,2,48,208,-0.255,0.870,26.8,75,-0.577,0.768,26.4,-13.0,1
sma200,3,15,70,2,3,0,201,-0.056,0.955,35.1,70,-0.447,0.832,36.7,-15.8,1
sma200,3,15,70,2,3,24,201,-0.056,0.955,35.1,70,-0.447,0.832,36.7,-15.8,1
sma200,3,15,70,2,3,48,201,-0.056,0.955,35.1,70,-0.447,0.832,36.7,-15.8,1
sma200,3,15,70,2,5,0,180,0.233,1.063,48.5,59,-0.520,0.826,50.2,-19.3,2
sma200,3,15,70,2,5,24,180,0.233,1.063,48.5,59,-0.520,0.826,50.2,-19.3,2
sma200,3,15,70,2,5,48,180,0.233,1.063,48.5,59,-0.520,0.826,50.2,-19.3,2
sma200,3,15,70,3,2,0,208,-0.129,0.954,25.2,75,-0.039,1.189,24.4,-11.1,3
sma200,3,15,70,3,2,24,208,-0.129,0.954,25.2,75,-0.039,1.189,24.4,-11.1,3
sma200,3,15,70,3,2,48,208,-0.129,0.954,25.2,75,-0.039,1.189,24.4,-11.1,3
sma200,3,15,70,3,3,0,201,0.171,1.069,34.5,70,0.081,1.139,32.4,-13.7,2
sma200,3,15,70,3,3,24,201,0.171,1.069,34.5,70,0.081,1.139,32.4,-13.7,2
sma200,3,15,70,3,3,48,201,0.171,1.069,34.5,70,0.081,1.139,32.4,-13.7,2
sma200,3,15,70,3,5,0,179,0.559,1.182,47.3,58,0.043,1.059,44.6,-16.5,3
sma200,3,15,70,3,5,24,179,0.559,1.182,47.3,58,0.043,1.059,44.6,-16.5,3
sma200,3,15,70,3,5,48,179,0.559,1.182,47.3,58,0.043,1.059,44.6,-16.5,3
sma200,4,5,60,0,2,0,6,1.352,1.750,37.5,1,8.577,,100.0,0.0,1
sma200,4,5,60,0,2,24,6,1.352,1.750,37.5,1,8.577,,100.0,0.0,1
sma200,4,5,60,0,2,48,6,1.352,1.750,37.5,1,8.577,,100.0,0.0,1
sma200,4,5,60,0,3,0,6,0.728,1.203,37.5,1,8.577,,100.0,0.0,1
sma200,4,5,60,0,3,24,6,0.728,1.203,37.5,1,8.577,,100.0,0.0,1
sma200,4,5,60,0,3,48,6,0.728,1.203,37.5,1,8.577,,100.0,0.0,1
sma200,4,5,60,0,5,0,3,3.847,2.735,75.0,1,8.577,,100.0,0.0,1
sma200,4,5,60,0,5,24,3,3.847,2.735,75.0,1,8.577,,100.0,0.0,1
sma200,4,5,60,0,5,48,3,3.847,2.735,75.0,1,8.577,,100.0,0.0,1
sma200,4,5,60,2,2,0,6,0.371,1.303,37.5,1,3.867,,100.0,0.0,1
sma200,4,5,60,2,2,24,6,0.371,1.303,37.5,1,3.867,,100.0,0.0,1
sma200,4,5,60,2,2,48,6,0.371,1.303,37.5,1,3.867,,100.0,0.0,1
sma200,4,5,60,2,3,0,6,-0.253,0.896,37.5,1,3.867,,100.0,0.0,1
sma200,4,5,60,2,3,24,6,-0.253,0.896,37.5,1,3.867,,100.0,0.0,1
sma200,4,5,60,2,3,48,6,-0.253,0.896,37.5,1,3.867,,100.0,0.0,1
sma200,4,5,60,2,5,0,3,1.886,1.980,75.0,1,3.867,,100.0,0.0,1
sma200,4,5,60,2,5,24,3,1.886,1.980,75.0,1,3.867,,100.0,0.0,1
sma200,4,5,60,2,5,48,3,1.886,1.980,75.0,1,3.867,,100.0,0.0,1
sma200,4,5,60,3,2,0,6,1.283,1.718,37.5,1,3.867,,100.0,0.0,1
sma200,4,5,60,3,2,24,6,1.283,1.718,37.5,1,3.867,,100.0,0.0,1
sma200,4,5,60,3,2,48,6,1.283,1.718,37.5,1,3.867,,100.0,0.0,1
sma200,4,5,60,3,3,0,6,0.659,1.181,37.5,1,3.867,,100.0,0.0,1
sma200,4,5,60,3,3,24,6,0.659,1.181,37.5,1,3.867,,100.0,0.0,1
sma200,4,5,60,3,3,48,6,0.659,1.181,37.5,1,3.867,,100.0,0.0,1
sma200,4,5,60,3,5,0,3,3.709,2.682,75.0,1,3.867,,100.0,0.0,1
sma200,4,5,60,3,5,24,3,3.709,2.682,75.0,1,3.867,,100.0,0.0,1
sma200,4,5,60,3,5,48,3,3.709,2.682,75.0,1,3.867,,100.0,0.0,1
sma200,4,5,70,0,2,0,6,2.662,2.943,37.5,1,12.002,,100.0,0.0,1
sma200,4,5,70,0,2,24,6,2.662,2.943,37.5,1,12.002,,100.0,0.0,1
sma200,4,5,70,0,2,48,6,2.662,2.943,37.5,1,12.002,,100.0,0.0,1
sma200,4,5,70,0,3,0,6,2.038,2.024,37.5,1,12.002,,100.0,0.0,1
sma200,4,5,70,0,3,24,6,2.038,2.024,37.5,1,12.002,,100.0,0.0,1
sma200,4,5,70,0,3,48,6,2.038,2.024,37.5,1,12.002,,100.0,0.0,1
sma200,4,5,70,0,5,0,3,6.440,4.734,75.0,1,12.002,,100.0,0.0,1
sma200,4,5,70,0,5,24,3,6.440,4.734,75.0,1,12.002,,100.0,0.0,1
sma200,4,5,70,0,5,48,3,6.440,4.734,75.0,1,12.002,,100.0,0.0,1
sma200,4,5,70,2,2,0,6,0.371,1.303,37.5,1,3.867,,100.0,0.0,1
sma200,4,5,70,2,2,24,6,0.371,1.303,37.5,1,3.867,,100.0,0.0,1
sma200,4,5,70,2,2,48,6,0.371,1.303,37.5,1,3.867,,100.0,0.0,1
sma200,4,5,70,2,3,0,6,-0.253,0.896,37.5,1,3.867,,100.0,0.0,1
sma200,4,5,70,2,3,24,6,-0.253,0.896,37.5,1,3.867,,100.0,0.0,1
sma200,4,5,70,2,3,48,6,-0.253,0.896,37.5,1,3.867,,100.0,0.0,1
sma200,4,5,70,2,5,0,3,1.886,1.980,75.0,1,3.867,,100.0,0.0,1
sma200,4,5,70,2,5,24,3,1.886,1.980,75.0,1,3.867,,100.0,0.0,1
sma200,4,5,70,2,5,48,3,1.886,1.980,75.0,1,3.867,,100.0,0.0,1
sma200,4,5,70,3,2,0,6,1.283,1.718,37.5,1,3.867,,100.0,0.0,1
sma200,4,5,70,3,2,24,6,1.283,1.718,37.5,1,3.867,,100.0,0.0,1
sma200,4,5,70,3,2,48,6,1.283,1.718,37.5,1,3.867,,100.0,0.0,1
sma200,4,5,70,3,3,0,6,0.659,1.181,37.5,1,3.867,,100.0,0.0,1
sma200,4,5,70,3,3,24,6,0.659,1.181,37.5,1,3.867,,100.0,0.0,1
sma200,4,5,70,3,3,48,6,0.659,1.181,37.5,1,3.867,,100.0,0.0,1
sma200,4,5,70,3,5,0,3,3.709,2.682,75.0,1,3.867,,100.0,0.0,1
sma200,4,5,70,3,5,24,3,3.709,2.682,75.0,1,3.867,,100.0,0.0,1
sma200,4,5,70,3,5,48,3,3.709,2.682,75.0,1,3.867,,100.0,0.0,1
sma200,4,10,60,0,2,0,26,-0.289,1.001,17.0,7,6.211,7.187,60.0,-1.3,4
sma200,4,10,60,0,2,24,26,-0.289,1.001,17.0,7,6.211,7.187,60.0,-1.3,4
sma200,4,10,60,0,2,48,26,-0.289,1.001,17.0,7,6.211,7.187,60.0,-1.3,4
sma200,4,10,60,0,3,0,25,0.833,1.166,24.4,7,5.812,4.941,60.0,-1.9,4
sma200,4,10,60,0,3,24,25,0.833,1.166,24.4,7,5.812,4.941,60.0,-1.9,4
sma200,4,10,60,0,3,48,25,0.833,1.166,24.4,7,5.812,4.941,60.0,-1.9,4
sma200,4,10,60,0,5,0,20,3.540,2.298,51.0,7,5.013,3.041,60.0,-3.1,3
sma200,4,10,60,0,5,24,20,3.540,2.298,51.0,7,5.013,3.041,60.0,-3.1,3
sma200,4,10,60,0,5,48,20,3.540,2.298,51.0,7,5.013,3.041,60.0,-3.1,3
sma200,4,10,60,2,2,0,26,-0.783,0.702,21.0,7,1.968,2.787,60.0,-1.3,3
sma200,4,10,60,2,2,24,26,-0.783,0.702,21.0,7,1.968,2.787,60.0,-1.3,3
sma200,4,10,60,2,2,48,26,-0.783,0.702,21.0,7,1.968,2.787,60.0,-1.3,3
sma200,4,10,60,2,3,0,25,-0.721,0.713,32.4,7,1.569,1.916,60.0,-1.9,3
sma200,4,10,60,2,3,24,25,-0.721,0.713,32.4,7,1.569,1.916,60.0,-1.9,3
sma200,4,10,60,2,3,48,25,-0.721,0.713,32.4,7,1.569,1.916,60.0,-1.9,3
sma200,4,10,60,2,5,0,20,0.623,1.275,57.7,7,2.249,1.981,80.0,-2.1,4
sma200,4,10,60,2,5,24,20,0.623,1.275,57.7,7,2.249,1.981,80.0,-2.1,4
sma200,4,10,60,2,5,48,20,0.623,1.275,57.7,7,2.249,1.981,80.0,-2.1,4
sma200,4,10,60,3,2,0,26,-0.628,0.791,21.0,7,2.182,3.113,60.0,-1.3,4
sma200,4,10,60,3,2,24,26,-0.628,0.791,21.0,7,2.182,3.113,60.0,-1.3,4
sma200,4,10,60,3,2,48,26,-0.628,0.791,21.0,7,2.182,3.113,60.0,-1.3,4
sma200,4,10,60,3,3,0,25,-0.566,0.785,32.4,7,1.783,2.140,60.0,-1.9,4
sma200,4,10,60,3,3,24,25,-0.566,0.785,32.4,7,1.783,2.140,60.0,-1.9,4
sma200,4,10,60,3,3,48,25,-0.566,0.785,32.4,7,1.783,2.140,60.0,-1.9,4
sma200,4,10,60,3,5,0,20,1.258,1.520,57.7,7,3.142,2.514,80.0,-2.1,4
sma200,4,10,60,3,5,24,20,1.258,1.520,57.7,7,3.142,2.514,80.0,-2.1,4
sma200,4,10,60,3,5,48,20,1.258,1.520,57.7,7,3.142,2.514,80.0,-2.1,4
sma200,4,10,70,0,2,0,26,0.370,1.488,17.0,7,8.211,8.705,60.0,-1.3,4
sma200,4,10,70,0,2,24,26,0.370,1.488,17.0,7,8.211,8.705,60.0,-1.3,4
sma200,4,10,70,0,2,48,26,0.370,1.488,17.0,7,8.211,8.705,60.0,-1.3,4
sma200,4,10,70,0,3,0,25,1.549,1.536,24.4,7,7.812,5.985,60.0,-1.9,4
sma200,4,10,70,0,3,24,25,1.549,1.536,24.4,7,7.812,5.985,60.0,-1.9,4
sma200,4,10,70,0,3,48,25,1.549,1.536,24.4,7,7.812,5.985,60.0,-1.9,4
sma200,4,10,70,0,5,0,20,4.303,2.480,47.0,7,7.013,3.683,60.0,-3.1,3
sma200,4,10,70,0,5,24,20,4.303,2.480,47.0,7,7.013,3.683,60.0,-3.1,3
sma200,4,10,70,0,5,48,20,4.303,2.480,47.0,7,7.013,3.683,60.0,-3.1,3
sma200,4,10,70,2,2,0,26,-0.783,0.702,21.0,7,1.968,2.787,60.0,-1.3,3
sma200,4,10,70,2,2,24,26,-0.783,0.702,21.0,7,1.968,2.787,60.0,-1.3,3
sma200,4,10,70,2,2,48,26,-0.783,0.702,21.0,7,1.968,2.787,60.0,-1.3,3
sma200,4,10,70,2,3,0,25,-0.721,0.713,32.4,7,1.569,1.916,60.0,-1.9,3
sma200,4,10,70,2,3,24,25,-0.721,0.713,32.4,7,1.569,1.916,60.0,-1.9,3
sma200,4,10,70,2,3,48,25,-0.721,0.713,32.4,7,1.569,1.916,60.0,-1.9,3
sma200,4,10,70,2,5,0,20,0.623,1.275,57.7,7,2.249,1.981,80.0,-2.1,4
sma200,4,10,70,2,5,24,20,0.623,1.275,57.7,7,2.249,1.981,80.0,-2.1,4
sma200,4,10,70,2,5,48,20,0.623,1.275,57.7,7,2.249,1.981,80.0,-2.1,4
sma200,4,10,70,3,2,0,26,-0.628,0.791,21.0,7,2.182,3.113,60.0,-1.3,4
sma200,4,10,70,3,2,24,26,-0.628,0.791,21.0,7,2.182,3.113,60.0,-1.3,4
sma200,4,10,70,3,2,48,26,-0.628,0.791,21.0,7,2.182,3.113,60.0,-1.3,4
sma200,4,10,70,3,3,0,25,-0.566,0.785,32.4,7,1.783,2.140,60.0,-1.9,4
sma200,4,10,70,3,3,24,25,-0.566,0.785,32.4,7,1.783,2.140,60.0,-1.9,4
sma200,4,10,70,3,3,48,25,-0.566,0.785,32.4,7,1.783,2.140,60.0,-1.9,4
sma200,4,10,70,3,5,0,20,1.258,1.520,57.7,7,3.142,2.514,80.0,-2.1,4
sma200,4,10,70,3,5,24,20,1.258,1.520,57.7,7,3.142,2.514,80.0,-2.1,4
sma200,4,10,70,3,5,48,20,1.258,1.520,57.7,7,3.142,2.514,80.0,-2.1,4
sma200,4,15,60,0,2,0,90,0.662,1.354,19.0,33,1.889,2.528,28.4,-6.8,4
sma200,4,15,60,0,2,24,90,0.662,1.354,19.0,33,1.889,2.528,28.4,-6.8,4
sma200,4,15,60,0,2,48,90,0.662,1.354,19.0,33,1.889,2.528,28.4,-6.8,4
sma200,4,15,60,0,3,0,86,0.976,1.337,25.1,31,2.382,2.411,38.1,-8.0,4
sma200,4,15,60,0,3,24,86,0.976,1.337,25.1,31,2.382,2.411,38.1,-8.0,4
sma200,4,15,60,0,3,48,86,0.976,1.337,25.1,31,2.382,2.411,38.1,-8.0,4
sma200,4,15,60,0,5,0,75,2.100,1.560,38.9,30,2.327,1.875,48.0,-10.8,4
sma200,4,15,60,0,5,24,75,2.100,1.560,38.9,30,2.327,1.875,48.0,-10.8,4
sma200,4,15,60,0,5,48,75,2.100,1.560,38.9,30,2.327,1.875,48.0,-10.8,4
sma200,4,15,60,2,2,0,90,-0.091,0.950,23.6,33,-0.094,1.057,32.9,-6.9,3
sma200,4,15,60,2,2,24,90,-0.091,0.950,23.6,33,-0.094,1.057,32.9,-6.9,3
sma200,4,15,60,2,2,48,90,-0.091,0.950,23.6,33,-0.094,1.057,32.9,-6.9,3
sma200,4,15,60,2,3,0,86,0.077,0.987,34.7,31,0.358,1.266,44.8,-7.8,4
sma200,4,15,60,2,3,24,86,0.077,0.987,34.7,31,0.358,1.266,44.8,-7.8,4
sma200,4,15,60,2,3,48,86,0.077,0.987,34.7,31,0.358,1.266,44.8,-7.8,4
sma200,4,15,60,2,5,0,76,0.739,1.189,52.0,30,0.484,1.168,58.6,-10.2,4
sma200,4,15,60,2,5,24,76,0.739,1.189,52.0,30,0.484,1.168,58.6,-10.2,4
sma200,4,15,60,2,5,48,76,0.739,1.189,52.0,30,0.484,1.168,58.6,-10.2,4
sma200,4,15,60,3,2,0,90,0.097,1.037,23.6,33,0.896,1.912,30.7,-6.8,3
sma200,4,15,60,3,2,24,90,0.097,1.037,23.6,33,0.896,1.912,30.7,-6.8,3
sma200,4,15,60,3,2,48,90,0.097,1.037,23.6,33,0.896,1.912,30.7,-6.8,3
sma200,4,15,60,3,3,0,86,0.319,1.090,34.7,31,1.202,1.843,40.3,-8.1,4
sma200,4,15,60,3,3,24,86,0.319,1.090,34.7,31,1.202,1.843,40.3,-8.1,4
sma200,4,15,60,3,3,48,86,0.319,1.090,34.7,31,1.202,1.843,40.3,-8.1,4
sma200,4,15,60,3,5,0,75,0.761,1.178,49.3,30,1.376,1.616,54.2,-9.6,4
sma200,4,15,60,3,5,24,75,0.761,1.178,49.3,30,1.376,1.616,54.2,-9.6,4
sma200,4,15,60,3,5,48,75,0.761,1.178,49.3,30,1.376,1.616,54.2,-9.6,4
sma200,4,15,70,0,2,0,90,0.959,1.502,17.3,33,2.466,2.875,28.4,-6.8,4
sma200,4,15,70,0,2,24,90,0.959,1.502,17.3,33,2.466,2.875,28.4,-6.8,4
sma200,4,15,70,0,2,48,90,0.959,1.502,17.3,33,2.466,2.875,28.4,-6.8,4
sma200,4,15,70,0,3,0,86,1.732,1.624,24.3,31,3.207,2.760,38.1,-8.0,4
sma200,4,15,70,0,3,24,86,1.732,1.624,24.3,31,3.207,2.760,38.1,-8.0,4
sma200,4,15,70,0,3,48,86,1.732,1.624,24.3,31,3.207,2.760,38.1,-8.0,4
sma200,4,15,70,0,5,0,75,2.648,1.698,36.1,30,3.394,2.164,48.0,-10.8,4
sma200,4,15,70,0,5,24,75,2.648,1.698,36.1,30,3.394,2.164,48.0,-10.8,4
sma200,4,15,70,0,5,48,75,2.648,1.698,36.1,30,3.394,2.164,48.0,-10.8,4
sma200,4,15,70,2,2,0,90,-0.091,0.950,23.6,33,-0.094,1.057,32.9,-6.9,3
sma200,4,15,70,2,2,24,90,-0.091,0.950,23.6,33,-0.094,1.057,32.9,-6.9,3
sma200,4,15,70,2,2,48,90,-0.091,0.950,23.6,33,-0.094,1.057,32.9,-6.9,3
sma200,4,15,70,2,3,0,86,0.077,0.987,34.7,31,0.358,1.266,44.8,-7.8,4
sma200,4,15,70,2,3,24,86,0.077,0.987,34.7,31,0.358,1.266,44.8,-7.8,4
sma200,4,15,70,2,3,48,86,0.077,0.987,34.7,31,0.358,1.266,44.8,-7.8,4
sma200,4,15,70,2,5,0,76,0.765,1.201,52.0,30,0.484,1.168,58.6,-10.2,4
sma200,4,15,70,2,5,24,76,0.765,1.201,52.0,30,0.484,1.168,58.6,-10.2,4
sma200,4,15,70,2,5,48,76,0.765,1.201,52.0,30,0.484,1.168,58.6,-10.2,4
sma200,4,15,70,3,2,0,90,0.063,1.009,22.8,33,0.896,1.912,30.7,-6.8,3
sma200,4,15,70,3,2,24,90,0.063,1.009,22.8,33,0.896,1.912,30.7,-6.8,3
sma200,4,15,70,3,2,48,90,0.063,1.009,22.8,33,0.896,1.912,30.7,-6.8,3
sma200,4,15,70,3,3,0,86,0.273,1.060,33.9,31,1.202,1.843,40.3,-8.1,4
sma200,4,15,70,3,3,24,86,0.273,1.060,33.9,31,1.202,1.843,40.3,-8.1,4
sma200,4,15,70,3,3,48,86,0.273,1.060,33.9,31,1.202,1.843,40.3,-8.1,4
sma200,4,15,70,3,5,0,75,0.789,1.189,49.3,30,1.376,1.616,54.2,-9.6,4
sma200,4,15,70,3,5,24,75,0.789,1.189,49.3,30,1.376,1.616,54.2,-9.6,4
sma200,4,15,70,3,5,48,75,0.789,1.189,49.3,30,1.376,1.616,54.2,-9.6,4
r20,2,5,60,0,2,0,228,-0.372,0.824,21.5,98,-0.387,0.795,23.8,-15.1,2
r20,2,5,60,0,2,24,228,-0.372,0.824,21.5,98,-0.387,0.795,23.8,-15.1,2
r20,2,5,60,0,2,48,228,-0.372,0.824,21.5,98,-0.387,0.795,23.8,-15.1,2
r20,2,5,60,0,3,0,220,-0.403,0.848,28.2,91,0.287,1.105,37.7,-16.9,3
r20,2,5,60,0,3,24,220,-0.403,0.848,28.2,91,0.287,1.105,37.7,-16.9,3
r20,2,5,60,0,3,48,220,-0.403,0.848,28.2,91,0.287,1.105,37.7,-16.9,3
r20,2,5,60,0,5,0,202,-0.420,0.885,39.8,80,0.860,1.308,53.0,-18.0,4
r20,2,5,60,0,5,24,202,-0.420,0.885,39.8,80,0.860,1.308,53.0,-18.0,4
r20,2,5,60,0,5,48,202,-0.420,0.885,39.8,80,0.860,1.308,53.0,-18.0,4
r20,2,5,60,2,2,0,228,-0.247,0.881,26.5,98,-0.575,0.691,26.6,-15.1,1
r20,2,5,60,2,2,24,228,-0.247,0.881,26.5,98,-0.575,0.691,26.6,-15.1,1
r20,2,5,60,2,2,48,228,-0.247,0.881,26.5,98,-0.575,0.691,26.6,-15.1,1
r20,2,5,60,2,3,0,220,-0.234,0.893,34.6,91,-0.145,0.952,40.3,-16.4,2
r20,2,5,60,2,3,24,220,-0.234,0.893,34.6,91,-0.145,0.952,40.3,-16.4,2
r20,2,5,60,2,3,48,220,-0.234,0.893,34.6,91,-0.145,0.952,40.3,-16.4,2
r20,2,5,60,2,5,0,203,-0.218,0.941,47.1,80,0.280,1.131,55.0,-17.3,4
r20,2,5,60,2,5,24,203,-0.218,0.941,47.1,80,0.280,1.131,55.0,-17.3,4
r20,2,5,60,2,5,48,203,-0.218,0.941,47.1,80,0.280,1.131,55.0,-17.3,4
r20,2,5,60,3,2,0,228,-0.285,0.861,24.7,98,-0.601,0.683,25.6,-15.4,1
r20,2,5,60,3,2,24,228,-0.285,0.861,24.7,98,-0.601,0.683,25.6,-15.4,1
r20,2,5,60,3,2,48,228,-0.285,0.861,24.7,98,-0.601,0.683,25.6,-15.4,1
r20,2,5,60,3,3,0,220,-0.234,0.899,33.2,91,-0.226,0.903,38.5,-16.9,2
r20,2,5,60,3,3,24,220,-0.234,0.899,33.2,91,-0.226,0.903,38.5,-16.9,2
r20,2,5,60,3,3,48,220,-0.234,0.899,33.2,91,-0.226,0.903,38.5,-16.9,2
r20,2,5,60,3,5,0,202,-0.269,0.926,44.9,80,0.242,1.105,54.0,-18.0,4
r20,2,5,60,3,5,24,202,-0.269,0.926,44.9,80,0.242,1.105,54.0,-18.0,4
r20,2,5,60,3,5,48,202,-0.269,0.926,44.9,80,0.242,1.105,54.0,-18.0,4
r20,2,5,70,0,2,0,228,-0.195,0.919,19.6,98,-0.194,0.951,23.0,-14.6,2
r20,2,5,70,0,2,24,228,-0.195,0.919,19.6,98,-0.194,0.951,23.0,-14.6,2
r20,2,5,70,0,2,48,228,-0.195,0.919,19.6,98,-0.194,0.951,23.0,-14.6,2
r20,2,5,70,0,3,0,220,-0.214,0.934,25.7,91,0.493,1.234,35.8,-16.8,3
r20,2,5,70,0,3,24,220,-0.214,0.934,25.7,91,0.493,1.234,35.8,-16.8,3
r20,2,5,70,0,3,48,220,-0.214,0.934,25.7,91,0.493,1.234,35.8,-16.8,3
r20,2,5,70,0,5,0,202,-0.319,0.926,35.0,80,0.996,1.346,50.0,-18.0,5
r20,2,5,70,0,5,24,202,-0.319,0.926,35.0,80,0.996,1.346,50.0,-18.0,5
r20,2,5,70,0,5,48,202,-0.319,0.926,35.0,80,0.996,1.346,50.0,-18.0,5
r20,2,5,70,2,2,0,228,-0.216,0.904,26.5,98,-0.536,0.727,26.6,-14.8,1
r20,2,5,70,2,2,24,228,-0.216,0.904,26.5,98,-0.536,0.727,26.6,-14.8,1
r20,2,5,70,2,2,48,228,-0.216,0.904,26.5,98,-0.536,0.727,26.6,-14.8,1
r20,2,5,70,2,3,0,220,-0.202,0.911,34.6,91,-0.089,0.994,40.3,-16.4,2
r20,2,5,70,2,3,24,220,-0.202,0.911,34.6,91,-0.089,0.994,40.3,-16.4,2
r20,2,5,70,2,3,48,220,-0.202,0.911,34.6,91,-0.089,0.994,40.3,-16.4,2
r20,2,5,70,2,5,0,203,-0.206,0.951,46.5,80,0.292,1.134,54.0,-17.4,4
r20,2,5,70,2,5,24,203,-0.206,0.951,46.5,80,0.292,1.134,54.0,-17.4,4
r20,2,5,70,2,5,48,203,-0.206,0.951,46.5,80,0.292,1.134,54.0,-17.4,4
r20,2,5,70,3,2,0,228,-0.264,0.877,24.4,98,-0.455,0.807,25.6,-15.1,1
r20,2,5,70,3,2,24,228,-0.264,0.877,24.4,98,-0.455,0.807,25.6,-15.1,1
r20,2,5,70,3,2,48,228,-0.264,0.877,24.4,98,-0.455,0.807,25.6,-15.1,1
r20,2,5,70,3,3,0,220,-0.217,0.910,32.8,91,-0.086,1.005,37.5,-16.9,2
r20,2,5,70,3,3,24,220,-0.217,0.910,32.8,91,-0.086,1.005,37.5,-16.9,2
r20,2,5,70,3,3,48,220,-0.217,0.910,32.8,91,-0.086,1.005,37.5,-16.9,2
r20,2,5,70,3,5,0,202,-0.235,0.940,43.8,80,0.332,1.152,52.0,-18.0,4
r20,2,5,70,3,5,24,202,-0.235,0.940,43.8,80,0.332,1.152,52.0,-18.0,4
r20,2,5,70,3,5,48,202,-0.235,0.940,43.8,80,0.332,1.152,52.0,-18.0,4
r20,2,10,60,0,2,0,461,-0.320,0.835,23.7,182,-0.021,0.973,28.3,-19.4,1
r20,2,10,60,0,2,24,461,-0.320,0.835,23.7,182,-0.021,0.973,28.3,-19.4,1
r20,2,10,60,0,2,48,461,-0.320,0.835,23.7,182,-0.021,0.973,28.3,-19.4,1
r20,2,10,60,0,3,0,437,-0.437,0.823,29.3,164,0.509,1.219,40.2,-16.5,5
r20,2,10,60,0,3,24,437,-0.437,0.823,29.3,164,0.509,1.219,40.2,-16.5,5
r20,2,10,60,0,3,48,437,-0.437,0.823,29.3,164,0.509,1.219,40.2,-16.5,5
r20,2,10,60,0,5,0,387,-0.299,0.910,41.9,142,0.583,1.187,51.6,-21.4,4
r20,2,10,60,0,5,24,387,-0.299,0.910,41.9,142,0.583,1.187,51.6,-21.4,4
r20,2,10,60,0,5,48,387,-0.299,0.910,41.9,142,0.583,1.187,51.6,-21.4,4
r20,2,10,60,2,2,0,461,-0.240,0.867,27.8,182,-0.344,0.758,30.2,-21.0,1
r20,2,10,60,2,2,24,461,-0.240,0.867,27.8,182,-0.344,0.758,30.2,-21.0,1
r20,2,10,60,2,2,48,461,-0.240,0.867,27.8,182,-0.344,0.758,30.2,-21.0,1
r20,2,10,60,2,3,0,437,-0.294,0.862,34.9,164,-0.077,0.925,42.3,-18.6,2
r20,2,10,60,2,3,24,437,-0.294,0.862,34.9,164,-0.077,0.925,42.3,-18.6,2
r20,2,10,60,2,3,48,437,-0.294,0.862,34.9,164,-0.077,0.925,42.3,-18.6,2
r20,2,10,60,2,5,0,388,-0.073,0.986,48.7,142,-0.126,0.901,53.5,-24.9,2
r20,2,10,60,2,5,24,388,-0.073,0.986,48.7,142,-0.126,0.901,53.5,-24.9,2
r20,2,10,60,2,5,48,388,-0.073,0.986,48.7,142,-0.126,0.901,53.5,-24.9,2
r20,2,10,60,3,2,0,461,-0.281,0.848,25.6,182,-0.163,0.903,29.2,-18.8,1
r20,2,10,60,3,2,24,461,-0.281,0.848,25.6,182,-0.163,0.903,29.2,-18.8,1
r20,2,10,60,3,2,48,461,-0.281,0.848,25.6,182,-0.163,0.903,29.2,-18.8,1
r20,2,10,60,3,3,0,437,-0.298,0.869,33.0,164,0.128,1.067,40.2,-16.5,4
r20,2,10,60,3,3,24,437,-0.298,0.869,33.0,164,0.128,1.067,40.2,-16.5,4
r20,2,10,60,3,3,48,437,-0.298,0.869,33.0,164,0.128,1.067,40.2,-16.5,4
r20,2,10,60,3,5,0,387,-0.106,0.974,46.4,142,0.113,1.040,51.6,-22.6,4
r20,2,10,60,3,5,24,387,-0.106,0.974,46.4,142,0.113,1.040,51.6,-22.6,4
r20,2,10,60,3,5,48,387,-0.106,0.974,46.4,142,0.113,1.040,51.6,-22.6,4
r20,2,10,70,0,2,0,459,-0.256,0.872,20.8,182,0.324,1.140,26.6,-18.0,2
r20,2,10,70,0,2,24,459,-0.256,0.872,20.8,182,0.324,1.140,26.6,-18.0,2
r20,2,10,70,0,2,48,459,-0.256,0.872,20.8,182,0.324,1.140,26.6,-18.0,2
r20,2,10,70,0,3,0,435,-0.373,0.855,26.0,164,0.880,1.362,38.2,-16.4,5
r20,2,10,70,0,3,24,435,-0.373,0.855,26.0,164,0.880,1.362,38.2,-16.4,5
r20,2,10,70,0,3,48,435,-0.373,0.855,26.0,164,0.880,1.362,38.2,-16.4,5
r20,2,10,70,0,5,0,383,-0.121,0.966,37.8,141,1.009,1.308,50.3,-20.0,4
r20,2,10,70,0,5,24,383,-0.121,0.966,37.8,141,1.009,1.308,50.3,-20.0,4
r20,2,10,70,0,5,48,383,-0.121,0.966,37.8,141,1.009,1.308,50.3,-20.0,4
r20,2,10,70,2,2,0,461,-0.222,0.878,27.8,182,-0.349,0.757,29.4,-21.2,1
r20,2,10,70,2,2,24,461,-0.222,0.878,27.8,182,-0.349,0.757,29.4,-21.2,1
r20,2,10,70,2,2,48,461,-0.222,0.878,27.8,182,-0.349,0.757,29.4,-21.2,1
r20,2,10,70,2,3,0,437,-0.273,0.873,34.9,164,-0.085,0.921,41.8,-19.2,2
r20,2,10,70,2,3,24,437,-0.273,0.873,34.9,164,-0.085,0.921,41.8,-19.2,2
r20,2,10,70,2,3,48,437,-0.273,0.873,34.9,164,-0.085,0.921,41.8,-19.2,2
r20,2,10,70,2,5,0,388,-0.040,0.998,48.2,141,-0.115,0.909,53.3,-24.2,2
r20,2,10,70,2,5,24,388,-0.040,0.998,48.2,141,-0.115,0.909,53.3,-24.2,2
r20,2,10,70,2,5,48,388,-0.040,0.998,48.2,141,-0.115,0.909,53.3,-24.2,2
r20,2,10,70,3,2,0,461,-0.251,0.866,25.4,182,-0.099,0.957,28.4,-17.8,1
r20,2,10,70,3,2,24,461,-0.251,0.866,25.4,182,-0.099,0.957,28.4,-17.8,1
r20,2,10,70,3,2,48,461,-0.251,0.866,25.4,182,-0.099,0.957,28.4,-17.8,1
r20,2,10,70,3,3,0,437,-0.265,0.884,32.8,164,0.185,1.101,39.2,-16.4,5
r20,2,10,70,3,3,24,437,-0.265,0.884,32.8,164,0.185,1.101,39.2,-16.4,5
r20,2,10,70,3,3,48,437,-0.265,0.884,32.8,164,0.185,1.101,39.2,-16.4,5
r20,2,10,70,3,5,0,387,-0.069,0.987,45.7,141,0.169,1.062,50.9,-21.0,4
r20,2,10,70,3,5,24,387,-0.069,0.987,45.7,141,0.169,1.062,50.9,-21.0,4
r20,2,10,70,3,5,48,387,-0.069,0.987,45.7,141,0.169,1.062,50.9,-21.0,4
r20,2,15,60,0,2,0,677,-0.103,0.949,25.9,263,-0.005,0.902,30.8,-21.8,2
r20,2,15,60,0,2,24,677,-0.103,0.949,25.9,263,-0.005,0.902,30.8,-21.8,2
r20,2,15,60,0,2,48,677,-0.103,0.949,25.9,263,-0.005,0.902,30.8,-21.8,2
r20,2,15,60,0,3,0,633,-0.182,0.923,31.7,232,0.388,1.113,41.8,-20.4,3
r20,2,15,60,0,3,24,633,-0.182,0.923,31.7,232,0.388,1.113,41.8,-20.4,3
r20,2,15,60,0,3,48,633,-0.182,0.923,31.7,232,0.388,1.113,41.8,-20.4,3
r20,2,15,60,0,5,0,554,0.097,1.041,45.0,199,0.387,1.095,53.1,-26.3,3
r20,2,15,60,0,5,24,554,0.097,1.041,45.0,199,0.387,1.095,53.1,-26.3,3
r20,2,15,60,0,5,48,554,0.097,1.041,45.0,199,0.387,1.095,53.1,-26.3,3
r20,2,15,60,2,2,0,677,-0.060,0.973,30.0,265,-0.245,0.754,32.6,-25.3,2
r20,2,15,60,2,2,24,677,-0.060,0.973,30.0,265,-0.245,0.754,32.6,-25.3,2
r20,2,15,60,2,2,48,677,-0.060,0.973,30.0,265,-0.245,0.754,32.6,-25.3,2
r20,2,15,60,2,3,0,633,-0.092,0.953,37.7,234,-0.046,0.907,43.7,-21.4,2
r20,2,15,60,2,3,24,633,-0.092,0.953,37.7,234,-0.046,0.907,43.7,-21.4,2
r20,2,15,60,2,3,48,633,-0.092,0.953,37.7,234,-0.046,0.907,43.7,-21.4,2
r20,2,15,60,2,5,0,561,0.099,1.051,50.8,201,-0.205,0.849,54.4,-29.0,1
r20,2,15,60,2,5,24,561,0.099,1.051,50.8,201,-0.205,0.849,54.4,-29.0,1
r20,2,15,60,2,5,48,561,0.099,1.051,50.8,201,-0.205,0.849,54.4,-29.0,1
r20,2,15,60,3,2,0,677,-0.128,0.933,27.3,265,-0.119,0.858,31.5,-22.1,2
r20,2,15,60,3,2,24,677,-0.128,0.933,27.3,265,-0.119,0.858,31.5,-22.1,2
r20,2,15,60,3,2,48,677,-0.128,0.933,27.3,265,-0.119,0.858,31.5,-22.1,2
r20,2,15,60,3,3,0,633,-0.161,0.925,35.0,233,0.105,1.016,42.0,-20.5,4
r20,2,15,60,3,3,24,633,-0.161,0.925,35.0,233,0.105,1.016,42.0,-20.5,4
r20,2,15,60,3,3,48,633,-0.161,0.925,35.0,233,0.105,1.016,42.0,-20.5,4
r20,2,15,60,3,5,0,558,0.017,1.015,48.1,200,0.007,0.978,53.3,-27.2,3
r20,2,15,60,3,5,24,558,0.017,1.015,48.1,200,0.007,0.978,53.3,-27.2,3
r20,2,15,60,3,5,48,558,0.017,1.015,48.1,200,0.007,0.978,53.3,-27.2,3
r20,2,15,70,0,2,0,673,-0.032,0.985,23.0,261,0.220,0.999,28.1,-21.1,2
r20,2,15,70,0,2,24,673,-0.032,0.985,23.0,261,0.220,0.999,28.1,-21.1,2
r20,2,15,70,0,2,48,673,-0.032,0.985,23.0,261,0.220,0.999,28.1,-21.1,2
r20,2,15,70,0,3,0,628,-0.128,0.947,28.4,230,0.626,1.195,39.0,-19.2,5
r20,2,15,70,0,3,24,628,-0.128,0.947,28.4,230,0.626,1.195,39.0,-19.2,5
r20,2,15,70,0,3,48,628,-0.128,0.947,28.4,230,0.626,1.195,39.0,-19.2,5
r20,2,15,70,0,5,0,546,0.238,1.078,41.1,196,0.682,1.179,51.0,-22.7,5
r20,2,15,70,0,5,24,546,0.238,1.078,41.1,196,0.682,1.179,51.0,-22.7,5
r20,2,15,70,0,5,48,546,0.238,1.078,41.1,196,0.682,1.179,51.0,-22.7,5
r20,2,15,70,2,2,0,676,-0.044,0.983,29.8,264,-0.264,0.742,31.5,-26.3,2
r20,2,15,70,2,2,24,676,-0.044,0.983,29.8,264,-0.264,0.742,31.5,-26.3,2
r20,2,15,70,2,2,48,676,-0.044,0.983,29.8,264,-0.264,0.742,31.5,-26.3,2
r20,2,15,70,2,3,0,632,-0.073,0.963,37.6,233,-0.042,0.912,42.9,-22.6,3
r20,2,15,70,2,3,24,632,-0.073,0.963,37.6,233,-0.042,0.912,42.9,-22.6,3
r20,2,15,70,2,3,48,632,-0.073,0.963,37.6,233,-0.042,0.912,42.9,-22.6,3
r20,2,15,70,2,5,0,558,0.113,1.057,50.3,198,-0.181,0.865,54.0,-28.0,1
r20,2,15,70,2,5,24,558,0.113,1.057,50.3,198,-0.181,0.865,54.0,-28.0,1
r20,2,15,70,2,5,48,558,0.113,1.057,50.3,198,-0.181,0.865,54.0,-28.0,1
r20,2,15,70,3,2,0,676,-0.094,0.953,26.8,264,-0.076,0.898,30.2,-20.0,2
r20,2,15,70,3,2,24,676,-0.094,0.953,26.8,264,-0.076,0.898,30.2,-20.0,2
r20,2,15,70,3,2,48,676,-0.094,0.953,26.8,264,-0.076,0.898,30.2,-20.0,2
r20,2,15,70,3,3,0,631,-0.115,0.946,34.7,232,0.154,1.046,40.9,-20.9,4
r20,2,15,70,3,3,24,631,-0.115,0.946,34.7,232,0.154,1.046,40.9,-20.9,4
r20,2,15,70,3,3,48,631,-0.115,0.946,34.7,232,0.154,1.046,40.9,-20.9,4
r20,2,15,70,3,5,0,555,0.029,1.021,47.3,197,0.097,1.018,52.5,-24.0,2
r20,2,15,70,3,5,24,555,0.029,1.021,47.3,197,0.097,1.018,52.5,-24.0,2
r20,2,15,70,3,5,48,555,0.029,1.021,47.3,197,0.097,1.018,52.5,-24.0,2
r20,3,5,60,0,2,0,56,-0.553,0.693,15.0,17,2.465,2.586,43.0,-3.0,5
r20,3,5,60,0,2,24,56,-0.553,0.693,15.0,17,2.465,2.586,43.0,-3.0,5
r20,3,5,60,0,2,48,56,-0.553,0.693,15.0,17,2.465,2.586,43.0,-3.0,5
r20,3,5,60,0,3,0,54,-1.220,0.551,16.9,16,2.042,1.955,45.0,-4.4,4
r20,3,5,60,0,3,24,54,-1.220,0.551,16.9,16,2.042,1.955,45.0,-4.4,4
r20,3,5,60,0,3,48,54,-1.220,0.551,16.9,16,2.042,1.955,45.0,-4.4,4
r20,3,5,60,0,5,0,49,-0.294,0.841,34.0,15,3.229,2.324,63.3,-5.1,5
r20,3,5,60,0,5,24,49,-0.294,0.841,34.0,15,3.229,2.324,63.3,-5.1,5
r20,3,5,60,0,5,48,49,-0.294,0.841,34.0,15,3.229,2.324,63.3,-5.1,5
r20,3,5,60,2,2,0,56,-0.346,0.768,26.3,17,1.082,1.776,49.7,-3.0,4
r20,3,5,60,2,2,24,56,-0.346,0.768,26.3,17,1.082,1.776,49.7,-3.0,4
r20,3,5,60,2,2,48,56,-0.346,0.768,26.3,17,1.082,1.776,49.7,-3.0,4
r20,3,5,60,2,3,0,54,-0.751,0.667,30.4,16,1.368,1.832,58.3,-3.8,4
r20,3,5,60,2,3,24,54,-0.751,0.667,30.4,16,1.368,1.832,58.3,-3.8,4
r20,3,5,60,2,3,48,54,-0.751,0.667,30.4,16,1.368,1.832,58.3,-3.8,4
r20,3,5,60,2,5,0,49,-0.125,0.921,49.2,15,2.996,3.607,83.3,-3.1,5
r20,3,5,60,2,5,24,49,-0.125,0.921,49.2,15,2.996,3.607,83.3,-3.1,5
r20,3,5,60,2,5,48,49,-0.125,0.921,49.2,15,2.996,3.607,83.3,-3.1,5
r20,3,5,60,3,2,0,56,-0.400,0.733,22.7,17,0.936,1.599,43.0,-3.0,4
r20,3,5,60,3,2,24,56,-0.400,0.733,22.7,17,0.936,1.599,43.0,-3.0,4
r20,3,5,60,3,2,48,56,-0.400,0.733,22.7,17,0.936,1.599,43.0,-3.0,4
r20,3,5,60,3,3,0,54,-0.847,0.633,26.6,16,1.156,1.603,51.7,-4.4,4
r20,3,5,60,3,3,24,54,-0.847,0.633,26.6,16,1.156,1.603,51.7,-4.4,4
r20,3,5,60,3,3,48,54,-0.847,0.633,26.6,16,1.156,1.603,51.7,-4.4,4
r20,3,5,60,3,5,0,49,-0.102,0.933,45.3,15,2.877,2.869,76.7,-4.1,5
r20,3,5,60,3,5,24,49,-0.102,0.933,45.3,15,2.877,2.869,76.7,-4.1,5
r20,3,5,60,3,5,48,49,-0.102,0.933,45.3,15,2.877,2.869,76.7,-4.1,5
r20,3,5,70,0,2,0,56,-0.571,0.715,12.5,17,3.689,3.358,43.0,-3.0,5
r20,3,5,70,0,2,24,56,-0.571,0.715,12.5,17,3.689,3.358,43.0,-3.0,5
r20,3,5,70,0,2,48,56,-0.571,0.715,12.5,17,3.689,3.358,43.0,-3.0,5
r20,3,5,70,0,3,0,54,-1.257,0.565,14.4,16,3.278,2.545,45.0,-4.4,4
r20,3,5,70,0,3,24,54,-1.257,0.565,14.4,16,3.278,2.545,45.0,-4.4,4
r20,3,5,70,0,3,48,54,-1.257,0.565,14.4,16,3.278,2.545,45.0,-4.4,4
r20,3,5,70,0,5,0,49,-0.540,0.809,28.9,15,3.361,2.337,53.3,-6.2,5
r20,3,5,70,0,5,24,49,-0.540,0.809,28.9,15,3.361,2.337,53.3,-6.2,5
r20,3,5,70,0,5,48,49,-0.540,0.809,28.9,15,3.361,2.337,53.3,-6.2,5
r20,3,5,70,2,2,0,56,-0.346,0.768,26.3,17,1.082,1.776,49.7,-3.0,4
r20,3,5,70,2,2,24,56,-0.346,0.768,26.3,17,1.082,1.776,49.7,-3.0,4
r20,3,5,70,2,2,48,56,-0.346,0.768,26.3,17,1.082,1.776,49.7,-3.0,4
r20,3,5,70,2,3,0,54,-0.751,0.667,30.4,16,1.368,1.832,58.3,-3.8,4
r20,3,5,70,2,3,24,54,-0.751,0.667,30.4,16,1.368,1.832,58.3,-3.8,4
r20,3,5,70,2,3,48,54,-0.751,0.667,30.4,16,1.368,1.832,58.3,-3.8,4
r20,3,5,70,2,5,0,49,-0.125,0.921,49.2,15,3.028,3.638,83.3,-3.1,5
r20,3,5,70,2,5,24,49,-0.125,0.921,49.2,15,3.028,3.638,83.3,-3.1,5
r20,3,5,70,2,5,48,49,-0.125,0.921,49.2,15,3.028,3.638,83.3,-3.1,5
r20,3,5,70,3,2,0,56,-0.400,0.733,22.7,17,0.936,1.599,43.0,-3.0,4
r20,3,5,70,3,2,24,56,-0.400,0.733,22.7,17,0.936,1.599,43.0,-3.0,4
r20,3,5,70,3,2,48,56,-0.400,0.733,22.7,17,0.936,1.599,43.0,-3.0,4
r20,3,5,70,3,3,0,54,-0.847,0.633,26.6,16,1.156,1.603,51.7,-4.4,4
r20,3,5,70,3,3,24,54,-0.847,0.633,26.6,16,1.156,1.603,51.7,-4.4,4
r20,3,5,70,3,3,48,54,-0.847,0.633,26.6,16,1.156,1.603,51.7,-4.4,4
r20,3,5,70,3,5,0,49,-0.050,0.954,45.3,15,2.962,2.931,76.7,-4.1,5
r20,3,5,70,3,5,24,49,-0.050,0.954,45.3,15,2.962,2.931,76.7,-4.1,5
r20,3,5,70,3,5,48,49,-0.050,0.954,45.3,15,2.962,2.931,76.7,-4.1,5
r20,3,10,60,0,2,0,172,0.130,1.044,21.1,68,0.804,1.540,25.7,-9.5,3
r20,3,10,60,0,2,24,172,0.130,1.044,21.1,68,0.804,1.540,25.7,-9.5,3
r20,3,10,60,0,2,48,172,0.130,1.044,21.1,68,0.804,1.540,25.7,-9.5,3
r20,3,10,60,0,3,0,163,0.286,1.095,27.0,62,1.452,1.650,36.7,-11.4,4
r20,3,10,60,0,3,24,163,0.286,1.095,27.0,62,1.452,1.650,36.7,-11.4,4
r20,3,10,60,0,3,48,163,0.286,1.095,27.0,62,1.452,1.650,36.7,-11.4,4
r20,3,10,60,0,5,0,149,0.680,1.175,38.6,57,2.181,1.667,51.0,-12.8,4
r20,3,10,60,0,5,24,149,0.680,1.175,38.6,57,2.181,1.667,51.0,-12.8,4
r20,3,10,60,0,5,48,149,0.680,1.175,38.6,57,2.181,1.667,51.0,-12.8,4
r20,3,10,60,2,2,0,172,-0.053,0.974,27.4,68,-0.150,0.932,29.6,-9.0,2
r20,3,10,60,2,2,24,172,-0.053,0.974,27.4,68,-0.150,0.932,29.6,-9.0,2
r20,3,10,60,2,2,48,172,-0.053,0.974,27.4,68,-0.150,0.932,29.6,-9.0,2
r20,3,10,60,2,3,0,163,-0.056,0.952,35.3,62,0.373,1.183,43.4,-10.7,4
r20,3,10,60,2,3,24,163,-0.056,0.952,35.3,62,0.373,1.183,43.4,-10.7,4
r20,3,10,60,2,3,48,163,-0.056,0.952,35.3,62,0.373,1.183,43.4,-10.7,4
r20,3,10,60,2,5,0,151,0.360,1.115,50.6,57,1.034,1.400,59.3,-12.7,3
r20,3,10,60,2,5,24,151,0.360,1.115,50.6,57,1.034,1.400,59.3,-12.7,3
r20,3,10,60,2,5,48,151,0.360,1.115,50.6,57,1.034,1.400,59.3,-12.7,3
r20,3,10,60,3,2,0,172,-0.030,0.980,25.8,68,0.403,1.340,28.4,-9.3,3
r20,3,10,60,3,2,24,172,-0.030,0.980,25.8,68,0.403,1.340,28.4,-9.3,3
r20,3,10,60,3,2,48,172,-0.030,0.980,25.8,68,0.403,1.340,28.4,-9.3,3
r20,3,10,60,3,3,0,163,0.038,1.000,34.2,62,0.814,1.441,39.4,-10.9,4
r20,3,10,60,3,3,24,163,0.038,1.000,34.2,62,0.814,1.441,39.4,-10.9,4
r20,3,10,60,3,3,48,163,0.038,1.000,34.2,62,0.814,1.441,39.4,-10.9,4
r20,3,10,60,3,5,0,150,0.413,1.130,48.4,57,1.436,1.579,55.2,-11.7,4
r20,3,10,60,3,5,24,150,0.413,1.130,48.4,57,1.436,1.579,55.2,-11.7,4
r20,3,10,60,3,5,48,150,0.413,1.130,48.4,57,1.436,1.579,55.2,-11.7,4
r20,3,10,70,0,2,0,172,0.154,1.049,17.6,68,1.226,1.752,24.2,-9.5,5
r20,3,10,70,0,2,24,172,0.154,1.049,17.6,68,1.226,1.752,24.2,-9.5,5
r20,3,10,70,0,2,48,172,0.154,1.049,17.6,68,1.226,1.752,24.2,-9.5,5
r20,3,10,70,0,3,0,163,0.470,1.147,22.7,62,1.409,1.607,32.5,-11.8,4
r20,3,10,70,0,3,24,163,0.470,1.147,22.7,62,1.409,1.607,32.5,-11.8,4
r20,3,10,70,0,3,48,163,0.470,1.147,22.7,62,1.409,1.607,32.5,-11.8,4
r20,3,10,70,0,5,0,149,0.835,1.191,33.2,57,1.529,1.509,42.0,-13.8,4
r20,3,10,70,0,5,24,149,0.835,1.191,33.2,57,1.529,1.509,42.0,-13.8,4
r20,3,10,70,0,5,48,149,0.835,1.191,33.2,57,1.529,1.509,42.0,-13.8,4
r20,3,10,70,2,2,0,172,-0.053,0.974,27.4,68,-0.150,0.932,29.6,-9.0,2
r20,3,10,70,2,2,24,172,-0.053,0.974,27.4,68,-0.150,0.932,29.6,-9.0,2
r20,3,10,70,2,2,48,172,-0.053,0.974,27.4,68,-0.150,0.932,29.6,-9.0,2
r20,3,10,70,2,3,0,163,-0.056,0.952,35.3,62,0.373,1.183,43.4,-10.7,4
r20,3,10,70,2,3,24,163,-0.056,0.952,35.3,62,0.373,1.183,43.4,-10.7,4
r20,3,10,70,2,3,48,163,-0.056,0.952,35.3,62,0.373,1.183,43.4,-10.7,4
r20,3,10,70,2,5,0,151,0.360,1.115,50.6,57,1.068,1.423,60.7,-12.6,3
r20,3,10,70,2,5,24,151,0.360,1.115,50.6,57,1.068,1.423,60.7,-12.6,3
r20,3,10,70,2,5,48,151,0.360,1.115,50.6,57,1.068,1.423,60.7,-12.6,3
r20,3,10,70,3,2,0,172,-0.030,0.980,25.8,68,0.403,1.340,28.4,-9.3,3
r20,3,10,70,3,2,24,172,-0.030,0.980,25.8,68,0.403,1.340,28.4,-9.3,3
r20,3,10,70,3,2,48,172,-0.030,0.980,25.8,68,0.403,1.340,28.4,-9.3,3
r20,3,10,70,3,3,0,163,0.042,1.002,34.2,62,0.832,1.453,39.4,-10.9,4
r20,3,10,70,3,3,24,163,0.042,1.002,34.2,62,0.832,1.453,39.4,-10.9,4
r20,3,10,70,3,3,48,163,0.042,1.002,34.2,62,0.832,1.453,39.4,-10.9,4
r20,3,10,70,3,5,0,150,0.395,1.120,47.9,57,1.500,1.617,56.6,-11.7,4
r20,3,10,70,3,5,24,150,0.395,1.120,47.9,57,1.500,1.617,56.6,-11.7,4
r20,3,10,70,3,5,48,150,0.395,1.120,47.9,57,1.500,1.617,56.6,-11.7,4
r20,3,15,60,0,2,0,332,0.043,1.046,20.3,136,0.263,1.256,24.3,-12.7,3
r20,3,15,60,0,2,24,332,0.043,1.046,20.3,136,0.263,1.256,24.3,-12.7,3
r20,3,15,60,0,2,48,332,0.043,1.046,20.3,136,0.263,1.256,24.3,-12.7,3
r20,3,15,60,0,3,0,314,0.075,1.032,25.1,124,0.932,1.466,36.7,-12.7,5
r20,3,15,60,0,3,24,314,0.075,1.032,25.1,124,0.932,1.466,36.7,-12.7,5
r20,3,15,60,0,3,48,314,0.075,1.032,25.1,124,0.932,1.466,36.7,-12.7,5
r20,3,15,60,0,5,0,278,0.234,1.063,35.8,105,1.153,1.377,49.0,-15.9,4
r20,3,15,60,0,5,24,278,0.234,1.063,35.8,105,1.153,1.377,49.0,-15.9,4
r20,3,15,60,0,5,48,278,0.234,1.063,35.8,105,1.153,1.377,49.0,-15.9,4
r20,3,15,60,2,2,0,332,-0.179,0.918,26.6,136,-0.406,0.815,28.0,-15.9,1
r20,3,15,60,2,2,24,332,-0.179,0.918,26.6,136,-0.406,0.815,28.0,-15.9,1
r20,3,15,60,2,2,48,332,-0.179,0.918,26.6,136,-0.406,0.815,28.0,-15.9,1
r20,3,15,60,2,3,0,314,-0.180,0.910,33.6,124,0.102,1.093,42.9,-14.1,3
r20,3,15,60,2,3,24,314,-0.180,0.910,33.6,124,0.102,1.093,42.9,-14.1,3
r20,3,15,60,2,3,48,314,-0.180,0.910,33.6,124,0.102,1.093,42.9,-14.1,3
r20,3,15,60,2,5,0,282,-0.070,0.972,46.1,105,0.194,1.085,55.4,-18.9,4
r20,3,15,60,2,5,24,282,-0.070,0.972,46.1,105,0.194,1.085,55.4,-18.9,4
r20,3,15,60,2,5,48,282,-0.070,0.972,46.1,105,0.194,1.085,55.4,-18.9,4
r20,3,15,60,3,2,0,332,-0.114,0.965,25.1,136,-0.067,1.079,26.7,-12.8,3
r20,3,15,60,3,2,24,332,-0.114,0.965,25.1,136,-0.067,1.079,26.7,-12.8,3
r20,3,15,60,3,2,48,332,-0.114,0.965,25.1,136,-0.067,1.079,26.7,-12.8,3
r20,3,15,60,3,3,0,314,-0.088,0.962,32.3,124,0.371,1.265,39.4,-12.2,4
r20,3,15,60,3,3,24,314,-0.088,0.962,32.3,124,0.371,1.265,39.4,-12.2,4
r20,3,15,60,3,3,48,314,-0.088,0.962,32.3,124,0.371,1.265,39.4,-12.2,4
r20,3,15,60,3,5,0,280,0.042,1.009,44.0,105,0.510,1.241,52.3,-15.1,4
r20,3,15,60,3,5,24,280,0.042,1.009,44.0,105,0.510,1.241,52.3,-15.1,4
r20,3,15,60,3,5,48,280,0.042,1.009,44.0,105,0.510,1.241,52.3,-15.1,4
r20,3,15,70,0,2,0,332,0.119,1.088,17.2,136,0.420,1.292,21.9,-13.5,3
r20,3,15,70,0,2,24,332,0.119,1.088,17.2,136,0.420,1.292,21.9,-13.5,3
r20,3,15,70,0,2,48,332,0.119,1.088,17.2,136,0.420,1.292,21.9,-13.5,3
r20,3,15,70,0,3,0,313,0.232,1.097,21.6,124,0.922,1.468,33.4,-12.7,5
r20,3,15,70,0,3,24,313,0.232,1.097,21.6,124,0.922,1.468,33.4,-12.7,5
r20,3,15,70,0,3,48,313,0.232,1.097,21.6,124,0.922,1.468,33.4,-12.7,5
r20,3,15,70,0,5,0,277,0.477,1.140,32.0,105,0.707,1.302,42.0,-18.0,3
r20,3,15,70,0,5,24,277,0.477,1.140,32.0,105,0.707,1.302,42.0,-18.0,3
r20,3,15,70,0,5,48,277,0.477,1.140,32.0,105,0.707,1.302,42.0,-18.0,3
r20,3,15,70,2,2,0,332,-0.181,0.917,26.3,136,-0.406,0.815,28.0,-15.9,1
r20,3,15,70,2,2,24,332,-0.181,0.917,26.3,136,-0.406,0.815,28.0,-15.9,1
r20,3,15,70,2,2,48,332,-0.181,0.917,26.3,136,-0.406,0.815,28.0,-15.9,1
r20,3,15,70,2,3,0,314,-0.184,0.908,33.4,124,0.102,1.093,42.9,-14.1,3
r20,3,15,70,2,3,24,314,-0.184,0.908,33.4,124,0.102,1.093,42.9,-14.1,3
r20,3,15,70,2,3,48,314,-0.184,0.908,33.4,124,0.102,1.093,42.9,-14.1,3
r20,3,15,70,2,5,0,282,-0.058,0.977,45.8,105,0.253,1.117,56.1,-18.9,4
r20,3,15,70,2,5,24,282,-0.058,0.977,45.8,105,0.253,1.117,56.1,-18.9,4
r20,3,15,70,2,5,48,282,-0.058,0.977,45.8,105,0.253,1.117,56.1,-18.9,4
r20,3,15,70,3,2,0,332,-0.113,0.966,24.8,136,-0.056,1.088,26.7,-12.8,3
r20,3,15,70,3,2,24,332,-0.113,0.966,24.8,136,-0.056,1.088,26.7,-12.8,3
r20,3,15,70,3,2,48,332,-0.113,0.966,24.8,136,-0.056,1.088,26.7,-12.8,3
r20,3,15,70,3,3,0,314,-0.087,0.962,32.1,124,0.408,1.288,39.4,-12.2,4
r20,3,15,70,3,3,24,314,-0.087,0.962,32.1,124,0.408,1.288,39.4,-12.2,4
r20,3,15,70,3,3,48,314,-0.087,0.962,32.1,124,0.408,1.288,39.4,-12.2,4
r20,3,15,70,3,5,0,280,0.047,1.011,43.4,105,0.605,1.288,53.0,-15.1,5
r20,3,15,70,3,5,24,280,0.047,1.011,43.4,105,0.605,1.288,53.0,-15.1,5
r20,3,15,70,3,5,48,280,0.047,1.011,43.4,105,0.605,1.288,53.0,-15.1,5
r20,4,5,60,0,2,0,20,1.653,1.093,22.0,4,7.680,5.133,66.7,-2.2,2
r20,4,5,60,0,2,24,20,1.653,1.093,22.0,4,7.680,5.133,66.7,-2.2,2
r20,4,5,60,0,2,48,20,1.653,1.093,22.0,4,7.680,5.133,66.7,-2.2,2
r20,4,5,60,0,3,0,19,1.062,0.981,24.0,4,7.348,3.529,66.7,-3.1,2
r20,4,5,60,0,3,24,19,1.062,0.981,24.0,4,7.348,3.529,66.7,-3.1,2
r20,4,5,60,0,3,48,19,1.062,0.981,24.0,4,7.348,3.529,66.7,-3.1,2
r20,4,5,60,0,5,0,15,1.138,0.954,38.6,4,9.595,6.711,83.3,-2.6,2
r20,4,5,60,0,5,24,15,1.138,0.954,38.6,4,9.595,6.711,83.3,-2.6,2
r20,4,5,60,0,5,48,15,1.138,0.954,38.6,4,9.595,6.711,83.3,-2.6,2
r20,4,5,60,2,2,0,20,0.936,0.998,37.0,4,1.663,1.678,66.7,-2.2,1
r20,4,5,60,2,2,24,20,0.936,0.998,37.0,4,1.663,1.678,66.7,-2.2,1
r20,4,5,60,2,2,48,20,0.936,0.998,37.0,4,1.663,1.678,66.7,-2.2,1
r20,4,5,60,2,3,0,19,0.631,0.940,40.7,4,1.330,1.154,66.7,-3.1,1
r20,4,5,60,2,3,24,19,0.631,0.940,40.7,4,1.330,1.154,66.7,-3.1,1
r20,4,5,60,2,3,48,19,0.631,0.940,40.7,4,1.330,1.154,66.7,-3.1,1
r20,4,5,60,2,5,0,15,1.973,1.426,71.9,4,3.304,3.471,83.3,-2.6,2
r20,4,5,60,2,5,24,15,1.973,1.426,71.9,4,3.304,3.471,83.3,-2.6,2
r20,4,5,60,2,5,48,15,1.973,1.426,71.9,4,3.304,3.471,83.3,-2.6,2
r20,4,5,60,3,2,0,20,1.300,1.109,37.0,4,1.663,1.678,66.7,-2.2,1
r20,4,5,60,3,2,24,20,1.300,1.109,37.0,4,1.663,1.678,66.7,-2.2,1
r20,4,5,60,3,2,48,20,1.300,1.109,37.0,4,1.663,1.678,66.7,-2.2,1
r20,4,5,60,3,3,0,19,0.996,1.028,40.7,4,1.330,1.154,66.7,-3.1,1
r20,4,5,60,3,3,24,19,0.996,1.028,40.7,4,1.330,1.154,66.7,-3.1,1
r20,4,5,60,3,3,48,19,0.996,1.028,40.7,4,1.330,1.154,66.7,-3.1,1
r20,4,5,60,3,5,0,15,2.248,1.292,65.2,4,3.304,3.471,83.3,-2.6,2
r20,4,5,60,3,5,24,15,2.248,1.292,65.2,4,3.304,3.471,83.3,-2.6,2
r20,4,5,60,3,5,48,15,2.248,1.292,65.2,4,3.304,3.471,83.3,-2.6,2
r20,4,5,70,0,2,0,20,1.104,1.171,22.0,4,7.761,5.690,66.7,-2.2,2
r20,4,5,70,0,2,24,20,1.104,1.171,22.0,4,7.761,5.690,66.7,-2.2,2
r20,4,5,70,0,2,48,20,1.104,1.171,22.0,4,7.761,5.690,66.7,-2.2,2
r20,4,5,70,0,3,0,19,0.513,1.041,24.0,4,7.429,3.912,66.7,-3.1,2
r20,4,5,70,0,3,24,19,0.513,1.041,24.0,4,7.429,3.912,66.7,-3.1,2
r20,4,5,70,0,3,48,19,0.513,1.041,24.0,4,7.429,3.912,66.7,-3.1,2
r20,4,5,70,0,5,0,15,0.675,1.007,38.6,4,9.952,7.501,83.3,-2.6,2
r20,4,5,70,0,5,24,15,0.675,1.007,38.6,4,9.952,7.501,83.3,-2.6,2
r20,4,5,70,0,5,48,15,0.675,1.007,38.6,4,9.952,7.501,83.3,-2.6,2
r20,4,5,70,2,2,0,20,0.936,0.998,37.0,4,1.663,1.678,66.7,-2.2,1
r20,4,5,70,2,2,24,20,0.936,0.998,37.0,4,1.663,1.678,66.7,-2.2,1
r20,4,5,70,2,2,48,20,0.936,0.998,37.0,4,1.663,1.678,66.7,-2.2,1
r20,4,5,70,2,3,0,19,0.631,0.940,40.7,4,1.330,1.154,66.7,-3.1,1
r20,4,5,70,2,3,24,19,0.631,0.940,40.7,4,1.330,1.154,66.7,-3.1,1
r20,4,5,70,2,3,48,19,0.631,0.940,40.7,4,1.330,1.154,66.7,-3.1,1
r20,4,5,70,2,5,0,15,1.973,1.426,71.9,4,3.304,3.471,83.3,-2.6,2
r20,4,5,70,2,5,24,15,1.973,1.426,71.9,4,3.304,3.471,83.3,-2.6,2
r20,4,5,70,2,5,48,15,1.973,1.426,71.9,4,3.304,3.471,83.3,-2.6,2
r20,4,5,70,3,2,0,20,1.300,1.109,37.0,4,1.663,1.678,66.7,-2.2,1
r20,4,5,70,3,2,24,20,1.300,1.109,37.0,4,1.663,1.678,66.7,-2.2,1
r20,4,5,70,3,2,48,20,1.300,1.109,37.0,4,1.663,1.678,66.7,-2.2,1
r20,4,5,70,3,3,0,19,0.996,1.028,40.7,4,1.330,1.154,66.7,-3.1,1
r20,4,5,70,3,3,24,19,0.996,1.028,40.7,4,1.330,1.154,66.7,-3.1,1
r20,4,5,70,3,3,48,19,0.996,1.028,40.7,4,1.330,1.154,66.7,-3.1,1
r20,4,5,70,3,5,0,15,2.248,1.292,65.2,4,3.304,3.471,83.3,-2.6,2
r20,4,5,70,3,5,24,15,2.248,1.292,65.2,4,3.304,3.471,83.3,-2.6,2
r20,4,5,70,3,5,48,15,2.248,1.292,65.2,4,3.304,3.471,83.3,-2.6,2
r20,4,10,60,0,2,0,72,-0.106,0.896,15.3,20,3.523,3.389,41.7,-3.5,5
r20,4,10,60,0,2,24,72,-0.106,0.896,15.3,20,3.523,3.389,41.7,-3.5,5
r20,4,10,60,0,2,48,72,-0.106,0.896,15.3,20,3.523,3.389,41.7,-3.5,5
r20,4,10,60,0,3,0,69,-0.381,0.855,18.5,18,3.589,2.777,46.7,-4.4,5
r20,4,10,60,0,3,24,69,-0.381,0.855,18.5,18,3.589,2.777,46.7,-4.4,5
r20,4,10,60,0,3,48,69,-0.381,0.855,18.5,18,3.589,2.777,46.7,-4.4,5
r20,4,10,60,0,5,0,61,0.897,1.227,34.6,17,2.610,1.820,48.0,-6.2,5
r20,4,10,60,0,5,24,61,0.897,1.227,34.6,17,2.610,1.820,48.0,-6.2,5
r20,4,10,60,0,5,48,61,0.897,1.227,34.6,17,2.610,1.820,48.0,-6.2,5
r20,4,10,60,2,2,0,72,0.095,1.034,28.2,20,1.091,1.793,41.7,-3.5,4
r20,4,10,60,2,2,24,72,0.095,1.034,28.2,20,1.091,1.793,41.7,-3.5,4
r20,4,10,60,2,2,48,72,0.095,1.034,28.2,20,1.091,1.793,41.7,-3.5,4
r20,4,10,60,2,3,0,69,-0.327,0.839,32.0,18,1.560,1.847,53.3,-4.4,4
r20,4,10,60,2,3,24,69,-0.327,0.839,32.0,18,1.560,1.847,53.3,-4.4,4
r20,4,10,60,2,3,48,69,-0.327,0.839,32.0,18,1.560,1.847,53.3,-4.4,4
r20,4,10,60,2,5,0,61,0.440,1.160,50.3,17,2.505,2.319,75.3,-4.5,4
r20,4,10,60,2,5,24,61,0.440,1.160,50.3,17,2.505,2.319,75.3,-4.5,4
r20,4,10,60,2,5,48,61,0.440,1.160,50.3,17,2.505,2.319,75.3,-4.5,4
r20,4,10,60,3,2,0,72,0.055,0.995,25.7,20,1.198,1.874,41.7,-3.5,4
r20,4,10,60,3,2,24,72,0.055,0.995,25.7,20,1.198,1.874,41.7,-3.5,4
r20,4,10,60,3,2,48,72,0.055,0.995,25.7,20,1.198,1.874,41.7,-3.5,4
r20,4,10,60,3,3,0,69,-0.395,0.805,29.4,18,1.668,1.922,53.3,-4.4,5
r20,4,10,60,3,3,24,69,-0.395,0.805,29.4,18,1.668,1.922,53.3,-4.4,5
r20,4,10,60,3,3,48,69,-0.395,0.805,29.4,18,1.668,1.922,53.3,-4.4,5
r20,4,10,60,3,5,0,61,0.524,1.172,47.4,17,2.838,2.532,75.3,-4.5,4
r20,4,10,60,3,5,24,61,0.524,1.172,47.4,17,2.838,2.532,75.3,-4.5,4
r20,4,10,60,3,5,48,61,0.524,1.172,47.4,17,2.838,2.532,75.3,-4.5,4
r20,4,10,70,0,2,0,72,0.218,1.115,15.3,20,4.635,4.048,41.7,-3.5,5
r20,4,10,70,0,2,24,72,0.218,1.115,15.3,20,4.635,4.048,41.7,-3.5,5
r20,4,10,70,0,2,48,72,0.218,1.115,15.3,20,4.635,4.048,41.7,-3.5,5
r20,4,10,70,0,3,0,69,0.104,1.078,18.5,18,4.809,3.320,46.7,-4.4,5
r20,4,10,70,0,3,24,69,0.104,1.078,18.5,18,4.809,3.320,46.7,-4.4,5
r20,4,10,70,0,3,48,69,0.104,1.078,18.5,18,4.809,3.320,46.7,-4.4,5
r20,4,10,70,0,5,0,61,0.618,1.193,29.2,17,3.862,2.190,48.0,-6.2,5
r20,4,10,70,0,5,24,61,0.873,1.256,31.2,17,3.862,2.190,48.0,-6.2,5
r20,4,10,70,0,5,48,61,0.618,1.193,29.2,17,3.862,2.190,48.0,-6.2,5
r20,4,10,70,2,2,0,72,0.095,1.034,28.2,20,1.091,1.793,41.7,-3.5,4
r20,4,10,70,2,2,24,72,0.095,1.034,28.2,20,1.091,1.793,41.7,-3.5,4
r20,4,10,70,2,2,48,72,0.095,1.034,28.2,20,1.091,1.793,41.7,-3.5,4
r20,4,10,70,2,3,0,69,-0.327,0.839,32.0,18,1.560,1.847,53.3,-4.4,4
r20,4,10,70,2,3,24,69,-0.327,0.839,32.0,18,1.560,1.847,53.3,-4.4,4
r20,4,10,70,2,3,48,69,-0.327,0.839,32.0,18,1.560,1.847,53.3,-4.4,4
r20,4,10,70,2,5,0,61,0.440,1.160,50.3,17,2.505,2.319,75.3,-4.5,4
r20,4,10,70,2,5,24,61,0.440,1.160,50.3,17,2.505,2.319,75.3,-4.5,4
r20,4,10,70,2,5,48,61,0.440,1.160,50.3,17,2.505,2.319,75.3,-4.5,4
r20,4,10,70,3,2,0,72,0.055,0.995,25.7,20,1.198,1.874,41.7,-3.5,4
r20,4,10,70,3,2,24,72,0.055,0.995,25.7,20,1.198,1.874,41.7,-3.5,4
r20,4,10,70,3,2,48,72,0.055,0.995,25.7,20,1.198,1.874,41.7,-3.5,4
r20,4,10,70,3,3,0,69,-0.395,0.805,29.4,18,1.668,1.922,53.3,-4.4,5
r20,4,10,70,3,3,24,69,-0.395,0.805,29.4,18,1.668,1.922,53.3,-4.4,5
r20,4,10,70,3,3,48,69,-0.395,0.805,29.4,18,1.668,1.922,53.3,-4.4,5
r20,4,10,70,3,5,0,61,0.524,1.172,47.4,17,2.838,2.532,75.3,-4.5,4
r20,4,10,70,3,5,24,61,0.524,1.172,47.4,17,2.838,2.532,75.3,-4.5,4
r20,4,10,70,3,5,48,61,0.524,1.172,47.4,17,2.838,2.532,75.3,-4.5,4
r20,4,15,60,0,2,0,180,0.386,1.201,17.9,64,1.289,1.819,25.9,-8.5,5
r20,4,15,60,0,2,24,180,0.386,1.201,17.9,64,1.289,1.819,25.9,-8.5,5
r20,4,15,60,0,2,48,180,0.386,1.201,17.9,64,1.289,1.819,25.9,-8.5,5
r20,4,15,60,0,3,0,167,0.602,1.191,22.0,60,1.961,1.987,38.1,-9.6,5
r20,4,15,60,0,3,24,167,0.602,1.191,22.0,60,1.961,1.987,38.1,-9.6,5
r20,4,15,60,0,3,48,167,0.602,1.191,22.0,60,1.961,1.987,38.1,-9.6,5
r20,4,15,60,0,5,0,151,1.325,1.299,34.3,56,2.277,1.935,48.8,-12.0,5
r20,4,15,60,0,5,24,151,1.325,1.299,34.3,56,2.277,1.935,48.8,-12.0,5
r20,4,15,60,0,5,48,151,1.325,1.299,34.3,56,2.277,1.935,48.8,-12.0,5
r20,4,15,60,2,2,0,180,0.191,1.131,27.2,64,-0.159,0.949,29.9,-8.7,2
r20,4,15,60,2,2,24,180,0.191,1.131,27.2,64,-0.159,0.949,29.9,-8.7,2
r20,4,15,60,2,2,48,180,0.191,1.131,27.2,64,-0.159,0.949,29.9,-8.7,2
r20,4,15,60,2,3,0,167,0.127,1.051,35.0,60,0.692,1.439,48.1,-9.0,4
r20,4,15,60,2,3,24,167,0.127,1.051,35.0,60,0.692,1.439,48.1,-9.0,4
r20,4,15,60,2,3,48,167,0.127,1.051,35.0,60,0.692,1.439,48.1,-9.0,4
r20,4,15,60,2,5,0,154,0.728,1.245,51.8,56,1.348,1.712,65.0,-10.5,4
r20,4,15,60,2,5,24,154,0.728,1.245,51.8,56,1.348,1.712,65.0,-10.5,4
r20,4,15,60,2,5,48,154,0.728,1.245,51.8,56,1.348,1.712,65.0,-10.5,4
r20,4,15,60,3,2,0,180,0.260,1.169,26.2,64,0.393,1.335,27.3,-8.6,4
r20,4,15,60,3,2,24,180,0.260,1.169,26.2,64,0.393,1.335,27.3,-8.6,4
r20,4,15,60,3,2,48,180,0.260,1.169,26.2,64,0.393,1.335,27.3,-8.6,4
r20,4,15,60,3,3,0,167,0.209,1.086,33.9,60,1.127,1.651,42.4,-9.7,4
r20,4,15,60,3,3,24,167,0.209,1.086,33.9,60,1.127,1.651,42.4,-9.7,4
r20,4,15,60,3,3,48,167,0.209,1.086,33.9,60,1.127,1.651,42.4,-9.7,4
r20,4,15,60,3,5,0,152,0.670,1.217,48.6,56,1.697,1.792,58.9,-10.9,5
r20,4,15,60,3,5,24,152,0.670,1.217,48.6,56,1.697,1.792,58.9,-10.9,5
r20,4,15,60,3,5,48,152,0.670,1.217,48.6,56,1.697,1.792,58.9,-10.9,5
r20,4,15,70,0,2,0,180,0.920,1.452,15.5,64,1.804,2.102,25.9,-8.5,5
r20,4,15,70,0,2,24,180,0.920,1.452,15.5,64,1.804,2.102,25.9,-8.5,5
r20,4,15,70,0,2,48,180,0.920,1.452,15.5,64,1.804,2.102,25.9,-8.5,5
r20,4,15,70,0,3,0,167,1.394,1.470,19.8,60,2.488,2.122,35.1,-11.1,5
r20,4,15,70,0,3,24,167,1.394,1.470,19.8,60,2.488,2.122,35.1,-11.1,5
r20,4,15,70,0,3,48,167,1.394,1.470,19.8,60,2.488,2.122,35.1,-11.1,5
r20,4,15,70,0,5,0,151,1.547,1.328,28.1,56,3.247,2.211,47.1,-12.0,5
r20,4,15,70,0,5,24,151,1.653,1.354,28.9,56,3.247,2.211,47.1,-12.0,5
r20,4,15,70,0,5,48,151,1.547,1.328,28.1,56,3.247,2.211,47.1,-12.0,5
r20,4,15,70,2,2,0,180,0.191,1.131,27.2,64,-0.159,0.949,29.9,-8.7,2
r20,4,15,70,2,2,24,180,0.191,1.131,27.2,64,-0.159,0.949,29.9,-8.7,2
r20,4,15,70,2,2,48,180,0.191,1.131,27.2,64,-0.159,0.949,29.9,-8.7,2
r20,4,15,70,2,3,0,167,0.127,1.051,35.0,60,0.692,1.439,48.1,-9.0,4
r20,4,15,70,2,3,24,167,0.127,1.051,35.0,60,0.692,1.439,48.1,-9.0,4
r20,4,15,70,2,3,48,167,0.127,1.051,35.0,60,0.692,1.439,48.1,-9.0,4
r20,4,15,70,2,5,0,154,0.778,1.263,51.8,56,1.348,1.712,65.0,-10.5,4
r20,4,15,70,2,5,24,154,0.778,1.263,51.8,56,1.348,1.712,65.0,-10.5,4
r20,4,15,70,2,5,48,154,0.778,1.263,51.8,56,1.348,1.712,65.0,-10.5,4
r20,4,15,70,3,2,0,180,0.243,1.153,25.8,64,0.393,1.335,27.3,-8.6,4
r20,4,15,70,3,2,24,180,0.243,1.153,25.8,64,0.393,1.335,27.3,-8.6,4
r20,4,15,70,3,2,48,180,0.243,1.153,25.8,64,0.393,1.335,27.3,-8.6,4
r20,4,15,70,3,3,0,167,0.183,1.071,33.4,60,1.127,1.651,42.4,-9.7,4
r20,4,15,70,3,3,24,167,0.183,1.071,33.4,60,1.127,1.651,42.4,-9.7,4
r20,4,15,70,3,3,48,167,0.183,1.071,33.4,60,1.127,1.651,42.4,-9.7,4
r20,4,15,70,3,5,0,152,0.720,1.234,48.6,56,1.703,1.796,58.9,-10.9,5
r20,4,15,70,3,5,24,152,0.720,1.234,48.6,56,1.703,1.796,58.9,-10.9,5
r20,4,15,70,3,5,48,152,0.720,1.234,48.6,56,1.703,1.796,58.9,-10.9,5
r40,2,5,60,0,2,0,217,-0.349,0.833,21.9,93,-0.317,0.854,24.9,-14.5,2
r40,2,5,60,0,2,24,217,-0.349,0.833,21.9,93,-0.317,0.854,24.9,-14.5,2
r40,2,5,60,0,2,48,217,-0.349,0.833,21.9,93,-0.317,0.854,24.9,-14.5,2
r40,2,5,60,0,3,0,210,-0.354,0.866,28.8,86,0.428,1.218,39.6,-15.7,3
r40,2,5,60,0,3,24,210,-0.354,0.866,28.8,86,0.428,1.218,39.6,-15.7,3
r40,2,5,60,0,3,48,210,-0.354,0.866,28.8,86,0.428,1.218,39.6,-15.7,3
r40,2,5,60,0,5,0,194,-0.401,0.885,39.7,75,0.887,1.346,54.0,-18.0,4
r40,2,5,60,0,5,24,194,-0.401,0.885,39.7,75,0.887,1.346,54.0,-18.0,4
r40,2,5,60,0,5,48,194,-0.401,0.885,39.7,75,0.887,1.346,54.0,-18.0,4
r40,2,5,60,2,2,0,217,-0.216,0.903,26.5,93,-0.506,0.745,27.8,-14.2,1
r40,2,5,60,2,2,24,217,-0.216,0.903,26.5,93,-0.506,0.745,27.8,-14.2,1
r40,2,5,60,2,2,48,217,-0.216,0.903,26.5,93,-0.506,0.745,27.8,-14.2,1
r40,2,5,60,2,3,0,210,-0.179,0.921,34.8,86,-0.004,1.055,42.5,-15.3,2
r40,2,5,60,2,3,24,210,-0.179,0.921,34.8,86,-0.004,1.055,42.5,-15.3,2
r40,2,5,60,2,3,48,210,-0.179,0.921,34.8,86,-0.004,1.055,42.5,-15.3,2
r40,2,5,60,2,5,0,195,-0.209,0.944,46.5,75,0.342,1.183,56.1,-17.3,4
r40,2,5,60,2,5,24,195,-0.209,0.944,46.5,75,0.342,1.183,56.1,-17.3,4
r40,2,5,60,2,5,48,195,-0.209,0.944,46.5,75,0.342,1.183,56.1,-17.3,4
r40,2,5,60,3,2,0,217,-0.227,0.894,25.2,93,-0.532,0.736,26.8,-14.8,1
r40,2,5,60,3,2,24,217,-0.227,0.894,25.2,93,-0.532,0.736,26.8,-14.8,1
r40,2,5,60,3,2,48,217,-0.227,0.894,25.2,93,-0.532,0.736,26.8,-14.8,1
r40,2,5,60,3,3,0,210,-0.143,0.939,34.0,86,-0.092,0.997,40.5,-15.7,2
r40,2,5,60,3,3,24,210,-0.143,0.939,34.0,86,-0.092,0.997,40.5,-15.7,2
r40,2,5,60,3,3,48,210,-0.143,0.939,34.0,86,-0.092,0.997,40.5,-15.7,2
r40,2,5,60,3,5,0,194,-0.243,0.927,45.0,75,0.306,1.153,55.0,-18.0,4
r40,2,5,60,3,5,24,194,-0.243,0.927,45.0,75,0.306,1.153,55.0,-18.0,4
r40,2,5,60,3,5,48,194,-0.243,0.927,45.0,75,0.306,1.153,55.0,-18.0,4
r40,2,5,70,0,2,0,217,-0.173,0.928,19.9,93,-0.109,1.021,24.1,-14.1,3
r40,2,5,70,0,2,24,217,-0.173,0.928,19.9,93,-0.109,1.021,24.1,-14.1,3
r40,2,5,70,0,2,48,217,-0.173,0.928,19.9,93,-0.109,1.021,24.1,-14.1,3
r40,2,5,70,0,3,0,210,-0.169,0.953,26.1,86,0.655,1.355,37.7,-15.7,4
r40,2,5,70,0,3,24,210,-0.169,0.953,26.1,86,0.655,1.355,37.7,-15.7,4
r40,2,5,70,0,3,48,210,-0.169,0.953,26.1,86,0.655,1.355,37.7,-15.7,4
r40,2,5,70,0,5,0,194,-0.311,0.924,34.6,75,1.040,1.385,50.8,-18.0,5
r40,2,5,70,0,5,24,194,-0.311,0.924,34.6,75,1.040,1.385,50.8,-18.0,5
r40,2,5,70,0,5,48,194,-0.311,0.924,34.6,75,1.040,1.385,50.8,-18.0,5
r40,2,5,70,2,2,0,217,-0.184,0.927,26.5,93,-0.462,0.784,27.8,-13.9,1
r40,2,5,70,2,2,24,217,-0.184,0.927,26.5,93,-0.462,0.784,27.8,-13.9,1
r40,2,5,70,2,2,48,217,-0.184,0.927,26.5,93,-0.462,0.784,27.8,-13.9,1
r40,2,5,70,2,3,0,210,-0.147,0.940,34.8,86,0.060,1.102,42.5,-15.3,2
r40,2,5,70,2,3,24,210,-0.147,0.940,34.8,86,0.060,1.102,42.5,-15.3,2
r40,2,5,70,2,3,48,210,-0.147,0.940,34.8,86,0.060,1.102,42.5,-15.3,2
r40,2,5,70,2,5,0,195,-0.197,0.953,45.9,75,0.356,1.185,54.9,-17.3,4
r40,2,5,70,2,5,24,195,-0.197,0.953,45.9,75,0.356,1.185,54.9,-17.3,4
r40,2,5,70,2,5,48,195,-0.197,0.953,45.9,75,0.356,1.185,54.9,-17.3,4
r40,2,5,70,3,2,0,217,-0.212,0.906,24.8,93,-0.376,0.869,26.8,-14.4,1
r40,2,5,70,3,2,24,217,-0.212,0.906,24.8,93,-0.376,0.869,26.8,-14.4,1
r40,2,5,70,3,2,48,217,-0.212,0.906,24.8,93,-0.376,0.869,26.8,-14.4,1
r40,2,5,70,3,3,0,210,-0.132,0.946,33.5,86,0.060,1.108,39.4,-15.7,2
r40,2,5,70,3,3,24,210,-0.132,0.946,33.5,86,0.060,1.108,39.4,-15.7,2
r40,2,5,70,3,3,48,210,-0.132,0.946,33.5,86,0.060,1.108,39.4,-15.7,2
r40,2,5,70,3,5,0,194,-0.217,0.939,43.8,75,0.402,1.201,52.8,-18.0,5
r40,2,5,70,3,5,24,194,-0.217,0.939,43.8,75,0.402,1.201,52.8,-18.0,5
r40,2,5,70,3,5,48,194,-0.217,0.939,43.8,75,0.402,1.201,52.8,-18.0,5
r40,2,10,60,0,2,0,445,-0.330,0.827,23.6,172,-0.155,0.969,26.8,-18.5,1
r40,2,10,60,0,2,24,445,-0.330,0.827,23.6,172,-0.155,0.969,26.8,-18.5,1
r40,2,10,60,0,2,48,445,-0.330,0.827,23.6,172,-0.155,0.969,26.8,-18.5,1
r40,2,10,60,0,3,0,423,-0.438,0.821,29.2,155,0.440,1.239,39.5,-17.0,5
r40,2,10,60,0,3,24,423,-0.438,0.821,29.2,155,0.440,1.239,39.5,-17.0,5
r40,2,10,60,0,3,48,423,-0.438,0.821,29.2,155,0.440,1.239,39.5,-17.0,5
r40,2,10,60,0,5,0,377,-0.313,0.902,41.6,133,0.440,1.164,50.4,-21.7,4
r40,2,10,60,0,5,24,377,-0.313,0.902,41.6,133,0.440,1.164,50.4,-21.7,4
r40,2,10,60,0,5,48,377,-0.313,0.902,41.6,133,0.440,1.164,50.4,-21.7,4
r40,2,10,60,2,2,0,445,-0.245,0.864,27.5,172,-0.490,0.745,28.8,-20.2,1
r40,2,10,60,2,2,24,445,-0.245,0.864,27.5,172,-0.490,0.745,28.8,-20.2,1
r40,2,10,60,2,2,48,445,-0.245,0.864,27.5,172,-0.490,0.745,28.8,-20.2,1
r40,2,10,60,2,3,0,423,-0.292,0.864,34.7,155,-0.180,0.930,41.7,-18.3,2
r40,2,10,60,2,3,24,423,-0.292,0.864,34.7,155,-0.180,0.930,41.7,-18.3,2
r40,2,10,60,2,3,48,423,-0.292,0.864,34.7,155,-0.180,0.930,41.7,-18.3,2
r40,2,10,60,2,5,0,378,-0.064,0.986,48.6,133,-0.294,0.876,52.4,-25.1,2
r40,2,10,60,2,5,24,378,-0.064,0.986,48.6,133,-0.294,0.876,52.4,-25.1,2
r40,2,10,60,2,5,48,378,-0.064,0.986,48.6,133,-0.294,0.876,52.4,-25.1,2
r40,2,10,60,3,2,0,445,-0.273,0.850,25.5,172,-0.307,0.895,27.8,-18.1,1
r40,2,10,60,3,2,24,445,-0.273,0.850,25.5,172,-0.307,0.895,27.8,-18.1,1
r40,2,10,60,3,2,48,445,-0.273,0.850,25.5,172,-0.307,0.895,27.8,-18.1,1
r40,2,10,60,3,3,0,423,-0.278,0.877,33.0,155,0.029,1.077,39.5,-17.0,3
r40,2,10,60,3,3,24,423,-0.278,0.877,33.0,155,0.029,1.077,39.5,-17.0,3
r40,2,10,60,3,3,48,423,-0.278,0.877,33.0,155,0.029,1.077,39.5,-17.0,3
r40,2,10,60,3,5,0,377,-0.114,0.967,46.2,133,-0.047,1.021,50.4,-22.9,3
r40,2,10,60,3,5,24,377,-0.114,0.967,46.2,133,-0.047,1.021,50.4,-22.9,3
r40,2,10,60,3,5,48,377,-0.114,0.967,46.2,133,-0.047,1.021,50.4,-22.9,3
r40,2,10,70,0,2,0,443,-0.267,0.863,20.5,172,0.047,1.113,25.0,-17.4,2
r40,2,10,70,0,2,24,443,-0.267,0.863,20.5,172,0.047,1.113,25.0,-17.4,2
r40,2,10,70,0,2,48,443,-0.267,0.863,20.5,172,0.047,1.113,25.0,-17.4,2
r40,2,10,70,0,3,0,421,-0.375,0.852,25.7,155,0.667,1.360,37.4,-16.4,5
r40,2,10,70,0,3,24,421,-0.375,0.852,25.7,155,0.667,1.360,37.4,-16.4,5
r40,2,10,70,0,3,48,421,-0.375,0.852,25.7,155,0.667,1.360,37.4,-16.4,5
r40,2,10,70,0,5,0,373,-0.138,0.958,37.4,132,0.707,1.267,49.1,-20.1,4
r40,2,10,70,0,5,24,373,-0.138,0.958,37.4,132,0.707,1.267,49.1,-20.1,4
r40,2,10,70,0,5,48,373,-0.138,0.958,37.4,132,0.707,1.267,49.1,-20.1,4
r40,2,10,70,2,2,0,445,-0.227,0.876,27.5,172,-0.496,0.744,27.9,-20.2,1
r40,2,10,70,2,2,24,445,-0.227,0.876,27.5,172,-0.496,0.744,27.9,-20.2,1
r40,2,10,70,2,2,48,445,-0.227,0.876,27.5,172,-0.496,0.744,27.9,-20.2,1
r40,2,10,70,2,3,0,423,-0.269,0.875,34.7,155,-0.189,0.925,41.2,-18.4,2
r40,2,10,70,2,3,24,423,-0.269,0.875,34.7,155,-0.189,0.925,41.2,-18.4,2
r40,2,10,70,2,3,48,423,-0.269,0.875,34.7,155,-0.189,0.925,41.2,-18.4,2
r40,2,10,70,2,5,0,378,-0.031,0.999,48.1,132,-0.284,0.885,52.2,-24.5,2
r40,2,10,70,2,5,24,378,-0.031,0.999,48.1,132,-0.284,0.885,52.2,-24.5,2
r40,2,10,70,2,5,48,378,-0.031,0.999,48.1,132,-0.284,0.885,52.2,-24.5,2
r40,2,10,70,3,2,0,445,-0.246,0.867,25.3,172,-0.239,0.951,26.8,-17.3,1
r40,2,10,70,3,2,24,445,-0.246,0.867,25.3,172,-0.239,0.951,26.8,-17.3,1
r40,2,10,70,3,2,48,445,-0.246,0.867,25.3,172,-0.239,0.951,26.8,-17.3,1
r40,2,10,70,3,3,0,423,-0.247,0.890,32.8,155,0.091,1.113,38.5,-16.7,4
r40,2,10,70,3,3,24,423,-0.247,0.890,32.8,155,0.091,1.113,38.5,-16.7,4
r40,2,10,70,3,3,48,423,-0.247,0.890,32.8,155,0.091,1.113,38.5,-16.7,4
r40,2,10,70,3,5,0,377,-0.081,0.979,45.5,132,0.015,1.046,49.7,-21.1,3
r40,2,10,70,3,5,24,377,-0.081,0.979,45.5,132,0.015,1.046,49.7,-21.1,3
r40,2,10,70,3,5,48,377,-0.081,0.979,45.5,132,0.015,1.046,49.7,-21.1,3
r40,2,15,60,0,2,0,658,-0.102,0.945,25.8,252,-0.110,0.890,29.6,-20.4,1
r40,2,15,60,0,2,24,658,-0.102,0.945,25.8,252,-0.110,0.890,29.6,-20.4,1
r40,2,15,60,0,2,48,658,-0.102,0.945,25.8,252,-0.110,0.890,29.6,-20.4,1
r40,2,15,60,0,3,0,616,-0.173,0.925,31.7,222,0.324,1.117,41.2,-20.4,4
r40,2,15,60,0,3,24,616,-0.173,0.925,31.7,222,0.324,1.117,41.2,-20.4,4
r40,2,15,60,0,3,48,616,-0.173,0.925,31.7,222,0.324,1.117,41.2,-20.4,4
r40,2,15,60,0,5,0,542,0.099,1.038,44.8,189,0.272,1.069,52.3,-26.3,4
r40,2,15,60,0,5,24,542,0.099,1.038,44.8,189,0.272,1.069,52.3,-26.3,4
r40,2,15,60,0,5,48,542,0.099,1.038,44.8,189,0.272,1.069,52.3,-26.3,4
r40,2,15,60,2,2,0,658,-0.057,0.973,29.8,254,-0.357,0.739,31.4,-24.6,1
r40,2,15,60,2,2,24,658,-0.057,0.973,29.8,254,-0.357,0.739,31.4,-24.6,1
r40,2,15,60,2,2,48,658,-0.057,0.973,29.8,254,-0.357,0.739,31.4,-24.6,1
r40,2,15,60,2,3,0,616,-0.081,0.958,37.6,224,-0.129,0.904,43.1,-21.4,2
r40,2,15,60,2,3,24,616,-0.081,0.958,37.6,224,-0.129,0.904,43.1,-21.4,2
r40,2,15,60,2,3,48,616,-0.081,0.958,37.6,224,-0.129,0.904,43.1,-21.4,2
r40,2,15,60,2,5,0,549,0.113,1.053,50.8,191,-0.335,0.824,53.6,-29.0,0
r40,2,15,60,2,5,24,549,0.113,1.053,50.8,191,-0.335,0.824,53.6,-29.0,0
r40,2,15,60,2,5,48,549,0.113,1.053,50.8,191,-0.335,0.824,53.6,-29.0,0
r40,2,15,60,3,2,0,658,-0.117,0.936,27.3,254,-0.231,0.845,30.3,-21.1,1
r40,2,15,60,3,2,24,658,-0.117,0.936,27.3,254,-0.231,0.845,30.3,-21.1,1
r40,2,15,60,3,2,48,658,-0.117,0.936,27.3,254,-0.231,0.845,30.3,-21.1,1
r40,2,15,60,3,3,0,616,-0.140,0.933,35.0,223,0.024,1.014,41.4,-20.5,4
r40,2,15,60,3,3,24,616,-0.140,0.933,35.0,223,0.024,1.014,41.4,-20.5,4
r40,2,15,60,3,3,48,616,-0.140,0.933,35.0,223,0.024,1.014,41.4,-20.5,4
r40,2,15,60,3,5,0,546,0.019,1.012,48.1,190,-0.115,0.957,52.4,-27.3,2
r40,2,15,60,3,5,24,546,0.019,1.012,48.1,190,-0.115,0.957,52.4,-27.3,2
r40,2,15,60,3,5,48,546,0.019,1.012,48.1,190,-0.115,0.957,52.4,-27.3,2
r40,2,15,70,0,2,0,654,-0.034,0.980,22.9,250,0.003,0.969,26.7,-19.4,1
r40,2,15,70,0,2,24,654,-0.034,0.980,22.9,250,0.003,0.969,26.7,-19.4,1
r40,2,15,70,0,2,48,654,-0.034,0.980,22.9,250,0.003,0.969,26.7,-19.4,1
r40,2,15,70,0,3,0,611,-0.122,0.947,28.3,220,0.450,1.181,38.2,-19.2,5
r40,2,15,70,0,3,24,611,-0.122,0.947,28.3,220,0.450,1.181,38.2,-19.2,5
r40,2,15,70,0,3,48,611,-0.122,0.947,28.3,220,0.450,1.181,38.2,-19.2,5
r40,2,15,70,0,5,0,534,0.237,1.074,40.9,186,0.449,1.139,50.1,-22.7,5
r40,2,15,70,0,5,24,534,0.237,1.074,40.9,186,0.449,1.139,50.1,-22.7,5
r40,2,15,70,0,5,48,534,0.237,1.074,40.9,186,0.449,1.139,50.1,-22.7,5
r40,2,15,70,2,2,0,657,-0.041,0.984,29.6,253,-0.377,0.727,30.3,-25.6,1
r40,2,15,70,2,2,24,657,-0.041,0.984,29.6,253,-0.377,0.727,30.3,-25.6,1
r40,2,15,70,2,2,48,657,-0.041,0.984,29.6,253,-0.377,0.727,30.3,-25.6,1
r40,2,15,70,2,3,0,615,-0.061,0.968,37.6,223,-0.124,0.908,42.2,-21.9,3
r40,2,15,70,2,3,24,615,-0.061,0.968,37.6,223,-0.124,0.908,42.2,-21.9,3
r40,2,15,70,2,3,48,615,-0.061,0.968,37.6,223,-0.124,0.908,42.2,-21.9,3
r40,2,15,70,2,5,0,546,0.127,1.060,50.3,188,-0.310,0.841,53.1,-27.7,0
r40,2,15,70,2,5,24,546,0.127,1.060,50.3,188,-0.310,0.841,53.1,-27.7,0
r40,2,15,70,2,5,48,546,0.127,1.060,50.3,188,-0.310,0.841,53.1,-27.7,0
r40,2,15,70,3,2,0,657,-0.085,0.956,26.8,253,-0.185,0.886,29.0,-18.7,1
r40,2,15,70,3,2,24,657,-0.085,0.956,26.8,253,-0.185,0.886,29.0,-18.7,1
r40,2,15,70,3,2,48,657,-0.085,0.956,26.8,253,-0.185,0.886,29.0,-18.7,1
r40,2,15,70,3,3,0,614,-0.096,0.953,34.7,222,0.076,1.046,40.2,-20.0,5
r40,2,15,70,3,3,24,614,-0.096,0.953,34.7,222,0.076,1.046,40.2,-20.0,5
r40,2,15,70,3,3,48,614,-0.096,0.953,34.7,222,0.076,1.046,40.2,-20.0,5
r40,2,15,70,3,5,0,543,0.029,1.017,47.2,187,-0.020,0.999,51.6,-24.0,2
r40,2,15,70,3,5,24,543,0.029,1.017,47.2,187,-0.020,0.999,51.6,-24.0,2
r40,2,15,70,3,5,48,543,0.029,1.017,47.2,187,-0.020,0.999,51.6,-24.0,2
r40,3,5,60,0,2,0,52,-0.671,0.632,14.2,17,2.465,2.586,43.0,-3.0,5
r40,3,5,60,0,2,24,52,-0.671,0.632,14.2,17,2.465,2.586,43.0,-3.0,5
r40,3,5,60,0,2,48,52,-0.671,0.632,14.2,17,2.465,2.586,43.0,-3.0,5
r40,3,5,60,0,3,0,50,-1.326,0.512,16.3,16,2.042,1.955,45.0,-4.4,4
r40,3,5,60,0,3,24,50,-1.326,0.512,16.3,16,2.042,1.955,45.0,-4.4,4
r40,3,5,60,0,3,48,50,-1.326,0.512,16.3,16,2.042,1.955,45.0,-4.4,4
r40,3,5,60,0,5,0,46,-0.452,0.793,32.4,15,3.229,2.324,63.3,-5.1,5
r40,3,5,60,0,5,24,46,-0.452,0.793,32.4,15,3.229,2.324,63.3,-5.1,5
r40,3,5,60,0,5,48,46,-0.452,0.793,32.4,15,3.229,2.324,63.3,-5.1,5
r40,3,5,60,2,2,0,52,-0.330,0.792,26.0,17,1.082,1.776,49.7,-3.0,4
r40,3,5,60,2,2,24,52,-0.330,0.792,26.0,17,1.082,1.776,49.7,-3.0,4
r40,3,5,60,2,2,48,52,-0.330,0.792,26.0,17,1.082,1.776,49.7,-3.0,4
r40,3,5,60,2,3,0,50,-0.706,0.698,30.4,16,1.368,1.832,58.3,-3.8,4
r40,3,5,60,2,3,24,50,-0.706,0.698,30.4,16,1.368,1.832,58.3,-3.8,4
r40,3,5,60,2,3,48,50,-0.706,0.698,30.4,16,1.368,1.832,58.3,-3.8,4
r40,3,5,60,2,5,0,46,-0.089,0.921,48.5,15,2.996,3.607,83.3,-3.1,5
r40,3,5,60,2,5,24,46,-0.089,0.921,48.5,15,2.996,3.607,83.3,-3.1,5
r40,3,5,60,2,5,48,46,-0.089,0.921,48.5,15,2.996,3.607,83.3,-3.1,5
r40,3,5,60,3,2,0,52,-0.395,0.753,22.1,17,0.936,1.599,43.0,-3.0,4
r40,3,5,60,3,2,24,52,-0.395,0.753,22.1,17,0.936,1.599,43.0,-3.0,4
r40,3,5,60,3,2,48,52,-0.395,0.753,22.1,17,0.936,1.599,43.0,-3.0,4
r40,3,5,60,3,3,0,50,-0.817,0.659,26.4,16,1.156,1.603,51.7,-4.4,4
r40,3,5,60,3,3,24,50,-0.817,0.659,26.4,16,1.156,1.603,51.7,-4.4,4
r40,3,5,60,3,3,48,50,-0.817,0.659,26.4,16,1.156,1.603,51.7,-4.4,4
r40,3,5,60,3,5,0,46,-0.194,0.878,44.5,15,2.877,2.869,76.7,-4.1,5
r40,3,5,60,3,5,24,46,-0.194,0.878,44.5,15,2.877,2.869,76.7,-4.1,5
r40,3,5,60,3,5,48,46,-0.194,0.878,44.5,15,2.877,2.869,76.7,-4.1,5
r40,3,5,70,0,2,0,52,-0.677,0.657,11.7,17,3.689,3.358,43.0,-3.0,5
r40,3,5,70,0,2,24,52,-0.677,0.657,11.7,17,3.689,3.358,43.0,-3.0,5
r40,3,5,70,0,2,48,52,-0.677,0.657,11.7,17,3.689,3.358,43.0,-3.0,5
r40,3,5,70,0,3,0,50,-1.349,0.528,13.8,16,3.278,2.545,45.0,-4.4,4
r40,3,5,70,0,3,24,50,-1.349,0.528,13.8,16,3.278,2.545,45.0,-4.4,4
r40,3,5,70,0,3,48,50,-1.349,0.528,13.8,16,3.278,2.545,45.0,-4.4,4
r40,3,5,70,0,5,0,46,-0.736,0.747,27.3,15,3.361,2.337,53.3,-6.2,5
r40,3,5,70,0,5,24,46,-0.736,0.747,27.3,15,3.361,2.337,53.3,-6.2,5
r40,3,5,70,0,5,48,46,-0.736,0.747,27.3,15,3.361,2.337,53.3,-6.2,5
r40,3,5,70,2,2,0,52,-0.330,0.792,26.0,17,1.082,1.776,49.7,-3.0,4
r40,3,5,70,2,2,24,52,-0.330,0.792,26.0,17,1.082,1.776,49.7,-3.0,4
r40,3,5,70,2,2,48,52,-0.330,0.792,26.0,17,1.082,1.776,49.7,-3.0,4
r40,3,5,70,2,3,0,50,-0.706,0.698,30.4,16,1.368,1.832,58.3,-3.8,4
r40,3,5,70,2,3,24,50,-0.706,0.698,30.4,16,1.368,1.832,58.3,-3.8,4
r40,3,5,70,2,3,48,50,-0.706,0.698,30.4,16,1.368,1.832,58.3,-3.8,4
r40,3,5,70,2,5,0,46,-0.089,0.921,48.5,15,3.028,3.638,83.3,-3.1,5
r40,3,5,70,2,5,24,46,-0.089,0.921,48.5,15,3.028,3.638,83.3,-3.1,5
r40,3,5,70,2,5,48,46,-0.089,0.921,48.5,15,3.028,3.638,83.3,-3.1,5
r40,3,5,70,3,2,0,52,-0.395,0.753,22.1,17,0.936,1.599,43.0,-3.0,4
r40,3,5,70,3,2,24,52,-0.395,0.753,22.1,17,0.936,1.599,43.0,-3.0,4
r40,3,5,70,3,2,48,52,-0.395,0.753,22.1,17,0.936,1.599,43.0,-3.0,4
r40,3,5,70,3,3,0,50,-0.817,0.659,26.4,16,1.156,1.603,51.7,-4.4,4
r40,3,5,70,3,3,24,50,-0.817,0.659,26.4,16,1.156,1.603,51.7,-4.4,4
r40,3,5,70,3,3,48,50,-0.817,0.659,26.4,16,1.156,1.603,51.7,-4.4,4
r40,3,5,70,3,5,0,46,-0.194,0.878,44.5,15,2.962,2.931,76.7,-4.1,5
r40,3,5,70,3,5,24,46,-0.194,0.878,44.5,15,2.962,2.931,76.7,-4.1,5
r40,3,5,70,3,5,48,46,-0.194,0.878,44.5,15,2.962,2.931,76.7,-4.1,5
r40,3,10,60,0,2,0,163,0.127,1.049,20.9,64,0.960,1.674,27.2,-8.9,4
r40,3,10,60,0,2,24,163,0.127,1.049,20.9,64,0.960,1.674,27.2,-8.9,4
r40,3,10,60,0,2,48,163,0.127,1.049,20.9,64,0.960,1.674,27.2,-8.9,4
r40,3,10,60,0,3,0,155,0.306,1.113,27.1,58,1.688,1.839,38.9,-10.3,4
r40,3,10,60,0,3,24,155,0.306,1.113,27.1,58,1.688,1.839,38.9,-10.3,4
r40,3,10,60,0,3,48,155,0.306,1.113,27.1,58,1.688,1.839,38.9,-10.3,4
r40,3,10,60,0,5,0,143,0.622,1.163,37.4,53,2.132,1.677,50.8,-13.2,4
r40,3,10,60,0,5,24,143,0.622,1.163,37.4,53,2.132,1.677,50.8,-13.2,4
r40,3,10,60,0,5,48,143,0.622,1.163,37.4,53,2.132,1.677,50.8,-13.2,4
r40,3,10,60,2,2,0,163,-0.005,1.004,27.6,64,-0.043,1.019,31.4,-8.1,2
r40,3,10,60,2,2,24,163,-0.005,1.004,27.6,64,-0.043,1.019,31.4,-8.1,2
r40,3,10,60,2,2,48,163,-0.005,1.004,27.6,64,-0.043,1.019,31.4,-8.1,2
r40,3,10,60,2,3,0,155,0.002,0.988,35.7,58,0.572,1.341,46.3,-9.6,5
r40,3,10,60,2,3,24,155,0.002,0.988,35.7,58,0.572,1.341,46.3,-9.6,5
r40,3,10,60,2,3,48,155,0.002,0.988,35.7,58,0.572,1.341,46.3,-9.6,5
r40,3,10,60,2,5,0,145,0.352,1.118,49.9,53,1.069,1.447,59.9,-12.4,4
r40,3,10,60,2,5,24,145,0.352,1.118,49.9,53,1.069,1.447,59.9,-12.4,4
r40,3,10,60,2,5,48,145,0.352,1.118,49.9,53,1.069,1.447,59.9,-12.4,4
r40,3,10,60,3,2,0,163,0.017,1.009,26.0,64,0.549,1.462,30.1,-8.4,4
r40,3,10,60,3,2,24,163,0.017,1.009,26.0,64,0.549,1.462,30.1,-8.4,4
r40,3,10,60,3,2,48,163,0.017,1.009,26.0,64,0.549,1.462,30.1,-8.4,4
r40,3,10,60,3,3,0,155,0.102,1.038,34.5,58,1.039,1.616,41.9,-9.8,4
r40,3,10,60,3,3,24,155,0.102,1.038,34.5,58,1.039,1.616,41.9,-9.8,4
r40,3,10,60,3,3,48,155,0.102,1.038,34.5,58,1.039,1.616,41.9,-9.8,4
r40,3,10,60,3,5,0,144,0.361,1.115,47.6,53,1.495,1.636,55.4,-11.7,4
r40,3,10,60,3,5,24,144,0.361,1.115,47.6,53,1.495,1.636,55.4,-11.7,4
r40,3,10,60,3,5,48,144,0.361,1.115,47.6,53,1.495,1.636,55.4,-11.7,4
r40,3,10,70,0,2,0,163,0.150,1.054,17.2,64,1.393,1.901,25.7,-8.9,5
r40,3,10,70,0,2,24,163,0.150,1.054,17.2,64,1.393,1.901,25.7,-8.9,5
r40,3,10,70,0,2,48,163,0.150,1.054,17.2,64,1.393,1.901,25.7,-8.9,5
r40,3,10,70,0,3,0,155,0.502,1.168,22.5,58,1.642,1.776,34.4,-10.1,5
r40,3,10,70,0,3,24,155,0.502,1.168,22.5,58,1.642,1.776,34.4,-10.1,5
r40,3,10,70,0,3,48,155,0.502,1.168,22.5,58,1.642,1.776,34.4,-10.1,5
r40,3,10,70,0,5,0,143,0.770,1.175,31.8,53,1.367,1.452,41.6,-14.0,4
r40,3,10,70,0,5,24,143,0.770,1.175,31.8,53,1.367,1.452,41.6,-14.0,4
r40,3,10,70,0,5,48,143,0.770,1.175,31.8,53,1.367,1.452,41.6,-14.0,4
r40,3,10,70,2,2,0,163,-0.005,1.004,27.6,64,-0.043,1.019,31.4,-8.1,2
r40,3,10,70,2,2,24,163,-0.005,1.004,27.6,64,-0.043,1.019,31.4,-8.1,2
r40,3,10,70,2,2,48,163,-0.005,1.004,27.6,64,-0.043,1.019,31.4,-8.1,2
r40,3,10,70,2,3,0,155,0.002,0.988,35.7,58,0.572,1.341,46.3,-9.6,5
r40,3,10,70,2,3,24,155,0.002,0.988,35.7,58,0.572,1.341,46.3,-9.6,5
r40,3,10,70,2,3,48,155,0.002,0.988,35.7,58,0.572,1.341,46.3,-9.6,5
r40,3,10,70,2,5,0,145,0.352,1.118,49.9,53,1.106,1.473,61.5,-12.3,4
r40,3,10,70,2,5,24,145,0.352,1.118,49.9,53,1.106,1.473,61.5,-12.3,4
r40,3,10,70,2,5,48,145,0.352,1.118,49.9,53,1.106,1.473,61.5,-12.3,4
r40,3,10,70,3,2,0,163,0.017,1.009,26.0,64,0.549,1.462,30.1,-8.4,4
r40,3,10,70,3,2,24,163,0.017,1.009,26.0,64,0.549,1.462,30.1,-8.4,4
r40,3,10,70,3,2,48,163,0.017,1.009,26.0,64,0.549,1.462,30.1,-8.4,4
r40,3,10,70,3,3,0,155,0.107,1.040,34.5,58,1.059,1.629,41.9,-9.8,4
r40,3,10,70,3,3,24,155,0.107,1.040,34.5,58,1.059,1.629,41.9,-9.8,4
r40,3,10,70,3,3,48,155,0.107,1.040,34.5,58,1.059,1.629,41.9,-9.8,4
r40,3,10,70,3,5,0,144,0.324,1.098,47.0,53,1.568,1.677,57.0,-11.7,4
r40,3,10,70,3,5,24,144,0.324,1.098,47.0,53,1.568,1.677,57.0,-11.7,4
r40,3,10,70,3,5,48,144,0.324,1.098,47.0,53,1.568,1.677,57.0,-11.7,4
r40,3,15,60,0,2,0,318,0.073,1.058,20.4,128,0.299,1.280,24.5,-12.7,3
r40,3,15,60,0,2,24,318,0.073,1.058,20.4,128,0.299,1.280,24.5,-12.7,3
r40,3,15,60,0,2,48,318,0.073,1.058,20.4,128,0.299,1.280,24.5,-12.7,3
r40,3,15,60,0,3,0,302,0.123,1.048,25.3,117,1.017,1.511,37.6,-12.7,5
r40,3,15,60,0,3,24,302,0.123,1.048,25.3,117,1.017,1.511,37.6,-12.7,5
r40,3,15,60,0,3,48,302,0.123,1.048,25.3,117,1.017,1.511,37.6,-12.7,5
r40,3,15,60,0,5,0,270,0.251,1.065,35.6,98,1.103,1.347,48.9,-16.5,4
r40,3,15,60,0,5,24,270,0.251,1.065,35.6,98,1.103,1.347,48.9,-16.5,4
r40,3,15,60,0,5,48,270,0.251,1.065,35.6,98,1.103,1.347,48.9,-16.5,4
r40,3,15,60,2,2,0,318,-0.156,0.934,26.5,128,-0.388,0.827,28.4,-15.8,3
r40,3,15,60,2,2,24,318,-0.156,0.934,26.5,128,-0.388,0.827,28.4,-15.8,3
r40,3,15,60,2,2,48,318,-0.156,0.934,26.5,128,-0.388,0.827,28.4,-15.8,3
r40,3,15,60,2,3,0,302,-0.143,0.928,33.6,117,0.169,1.130,44.1,-14.1,3
r40,3,15,60,2,3,24,302,-0.143,0.928,33.6,117,0.169,1.130,44.1,-14.1,3
r40,3,15,60,2,3,48,302,-0.143,0.928,33.6,117,0.169,1.130,44.1,-14.1,3
r40,3,15,60,2,5,0,274,-0.031,0.984,46.1,98,0.184,1.071,55.7,-19.2,3
r40,3,15,60,2,5,24,274,-0.031,0.984,46.1,98,0.184,1.071,55.7,-19.2,3
r40,3,15,60,2,5,48,274,-0.031,0.984,46.1,98,0.184,1.071,55.7,-19.2,3
r40,3,15,60,3,2,0,318,-0.071,0.989,25.4,128,-0.035,1.102,27.1,-12.8,3
r40,3,15,60,3,2,24,318,-0.071,0.989,25.4,128,-0.035,1.102,27.1,-12.8,3
r40,3,15,60,3,2,48,318,-0.071,0.989,25.4,128,-0.035,1.102,27.1,-12.8,3
r40,3,15,60,3,3,0,302,-0.024,0.989,32.7,117,0.447,1.307,40.4,-12.3,4
r40,3,15,60,3,3,24,302,-0.024,0.989,32.7,117,0.447,1.307,40.4,-12.3,4
r40,3,15,60,3,3,48,302,-0.024,0.989,32.7,117,0.447,1.307,40.4,-12.3,4
r40,3,15,60,3,5,0,272,0.058,1.010,44.0,98,0.520,1.235,52.5,-15.6,4
r40,3,15,60,3,5,24,272,0.058,1.010,44.0,98,0.520,1.235,52.5,-15.6,4
r40,3,15,60,3,5,48,272,0.058,1.010,44.0,98,0.520,1.235,52.5,-15.6,4
r40,3,15,70,0,2,0,318,0.148,1.099,17.2,128,0.502,1.354,22.6,-13.1,4
r40,3,15,70,0,2,24,318,0.148,1.099,17.2,128,0.502,1.354,22.6,-13.1,4
r40,3,15,70,0,2,48,318,0.148,1.099,17.2,128,0.502,1.354,22.6,-13.1,4
r40,3,15,70,0,3,0,301,0.281,1.113,21.5,117,0.964,1.486,34.0,-12.7,5
r40,3,15,70,0,3,24,301,0.281,1.113,21.5,117,0.964,1.486,34.0,-12.7,5
r40,3,15,70,0,3,48,301,0.281,1.113,21.5,117,0.964,1.486,34.0,-12.7,5
r40,3,15,70,0,5,0,269,0.485,1.139,31.6,98,0.536,1.220,41.6,-17.4,3
r40,3,15,70,0,5,24,269,0.485,1.139,31.6,98,0.536,1.220,41.6,-17.4,3
r40,3,15,70,0,5,48,269,0.485,1.139,31.6,98,0.536,1.220,41.6,-17.4,3
r40,3,15,70,2,2,0,318,-0.158,0.933,26.2,128,-0.388,0.827,28.4,-15.8,3
r40,3,15,70,2,2,24,318,-0.158,0.933,26.2,128,-0.388,0.827,28.4,-15.8,3
r40,3,15,70,2,2,48,318,-0.158,0.933,26.2,128,-0.388,0.827,28.4,-15.8,3
r40,3,15,70,2,3,0,302,-0.147,0.926,33.4,117,0.169,1.130,44.1,-14.1,3
r40,3,15,70,2,3,24,302,-0.147,0.926,33.4,117,0.169,1.130,44.1,-14.1,3
r40,3,15,70,2,3,48,302,-0.147,0.926,33.4,117,0.169,1.130,44.1,-14.1,3
r40,3,15,70,2,5,0,274,-0.018,0.989,45.8,98,0.248,1.107,56.6,-19.2,3
r40,3,15,70,2,5,24,274,-0.018,0.989,45.8,98,0.248,1.107,56.6,-19.2,3
r40,3,15,70,2,5,48,274,-0.018,0.989,45.8,98,0.248,1.107,56.6,-19.2,3
r40,3,15,70,3,2,0,318,-0.069,0.990,25.1,128,-0.023,1.112,27.1,-12.8,3
r40,3,15,70,3,2,24,318,-0.069,0.990,25.1,128,-0.023,1.112,27.1,-12.8,3
r40,3,15,70,3,2,48,318,-0.069,0.990,25.1,128,-0.023,1.112,27.1,-12.8,3
r40,3,15,70,3,3,0,302,-0.023,0.988,32.5,117,0.487,1.331,40.4,-12.3,4
r40,3,15,70,3,3,24,302,-0.023,0.988,32.5,117,0.487,1.331,40.4,-12.3,4
r40,3,15,70,3,3,48,302,-0.023,0.988,32.5,117,0.487,1.331,40.4,-12.3,4
r40,3,15,70,3,5,0,272,0.054,1.008,43.4,98,0.626,1.284,53.3,-15.6,5
r40,3,15,70,3,5,24,272,0.054,1.008,43.4,98,0.626,1.284,53.3,-15.6,5
r40,3,15,70,3,5,48,272,0.054,1.008,43.4,98,0.626,1.284,53.3,-15.6,5
r40,4,5,60,0,2,0,19,1.678,1.162,22.2,4,7.680,5.133,66.7,-2.2,2
r40,4,5,60,0,2,24,19,1.678,1.162,22.2,4,7.680,5.133,66.7,-2.2,2
r40,4,5,60,0,2,48,19,1.678,1.162,22.2,4,7.680,5.133,66.7,-2.2,2
r40,4,5,60,0,3,0,18,1.110,1.051,24.4,4,7.348,3.529,66.7,-3.1,2
r40,4,5,60,0,3,24,18,1.110,1.051,24.4,4,7.348,3.529,66.7,-3.1,2
r40,4,5,60,0,3,48,18,1.110,1.051,24.4,4,7.348,3.529,66.7,-3.1,2
r40,4,5,60,0,5,0,14,1.296,1.060,40.0,4,9.595,6.711,83.3,-2.6,2
r40,4,5,60,0,5,24,14,1.296,1.060,40.0,4,9.595,6.711,83.3,-2.6,2
r40,4,5,60,0,5,48,14,1.296,1.060,40.0,4,9.595,6.711,83.3,-2.6,2
r40,4,5,60,2,2,0,19,0.960,1.069,37.2,4,1.663,1.678,66.7,-2.2,1
r40,4,5,60,2,2,24,19,0.960,1.069,37.2,4,1.663,1.678,66.7,-2.2,1
r40,4,5,60,2,2,48,19,0.960,1.069,37.2,4,1.663,1.678,66.7,-2.2,1
r40,4,5,60,2,3,0,18,0.679,1.019,41.1,4,1.330,1.154,66.7,-3.1,1
r40,4,5,60,2,3,24,18,0.679,1.019,41.1,4,1.330,1.154,66.7,-3.1,1
r40,4,5,60,2,3,48,18,0.679,1.019,41.1,4,1.330,1.154,66.7,-3.1,1
r40,4,5,60,2,5,0,14,2.115,1.711,73.3,4,3.304,3.471,83.3,-2.6,2
r40,4,5,60,2,5,24,14,2.115,1.711,73.3,4,3.304,3.471,83.3,-2.6,2
r40,4,5,60,2,5,48,14,2.115,1.711,73.3,4,3.304,3.471,83.3,-2.6,2
r40,4,5,60,3,2,0,19,1.325,1.188,37.2,4,1.663,1.678,66.7,-2.2,1
r40,4,5,60,3,2,24,19,1.325,1.188,37.2,4,1.663,1.678,66.7,-2.2,1
r40,4,5,60,3,2,48,19,1.325,1.188,37.2,4,1.663,1.678,66.7,-2.2,1
r40,4,5,60,3,3,0,18,1.044,1.114,41.1,4,1.330,1.154,66.7,-3.1,1
r40,4,5,60,3,3,24,18,1.044,1.114,41.1,4,1.330,1.154,66.7,-3.1,1
r40,4,5,60,3,3,48,18,1.044,1.114,41.1,4,1.330,1.154,66.7,-3.1,1
r40,4,5,60,3,5,0,14,2.395,1.507,66.7,4,3.304,3.471,83.3,-2.6,2
r40,4,5,60,3,5,24,14,2.395,1.507,66.7,4,3.304,3.471,83.3,-2.6,2
r40,4,5,60,3,5,48,14,2.395,1.507,66.7,4,3.304,3.471,83.3,-2.6,2
r40,4,5,70,0,2,0,19,1.152,1.244,22.2,4,7.761,5.690,66.7,-2.2,2
r40,4,5,70,0,2,24,19,1.152,1.244,22.2,4,7.761,5.690,66.7,-2.2,2
r40,4,5,70,0,2,48,19,1.152,1.244,22.2,4,7.761,5.690,66.7,-2.2,2
r40,4,5,70,0,3,0,18,0.584,1.115,24.4,4,7.429,3.912,66.7,-3.1,2
r40,4,5,70,0,3,24,18,0.584,1.115,24.4,4,7.429,3.912,66.7,-3.1,2
r40,4,5,70,0,3,48,18,0.584,1.115,24.4,4,7.429,3.912,66.7,-3.1,2
r40,4,5,70,0,5,0,14,0.883,1.119,40.0,4,9.952,7.501,83.3,-2.6,2
r40,4,5,70,0,5,24,14,0.883,1.119,40.0,4,9.952,7.501,83.3,-2.6,2
r40,4,5,70,0,5,48,14,0.883,1.119,40.0,4,9.952,7.501,83.3,-2.6,2
r40,4,5,70,2,2,0,19,0.960,1.069,37.2,4,1.663,1.678,66.7,-2.2,1
r40,4,5,70,2,2,24,19,0.960,1.069,37.2,4,1.663,1.678,66.7,-2.2,1
r40,4,5,70,2,2,48,19,0.960,1.069,37.2,4,1.663,1.678,66.7,-2.2,1
r40,4,5,70,2,3,0,18,0.679,1.019,41.1,4,1.330,1.154,66.7,-3.1,1
r40,4,5,70,2,3,24,18,0.679,1.019,41.1,4,1.330,1.154,66.7,-3.1,1
r40,4,5,70,2,3,48,18,0.679,1.019,41.1,4,1.330,1.154,66.7,-3.1,1
r40,4,5,70,2,5,0,14,2.115,1.711,73.3,4,3.304,3.471,83.3,-2.6,2
r40,4,5,70,2,5,24,14,2.115,1.711,73.3,4,3.304,3.471,83.3,-2.6,2
r40,4,5,70,2,5,48,14,2.115,1.711,73.3,4,3.304,3.471,83.3,-2.6,2
r40,4,5,70,3,2,0,19,1.325,1.188,37.2,4,1.663,1.678,66.7,-2.2,1
r40,4,5,70,3,2,24,19,1.325,1.188,37.2,4,1.663,1.678,66.7,-2.2,1
r40,4,5,70,3,2,48,19,1.325,1.188,37.2,4,1.663,1.678,66.7,-2.2,1
r40,4,5,70,3,3,0,18,1.044,1.114,41.1,4,1.330,1.154,66.7,-3.1,1
r40,4,5,70,3,3,24,18,1.044,1.114,41.1,4,1.330,1.154,66.7,-3.1,1
r40,4,5,70,3,3,48,18,1.044,1.114,41.1,4,1.330,1.154,66.7,-3.1,1
r40,4,5,70,3,5,0,14,2.395,1.507,66.7,4,3.304,3.471,83.3,-2.6,2
r40,4,5,70,3,5,24,14,2.395,1.507,66.7,4,3.304,3.471,83.3,-2.6,2
r40,4,5,70,3,5,48,14,2.395,1.507,66.7,4,3.304,3.471,83.3,-2.6,2
r40,4,10,60,0,2,0,65,-0.213,0.856,14.0,20,3.523,3.389,41.7,-3.5,5
r40,4,10,60,0,2,24,65,-0.213,0.856,14.0,20,3.523,3.389,41.7,-3.5,5
r40,4,10,60,0,2,48,65,-0.213,0.856,14.0,20,3.523,3.389,41.7,-3.5,5
r40,4,10,60,0,3,0,62,-0.410,0.849,17.6,18,3.589,2.777,46.7,-4.4,5
r40,4,10,60,0,3,24,62,-0.410,0.849,17.6,18,3.589,2.777,46.7,-4.4,5
r40,4,10,60,0,3,48,62,-0.410,0.849,17.6,18,3.589,2.777,46.7,-4.4,5
r40,4,10,60,0,5,0,56,0.796,1.195,33.1,17,2.610,1.820,48.0,-6.2,5
r40,4,10,60,0,5,24,56,0.796,1.195,33.1,17,2.610,1.820,48.0,-6.2,5
r40,4,10,60,0,5,48,56,0.796,1.195,33.1,17,2.610,1.820,48.0,-6.2,5
r40,4,10,60,2,2,0,65,0.137,1.075,27.8,20,1.091,1.793,41.7,-3.5,4
r40,4,10,60,2,2,24,65,0.137,1.075,27.8,20,1.091,1.793,41.7,-3.5,4
r40,4,10,60,2,2,48,65,0.137,1.075,27.8,20,1.091,1.793,41.7,-3.5,4
r40,4,10,60,2,3,0,62,-0.247,0.886,32.1,18,1.560,1.847,53.3,-4.4,4
r40,4,10,60,2,3,24,62,-0.247,0.886,32.1,18,1.560,1.847,53.3,-4.4,4
r40,4,10,60,2,3,48,62,-0.247,0.886,32.1,18,1.560,1.847,53.3,-4.4,4
r40,4,10,60,2,5,0,56,0.482,1.184,49.5,17,2.505,2.319,75.3,-4.5,4
r40,4,10,60,2,5,24,56,0.482,1.184,49.5,17,2.505,2.319,75.3,-4.5,4
r40,4,10,60,2,5,48,56,0.482,1.184,49.5,17,2.505,2.319,75.3,-4.5,4
r40,4,10,60,3,2,0,65,0.082,1.030,25.0,20,1.198,1.874,41.7,-3.5,4
r40,4,10,60,3,2,24,65,0.082,1.030,25.0,20,1.198,1.874,41.7,-3.5,4
r40,4,10,60,3,2,48,65,0.082,1.030,25.0,20,1.198,1.874,41.7,-3.5,4
r40,4,10,60,3,3,0,62,-0.336,0.845,29.2,18,1.668,1.922,53.3,-4.4,5
r40,4,10,60,3,3,24,62,-0.336,0.845,29.2,18,1.668,1.922,53.3,-4.4,5
r40,4,10,60,3,3,48,62,-0.336,0.845,29.2,18,1.668,1.922,53.3,-4.4,5
r40,4,10,60,3,5,0,56,0.404,1.129,46.4,17,2.838,2.532,75.3,-4.5,4
r40,4,10,60,3,5,24,56,0.404,1.129,46.4,17,2.838,2.532,75.3,-4.5,4
r40,4,10,60,3,5,48,56,0.404,1.129,46.4,17,2.838,2.532,75.3,-4.5,4
r40,4,10,70,0,2,0,65,-0.012,0.984,14.0,20,4.635,4.048,41.7,-3.5,5
r40,4,10,70,0,2,24,65,-0.012,0.984,14.0,20,4.635,4.048,41.7,-3.5,5
r40,4,10,70,0,2,48,65,-0.012,0.984,14.0,20,4.635,4.048,41.7,-3.5,5
r40,4,10,70,0,3,0,62,-0.022,1.009,17.6,18,4.809,3.320,46.7,-4.4,5
r40,4,10,70,0,3,24,62,-0.022,1.009,17.6,18,4.809,3.320,46.7,-4.4,5
r40,4,10,70,0,3,48,62,-0.022,1.009,17.6,18,4.809,3.320,46.7,-4.4,5
r40,4,10,70,0,5,0,56,0.612,1.152,29.3,17,3.862,2.190,48.0,-6.2,5
r40,4,10,70,0,5,24,56,0.867,1.219,31.3,17,3.862,2.190,48.0,-6.2,5
r40,4,10,70,0,5,48,56,0.612,1.152,29.3,17,3.862,2.190,48.0,-6.2,5
r40,4,10,70,2,2,0,65,0.137,1.075,27.8,20,1.091,1.793,41.7,-3.5,4
r40,4,10,70,2,2,24,65,0.137,1.075,27.8,20,1.091,1.793,41.7,-3.5,4
r40,4,10,70,2,2,48,65,0.137,1.075,27.8,20,1.091,1.793,41.7,-3.5,4
r40,4,10,70,2,3,0,62,-0.247,0.886,32.1,18,1.560,1.847,53.3,-4.4,4
r40,4,10,70,2,3,24,62,-0.247,0.886,32.1,18,1.560,1.847,53.3,-4.4,4
r40,4,10,70,2,3,48,62,-0.247,0.886,32.1,18,1.560,1.847,53.3,-4.4,4
r40,4,10,70,2,5,0,56,0.482,1.184,49.5,17,2.505,2.319,75.3,-4.5,4
r40,4,10,70,2,5,24,56,0.482,1.184,49.5,17,2.505,2.319,75.3,-4.5,4
r40,4,10,70,2,5,48,56,0.482,1.184,49.5,17,2.505,2.319,75.3,-4.5,4
r40,4,10,70,3,2,0,65,0.082,1.030,25.0,20,1.198,1.874,41.7,-3.5,4
r40,4,10,70,3,2,24,65,0.082,1.030,25.0,20,1.198,1.874,41.7,-3.5,4
r40,4,10,70,3,2,48,65,0.082,1.030,25.0,20,1.198,1.874,41.7,-3.5,4
r40,4,10,70,3,3,0,62,-0.336,0.845,29.2,18,1.668,1.922,53.3,-4.4,5
r40,4,10,70,3,3,24,62,-0.336,0.845,29.2,18,1.668,1.922,53.3,-4.4,5
r40,4,10,70,3,3,48,62,-0.336,0.845,29.2,18,1.668,1.922,53.3,-4.4,5
r40,4,10,70,3,5,0,56,0.404,1.129,46.4,17,2.838,2.532,75.3,-4.5,4
r40,4,10,70,3,5,24,56,0.404,1.129,46.4,17,2.838,2.532,75.3,-4.5,4
r40,4,10,70,3,5,48,56,0.404,1.129,46.4,17,2.838,2.532,75.3,-4.5,4
r40,4,15,60,0,2,0,171,0.419,1.213,17.7,60,1.500,1.988,27.8,-7.7,5
r40,4,15,60,0,2,24,171,0.419,1.213,17.7,60,1.500,1.988,27.8,-7.7,5
r40,4,15,60,0,2,48,171,0.419,1.213,17.7,60,1.500,1.988,27.8,-7.7,5
r40,4,15,60,0,3,0,159,0.662,1.212,22.0,56,2.270,2.227,40.7,-9.2,5
r40,4,15,60,0,3,24,159,0.662,1.212,22.0,56,2.270,2.227,40.7,-9.2,5
r40,4,15,60,0,3,48,159,0.662,1.212,22.0,56,2.270,2.227,40.7,-9.2,5
r40,4,15,60,0,5,0,145,1.290,1.285,32.9,52,2.204,1.901,49.0,-12.3,5
r40,4,15,60,0,5,24,145,1.290,1.285,32.9,52,2.204,1.901,49.0,-12.3,5
r40,4,15,60,0,5,48,145,1.290,1.285,32.9,52,2.204,1.901,49.0,-12.3,5
r40,4,15,60,2,2,0,171,0.264,1.169,27.6,60,-0.037,1.044,31.9,-7.9,3
r40,4,15,60,2,2,24,171,0.264,1.169,27.6,60,-0.037,1.044,31.9,-7.9,3
r40,4,15,60,2,2,48,171,0.264,1.169,27.6,60,-0.037,1.044,31.9,-7.9,3
r40,4,15,60,2,3,0,159,0.213,1.092,35.5,56,0.923,1.661,51.4,-8.6,5
r40,4,15,60,2,3,24,159,0.213,1.092,35.5,56,0.923,1.661,51.4,-8.6,5
r40,4,15,60,2,3,48,159,0.213,1.092,35.5,56,0.923,1.661,51.4,-8.6,5
r40,4,15,60,2,5,0,148,0.743,1.252,51.1,52,1.427,1.804,66.2,-10.5,4
r40,4,15,60,2,5,24,148,0.743,1.252,51.1,52,1.427,1.804,66.2,-10.5,4
r40,4,15,60,2,5,48,148,0.743,1.252,51.1,52,1.427,1.804,66.2,-10.5,4
r40,4,15,60,3,2,0,171,0.337,1.208,26.5,60,0.563,1.462,29.2,-7.8,4
r40,4,15,60,3,2,24,171,0.337,1.208,26.5,60,0.563,1.462,29.2,-7.8,4
r40,4,15,60,3,2,48,171,0.337,1.208,26.5,60,0.563,1.462,29.2,-7.8,4
r40,4,15,60,3,3,0,159,0.298,1.129,34.4,56,1.395,1.871,45.3,-9.2,5
r40,4,15,60,3,3,24,159,0.298,1.129,34.4,56,1.395,1.871,45.3,-9.2,5
r40,4,15,60,3,3,48,159,0.298,1.129,34.4,56,1.395,1.871,45.3,-9.2,5
r40,4,15,60,3,5,0,146,0.629,1.197,47.9,52,1.812,1.875,59.6,-10.9,5
r40,4,15,60,3,5,24,146,0.629,1.197,47.9,52,1.812,1.875,59.6,-10.9,5
r40,4,15,60,3,5,48,146,0.629,1.197,47.9,52,1.812,1.875,59.6,-10.9,5
r40,4,15,70,0,2,0,171,0.910,1.432,15.2,60,2.036,2.297,27.8,-7.7,5
r40,4,15,70,0,2,24,171,0.910,1.432,15.2,60,2.036,2.297,27.8,-7.7,5
r40,4,15,70,0,2,48,171,0.910,1.432,15.2,60,2.036,2.297,27.8,-7.7,5
r40,4,15,70,0,3,0,159,1.413,1.470,19.7,56,2.791,2.364,37.3,-9.8,5
r40,4,15,70,0,3,24,159,1.413,1.470,19.7,56,2.791,2.364,37.3,-9.8,5
r40,4,15,70,0,3,48,159,1.413,1.470,19.7,56,2.791,2.364,37.3,-9.8,5
r40,4,15,70,0,5,0,145,1.474,1.305,27.2,52,3.118,2.156,47.2,-12.0,5
r40,4,15,70,0,5,24,145,1.584,1.331,28.0,52,3.118,2.156,47.2,-12.0,5
r40,4,15,70,0,5,48,145,1.474,1.305,27.2,52,3.118,2.156,47.2,-12.0,5
r40,4,15,70,2,2,0,171,0.264,1.169,27.6,60,-0.037,1.044,31.9,-7.9,3
r40,4,15,70,2,2,24,171,0.264,1.169,27.6,60,-0.037,1.044,31.9,-7.9,3
r40,4,15,70,2,2,48,171,0.264,1.169,27.6,60,-0.037,1.044,31.9,-7.9,3
r40,4,15,70,2,3,0,159,0.213,1.092,35.5,56,0.923,1.661,51.4,-8.6,5
r40,4,15,70,2,3,24,159,0.213,1.092,35.5,56,0.923,1.661,51.4,-8.6,5
r40,4,15,70,2,3,48,159,0.213,1.092,35.5,56,0.923,1.661,51.4,-8.6,5
r40,4,15,70,2,5,0,148,0.757,1.258,51.1,52,1.427,1.804,66.2,-10.5,4
r40,4,15,70,2,5,24,148,0.757,1.258,51.1,52,1.427,1.804,66.2,-10.5,4
r40,4,15,70,2,5,48,148,0.757,1.258,51.1,52,1.427,1.804,66.2,-10.5,4
r40,4,15,70,3,2,0,171,0.319,1.191,26.1,60,0.563,1.462,29.2,-7.8,4
r40,4,15,70,3,2,24,171,0.319,1.191,26.1,60,0.563,1.462,29.2,-7.8,4
r40,4,15,70,3,2,48,171,0.319,1.191,26.1,60,0.563,1.462,29.2,-7.8,4
r40,4,15,70,3,3,0,159,0.271,1.112,33.9,56,1.395,1.871,45.3,-9.2,5
r40,4,15,70,3,3,24,159,0.271,1.112,33.9,56,1.395,1.871,45.3,-9.2,5
r40,4,15,70,3,3,48,159,0.271,1.112,33.9,56,1.395,1.871,45.3,-9.2,5
r40,4,15,70,3,5,0,146,0.644,1.204,47.9,52,1.819,1.879,59.6,-10.9,5
r40,4,15,70,3,5,24,146,0.644,1.204,47.9,52,1.819,1.879,59.6,-10.9,5
r40,4,15,70,3,5,48,146,0.644,1.204,47.9,52,1.819,1.879,59.6,-10.9,5