guard,coreLen,coreTh,exitTh,tp,sl,maxBars,trainN,trainExp,trainPF,trainWin,testN,testExp,testPF,testWin,testDD,robust
none,2,5,60,0,2,0,3510,-0.111,0.811,55.9,1650,-0.199,0.642,51.9,-54.9,0
none,2,5,60,0,2,24,3510,-0.111,0.811,55.9,1650,-0.199,0.642,51.9,-54.9,0
none,2,5,60,0,2,48,3510,-0.111,0.811,55.9,1650,-0.199,0.642,51.9,-54.9,0
none,2,5,60,0,3,0,3247,-0.092,0.844,57.9,1520,-0.208,0.633,52.9,-55.0,0
none,2,5,60,0,3,24,3247,-0.092,0.844,57.9,1520,-0.208,0.633,52.9,-55.0,0
none,2,5,60,0,3,48,3247,-0.092,0.844,57.9,1520,-0.208,0.633,52.9,-55.0,0
none,2,5,60,0,5,0,3026,-0.076,0.868,58.4,1429,-0.229,0.598,52.8,-55.4,0
none,2,5,60,0,5,24,3026,-0.076,0.868,58.4,1429,-0.229,0.598,52.8,-55.4,0
none,2,5,60,0,5,48,3026,-0.076,0.868,58.4,1429,-0.229,0.598,52.8,-55.4,0
none,2,5,60,2,2,0,3510,-0.108,0.815,56.1,1650,-0.200,0.640,52.0,-54.8,0
none,2,5,60,2,2,24,3510,-0.108,0.815,56.1,1650,-0.200,0.640,52.0,-54.8,0
none,2,5,60,2,2,48,3510,-0.108,0.815,56.1,1650,-0.200,0.640,52.0,-54.8,0
none,2,5,60,2,3,0,3247,-0.095,0.837,58.0,1520,-0.211,0.628,53.0,-55.0,0
none,2,5,60,2,3,24,3247,-0.095,0.837,58.0,1520,-0.211,0.628,53.0,-55.0,0
none,2,5,60,2,3,48,3247,-0.095,0.837,58.0,1520,-0.211,0.628,53.0,-55.0,0
none,2,5,60,2,5,0,3027,-0.077,0.864,58.5,1429,-0.232,0.593,52.9,-55.3,0
none,2,5,60,2,5,24,3027,-0.077,0.864,58.5,1429,-0.232,0.593,52.9,-55.3,0
none,2,5,60,2,5,48,3027,-0.077,0.864,58.5,1429,-0.232,0.593,52.9,-55.3,0
none,2,5,60,3,2,0,3510,-0.112,0.810,56.0,1650,-0.200,0.640,51.9,-54.9,0
none,2,5,60,3,2,24,3510,-0.112,0.810,56.0,1650,-0.200,0.640,51.9,-54.9,0
none,2,5,60,3,2,48,3510,-0.112,0.810,56.0,1650,-0.200,0.640,51.9,-54.9,0
none,2,5,60,3,3,0,3247,-0.094,0.840,57.9,1520,-0.209,0.632,52.9,-55.0,0
none,2,5,60,3,3,24,3247,-0.094,0.840,57.9,1520,-0.209,0.632,52.9,-55.0,0
none,2,5,60,3,3,48,3247,-0.094,0.840,57.9,1520,-0.209,0.632,52.9,-55.0,0
none,2,5,60,3,5,0,3026,-0.077,0.865,58.4,1429,-0.230,0.596,52.8,-55.4,0
none,2,5,60,3,5,24,3026,-0.077,0.865,58.4,1429,-0.230,0.596,52.8,-55.4,0
none,2,5,60,3,5,48,3026,-0.077,0.865,58.4,1429,-0.230,0.596,52.8,-55.4,0
none,2,5,70,0,2,0,3466,-0.117,0.824,55.5,1629,-0.199,0.674,53.2,-54.8,0
none,2,5,70,0,2,24,3466,-0.117,0.824,55.5,1629,-0.199,0.674,53.2,-54.8,0
none,2,5,70,0,2,48,3466,-0.117,0.824,55.5,1629,-0.199,0.674,53.2,-54.8,0
none,2,5,70,0,3,0,3176,-0.101,0.849,58.4,1483,-0.197,0.680,54.6,-52.5,0
none,2,5,70,0,3,24,3176,-0.101,0.849,58.4,1483,-0.197,0.680,54.6,-52.5,0
none,2,5,70,0,3,48,3176,-0.101,0.849,58.4,1483,-0.197,0.680,54.6,-52.5,0
none,2,5,70,0,5,0,2933,-0.074,0.887,59.4,1390,-0.221,0.648,55.0,-54.0,0
none,2,5,70,0,5,24,2933,-0.074,0.887,59.4,1390,-0.221,0.648,55.0,-54.1,0
none,2,5,70,0,5,48,2933,-0.074,0.887,59.4,1390,-0.221,0.648,55.0,-54.0,0
none,2,5,70,2,2,0,3466,-0.116,0.822,56.0,1629,-0.200,0.670,53.4,-54.3,0
none,2,5,70,2,2,24,3466,-0.116,0.822,56.0,1629,-0.200,0.670,53.4,-54.3,0
none,2,5,70,2,2,48,3466,-0.116,0.822,56.0,1629,-0.200,0.670,53.4,-54.3,0
none,2,5,70,2,3,0,3176,-0.105,0.840,58.8,1483,-0.197,0.677,54.8,-52.1,0
none,2,5,70,2,3,24,3176,-0.105,0.840,58.8,1483,-0.197,0.677,54.8,-52.1,0
none,2,5,70,2,3,48,3176,-0.105,0.840,58.8,1483,-0.197,0.677,54.8,-52.1,0
none,2,5,70,2,5,0,2934,-0.079,0.877,59.8,1390,-0.225,0.640,55.2,-53.9,0
none,2,5,70,2,5,24,2934,-0.079,0.877,59.8,1390,-0.225,0.640,55.2,-54.0,0
none,2,5,70,2,5,48,2934,-0.079,0.877,59.8,1390,-0.225,0.640,55.2,-53.9,0
none,2,5,70,3,2,0,3466,-0.121,0.816,55.7,1629,-0.198,0.674,53.3,-54.6,0
none,2,5,70,3,2,24,3466,-0.121,0.816,55.7,1629,-0.198,0.674,53.3,-54.6,0
none,2,5,70,3,2,48,3466,-0.121,0.816,55.7,1629,-0.198,0.674,53.3,-54.6,0
none,2,5,70,3,3,0,3176,-0.106,0.841,58.6,1483,-0.195,0.682,54.7,-52.2,0
none,2,5,70,3,3,24,3176,-0.106,0.841,58.6,1483,-0.195,0.682,54.7,-52.2,0
none,2,5,70,3,3,48,3176,-0.106,0.841,58.6,1483,-0.195,0.682,54.7,-52.2,0
none,2,5,70,3,5,0,2933,-0.075,0.883,59.6,1390,-0.226,0.640,55.0,-54.5,0
none,2,5,70,3,5,24,2933,-0.075,0.883,59.6,1390,-0.226,0.640,55.0,-54.6,0
none,2,5,70,3,5,48,2933,-0.075,0.883,59.6,1390,-0.226,0.640,55.0,-54.5,0
none,2,10,60,0,2,0,6429,-0.143,0.752,55.6,2803,-0.203,0.623,53.0,-70.2,0
none,2,10,60,0,2,24,6429,-0.143,0.752,55.6,2803,-0.203,0.623,53.0,-70.2,0
none,2,10,60,0,2,48,6429,-0.143,0.752,55.6,2803,-0.203,0.623,53.0,-70.2,0
none,2,10,60,0,3,0,5847,-0.128,0.775,57.1,2546,-0.221,0.597,53.2,-71.2,0
none,2,10,60,0,3,24,5847,-0.128,0.775,57.1,2546,-0.221,0.597,53.2,-71.2,0
none,2,10,60,0,3,48,5847,-0.128,0.775,57.1,2546,-0.221,0.597,53.2,-71.2,0
none,2,10,60,0,5,0,5432,-0.107,0.802,57.7,2397,-0.219,0.590,53.7,-68.9,0
none,2,10,60,0,5,24,5432,-0.107,0.802,57.7,2397,-0.219,0.590,53.7,-68.9,0
none,2,10,60,0,5,48,5432,-0.107,0.802,57.7,2397,-0.219,0.590,53.7,-68.9,0
none,2,10,60,2,2,0,6435,-0.141,0.754,55.8,2803,-0.203,0.623,53.1,-70.2,0
none,2,10,60,2,2,24,6435,-0.141,0.754,55.8,2803,-0.203,0.623,53.1,-70.2,0
none,2,10,60,2,2,48,6435,-0.141,0.754,55.8,2803,-0.203,0.623,53.1,-70.2,0
none,2,10,60,2,3,0,5853,-0.130,0.770,57.2,2548,-0.221,0.597,53.3,-71.0,0
none,2,10,60,2,3,24,5853,-0.130,0.770,57.2,2548,-0.221,0.597,53.3,-71.0,0
none,2,10,60,2,3,48,5853,-0.130,0.770,57.2,2548,-0.221,0.597,53.3,-71.0,0
none,2,10,60,2,5,0,5438,-0.110,0.796,57.8,2399,-0.218,0.592,53.8,-68.5,0
none,2,10,60,2,5,24,5438,-0.110,0.796,57.8,2399,-0.218,0.592,53.8,-68.6,0
none,2,10,60,2,5,48,5438,-0.110,0.796,57.8,2399,-0.218,0.592,53.8,-68.5,0
none,2,10,60,3,2,0,6430,-0.144,0.750,55.6,2803,-0.204,0.622,53.0,-70.2,0
none,2,10,60,3,2,24,6430,-0.144,0.750,55.6,2803,-0.204,0.622,53.0,-70.2,0
none,2,10,60,3,2,48,6430,-0.144,0.750,55.6,2803,-0.204,0.622,53.0,-70.2,0
none,2,10,60,3,3,0,5848,-0.129,0.773,57.2,2546,-0.222,0.597,53.2,-71.2,0
none,2,10,60,3,3,24,5848,-0.129,0.773,57.2,2546,-0.222,0.597,53.2,-71.2,0
none,2,10,60,3,3,48,5848,-0.129,0.773,57.2,2546,-0.222,0.597,53.2,-71.2,0
none,2,10,60,3,5,0,5433,-0.108,0.801,57.7,2397,-0.220,0.589,53.7,-68.9,0
none,2,10,60,3,5,24,5433,-0.108,0.801,57.7,2397,-0.220,0.589,53.7,-68.9,0
none,2,10,60,3,5,48,5433,-0.108,0.801,57.7,2397,-0.220,0.589,53.7,-68.9,0
none,2,10,70,0,2,0,6216,-0.145,0.777,55.7,2698,-0.204,0.659,54.2,-69.4,0
none,2,10,70,0,2,24,6216,-0.145,0.777,55.7,2698,-0.204,0.659,54.2,-69.4,0
none,2,10,70,0,2,48,6216,-0.145,0.777,55.7,2698,-0.204,0.659,54.2,-69.4,0
none,2,10,70,0,3,0,5571,-0.125,0.805,57.8,2413,-0.222,0.638,54.4,-70.1,0
none,2,10,70,0,3,24,5571,-0.125,0.805,57.8,2413,-0.222,0.638,54.4,-70.1,0
none,2,10,70,0,3,48,5571,-0.125,0.805,57.8,2413,-0.222,0.638,54.4,-70.1,0
none,2,10,70,0,5,0,5111,-0.099,0.837,58.9,2247,-0.221,0.634,55.4,-67.5,0
none,2,10,70,0,5,24,5111,-0.099,0.837,58.9,2247,-0.221,0.633,55.4,-67.7,0
none,2,10,70,0,5,48,5111,-0.099,0.837,58.9,2247,-0.221,0.634,55.4,-67.5,0
none,2,10,70,2,2,0,6228,-0.143,0.778,56.0,2701,-0.204,0.658,54.5,-69.5,0
none,2,10,70,2,2,24,6228,-0.143,0.778,56.0,2701,-0.204,0.658,54.5,-69.5,0
none,2,10,70,2,2,48,6228,-0.143,0.778,56.0,2701,-0.204,0.658,54.5,-69.5,0
none,2,10,70,2,3,0,5583,-0.128,0.798,58.2,2418,-0.223,0.635,54.7,-70.1,0
none,2,10,70,2,3,24,5583,-0.128,0.798,58.2,2418,-0.223,0.635,54.7,-70.1,0
none,2,10,70,2,3,48,5583,-0.128,0.798,58.2,2418,-0.223,0.635,54.7,-70.1,0
none,2,10,70,2,5,0,5126,-0.098,0.836,59.2,2252,-0.220,0.632,55.7,-67.5,0
none,2,10,70,2,5,24,5126,-0.098,0.836,59.2,2252,-0.221,0.631,55.7,-67.7,0
none,2,10,70,2,5,48,5126,-0.098,0.836,59.2,2252,-0.220,0.632,55.7,-67.5,0
none,2,10,70,3,2,0,6219,-0.146,0.774,55.8,2698,-0.207,0.654,54.3,-69.7,0
none,2,10,70,3,2,24,6219,-0.146,0.774,55.8,2698,-0.207,0.654,54.3,-69.7,0
none,2,10,70,3,2,48,6219,-0.146,0.774,55.8,2698,-0.207,0.654,54.3,-69.7,0
none,2,10,70,3,3,0,5574,-0.129,0.799,57.9,2413,-0.225,0.633,54.5,-70.3,0
none,2,10,70,3,3,24,5574,-0.129,0.799,57.9,2413,-0.225,0.633,54.5,-70.3,0
none,2,10,70,3,3,48,5574,-0.129,0.799,57.9,2413,-0.225,0.633,54.5,-70.3,0
none,2,10,70,3,5,0,5115,-0.101,0.833,58.9,2247,-0.228,0.622,55.4,-68.3,0
none,2,10,70,3,5,24,5115,-0.101,0.833,58.9,2247,-0.229,0.621,55.4,-68.4,0
none,2,10,70,3,5,48,5115,-0.101,0.833,58.9,2247,-0.228,0.622,55.4,-68.3,0
none,2,15,60,0,2,0,8724,-0.159,0.715,55.0,3736,-0.219,0.587,52.4,-81.5,0
none,2,15,60,0,2,24,8724,-0.159,0.715,55.0,3736,-0.219,0.587,52.4,-81.5,0
none,2,15,60,0,2,48,8724,-0.159,0.715,55.0,3736,-0.219,0.587,52.4,-81.5,0
none,2,15,60,0,3,0,7909,-0.145,0.736,56.4,3397,-0.237,0.561,52.8,-81.6,0
none,2,15,60,0,3,24,7909,-0.145,0.736,56.4,3397,-0.237,0.561,52.8,-81.6,0
none,2,15,60,0,3,48,7909,-0.145,0.736,56.4,3397,-0.237,0.561,52.8,-81.6,0
none,2,15,60,0,5,0,7349,-0.135,0.742,56.8,3184,-0.240,0.544,53.4,-80.0,0
none,2,15,60,0,5,24,7349,-0.135,0.742,56.8,3185,-0.240,0.544,53.4,-80.0,0
none,2,15,60,0,5,48,7349,-0.135,0.742,56.8,3184,-0.240,0.544,53.4,-80.0,0
none,2,15,60,2,2,0,8732,-0.159,0.713,55.1,3736,-0.219,0.587,52.4,-81.5,0
none,2,15,60,2,2,24,8732,-0.159,0.713,55.1,3736,-0.219,0.587,52.4,-81.5,0
none,2,15,60,2,2,48,8732,-0.159,0.713,55.1,3736,-0.219,0.587,52.4,-81.5,0
none,2,15,60,2,3,0,7917,-0.147,0.731,56.5,3399,-0.237,0.561,52.9,-81.5,0
none,2,15,60,2,3,24,7917,-0.147,0.731,56.5,3399,-0.237,0.561,52.9,-81.5,0
none,2,15,60,2,3,48,7917,-0.147,0.731,56.5,3399,-0.237,0.561,52.9,-81.5,0
none,2,15,60,2,5,0,7358,-0.136,0.737,56.9,3185,-0.239,0.546,53.4,-79.9,0
none,2,15,60,2,5,24,7358,-0.136,0.737,56.9,3186,-0.239,0.546,53.4,-79.9,0
none,2,15,60,2,5,48,7358,-0.136,0.737,56.9,3185,-0.239,0.546,53.4,-79.9,0
none,2,15,60,3,2,0,8725,-0.160,0.712,55.0,3736,-0.219,0.587,52.4,-81.5,0
none,2,15,60,3,2,24,8725,-0.160,0.712,55.0,3736,-0.219,0.587,52.4,-81.5,0
none,2,15,60,3,2,48,8725,-0.160,0.712,55.0,3736,-0.219,0.587,52.4,-81.5,0
none,2,15,60,3,3,0,7910,-0.146,0.734,56.5,3397,-0.237,0.560,52.8,-81.6,0
none,2,15,60,3,3,24,7910,-0.146,0.734,56.5,3397,-0.237,0.560,52.8,-81.6,0
none,2,15,60,3,3,48,7910,-0.146,0.734,56.5,3397,-0.237,0.560,52.8,-81.6,0
none,2,15,60,3,5,0,7350,-0.136,0.739,56.8,3184,-0.240,0.544,53.4,-80.0,0
none,2,15,60,3,5,24,7350,-0.136,0.739,56.8,3185,-0.240,0.544,53.4,-80.0,0
none,2,15,60,3,5,48,7350,-0.136,0.739,56.8,3184,-0.240,0.544,53.4,-80.0,0
none,2,15,70,0,2,0,8262,-0.158,0.750,55.0,3505,-0.219,0.630,53.6,-80.1,0
none,2,15,70,0,2,24,8262,-0.158,0.750,55.0,3505,-0.219,0.630,53.6,-80.1,0
none,2,15,70,0,2,48,8262,-0.158,0.750,55.0,3505,-0.219,0.630,53.6,-80.1,0
none,2,15,70,0,3,0,7354,-0.140,0.776,57.2,3143,-0.242,0.605,54.1,-80.4,0
none,2,15,70,0,3,24,7354,-0.140,0.776,57.2,3143,-0.242,0.605,54.1,-80.4,0
none,2,15,70,0,3,48,7354,-0.140,0.776,57.2,3143,-0.242,0.605,54.1,-80.4,0
none,2,15,70,0,5,0,6726,-0.129,0.783,57.8,2902,-0.246,0.588,55.0,-78.7,0
none,2,15,70,0,5,24,6726,-0.129,0.783,57.8,2903,-0.247,0.587,55.1,-78.8,0
none,2,15,70,0,5,48,6726,-0.129,0.783,57.8,2902,-0.246,0.588,55.0,-78.7,0
none,2,15,70,2,2,0,8286,-0.157,0.750,55.3,3512,-0.217,0.632,53.8,-79.9,0
none,2,15,70,2,2,24,8286,-0.157,0.750,55.3,3512,-0.217,0.632,53.8,-79.9,0
none,2,15,70,2,2,48,8286,-0.157,0.750,55.3,3512,-0.217,0.632,53.8,-79.9,0
none,2,15,70,2,3,0,7380,-0.142,0.771,57.5,3151,-0.243,0.602,54.3,-80.5,0
none,2,15,70,2,3,24,7380,-0.142,0.771,57.5,3151,-0.243,0.602,54.3,-80.5,0
none,2,15,70,2,3,48,7380,-0.142,0.771,57.5,3151,-0.243,0.602,54.3,-80.5,0
none,2,15,70,2,5,0,6755,-0.125,0.786,58.1,2909,-0.242,0.592,55.2,-78.3,0
none,2,15,70,2,5,24,6755,-0.125,0.786,58.1,2910,-0.243,0.591,55.2,-78.4,0
none,2,15,70,2,5,48,6755,-0.125,0.786,58.1,2909,-0.242,0.592,55.2,-78.3,0
none,2,15,70,3,2,0,8269,-0.161,0.745,55.1,3505,-0.221,0.626,53.6,-80.4,0
none,2,15,70,3,2,24,8269,-0.161,0.745,55.1,3505,-0.221,0.626,53.6,-80.4,0
none,2,15,70,3,2,48,8269,-0.161,0.745,55.1,3505,-0.221,0.626,53.6,-80.4,0
none,2,15,70,3,3,0,7362,-0.144,0.770,57.3,3143,-0.244,0.601,54.2,-80.6,0
none,2,15,70,3,3,24,7362,-0.144,0.770,57.3,3143,-0.244,0.601,54.2,-80.6,0
none,2,15,70,3,3,48,7362,-0.144,0.770,57.3,3143,-0.244,0.601,54.2,-80.6,0
none,2,15,70,3,5,0,6733,-0.131,0.779,57.9,2902,-0.249,0.582,55.0,-79.0,0
none,2,15,70,3,5,24,6733,-0.131,0.779,57.9,2903,-0.250,0.581,55.1,-79.1,0
none,2,15,70,3,5,48,6733,-0.131,0.779,57.9,2902,-0.249,0.582,55.0,-79.0,0
none,3,5,60,0,2,0,957,-0.170,0.788,52.3,506,-0.201,0.725,53.7,-29.2,0
none,3,5,60,0,2,24,957,-0.170,0.788,52.3,506,-0.201,0.725,53.7,-29.2,0
none,3,5,60,0,2,48,957,-0.170,0.788,52.3,506,-0.201,0.725,53.7,-29.2,0
none,3,5,60,0,3,0,876,-0.158,0.816,56.7,469,-0.185,0.756,58.1,-28.3,0
none,3,5,60,0,3,24,876,-0.158,0.816,56.7,469,-0.185,0.756,58.1,-28.3,0
none,3,5,60,0,3,48,876,-0.158,0.816,56.7,469,-0.185,0.756,58.1,-28.3,0
none,3,5,60,0,5,0,819,-0.099,0.881,59.1,435,-0.283,0.677,58.7,-34.8,0
none,3,5,60,0,5,24,819,-0.099,0.881,59.1,435,-0.282,0.678,58.7,-34.6,0
none,3,5,60,0,5,48,819,-0.099,0.881,59.1,435,-0.283,0.677,58.7,-34.8,0
none,3,5,60,2,2,0,957,-0.172,0.781,53.6,506,-0.200,0.725,54.1,-29.2,0
none,3,5,60,2,2,24,957,-0.172,0.781,53.6,506,-0.200,0.725,54.1,-29.2,0
none,3,5,60,2,2,48,957,-0.172,0.781,53.6,506,-0.200,0.725,54.1,-29.2,0
none,3,5,60,2,3,0,876,-0.180,0.786,57.6,469,-0.173,0.768,58.5,-27.9,1
none,3,5,60,2,3,24,876,-0.180,0.786,57.6,469,-0.173,0.768,58.5,-27.9,1
none,3,5,60,2,3,48,876,-0.180,0.786,57.6,469,-0.173,0.768,58.5,-27.9,1
none,3,5,60,2,5,0,819,-0.136,0.833,59.7,435,-0.297,0.656,58.9,-34.6,0
none,3,5,60,2,5,24,819,-0.137,0.833,59.7,435,-0.296,0.657,58.9,-34.5,0
none,3,5,60,2,5,48,819,-0.136,0.833,59.7,435,-0.297,0.656,58.9,-34.6,0
none,3,5,60,3,2,0,957,-0.194,0.759,52.6,506,-0.186,0.744,53.9,-28.7,0
none,3,5,60,3,2,24,957,-0.194,0.759,52.6,506,-0.186,0.744,53.9,-28.7,0
none,3,5,60,3,2,48,957,-0.194,0.759,52.6,506,-0.186,0.744,53.9,-28.7,0
none,3,5,60,3,3,0,876,-0.181,0.789,57.0,469,-0.167,0.778,58.3,-27.7,0
none,3,5,60,3,3,24,876,-0.181,0.789,57.0,469,-0.167,0.778,58.3,-27.7,0
none,3,5,60,3,3,48,876,-0.181,0.789,57.0,469,-0.167,0.778,58.3,-27.7,0
none,3,5,60,3,5,0,819,-0.121,0.854,59.4,435,-0.295,0.662,58.7,-34.8,0
none,3,5,60,3,5,24,819,-0.121,0.853,59.4,435,-0.294,0.663,58.7,-34.6,0
none,3,5,60,3,5,48,819,-0.121,0.854,59.4,435,-0.295,0.662,58.7,-34.8,0
none,3,5,70,0,2,0,955,-0.229,0.761,50.3,504,-0.262,0.695,52.7,-34.7,0
none,3,5,70,0,2,24,955,-0.225,0.764,50.4,504,-0.266,0.692,52.5,-35.0,0
none,3,5,70,0,2,48,955,-0.229,0.761,50.3,504,-0.262,0.695,52.7,-34.7,0
none,3,5,70,0,3,0,870,-0.228,0.782,55.9,461,-0.287,0.695,57.5,-35.8,0
none,3,5,70,0,3,24,870,-0.221,0.787,56.0,461,-0.295,0.689,57.2,-36.2,0
none,3,5,70,0,3,48,870,-0.228,0.782,55.9,461,-0.287,0.695,57.5,-35.8,0
none,3,5,70,0,5,0,802,-0.167,0.840,58.6,420,-0.335,0.670,59.5,-37.2,0
none,3,5,70,0,5,24,804,-0.155,0.850,58.8,421,-0.349,0.660,59.4,-37.8,0
none,3,5,70,0,5,48,802,-0.167,0.840,58.6,420,-0.335,0.670,59.5,-37.2,0
none,3,5,70,2,2,0,956,-0.217,0.762,52.4,504,-0.235,0.719,54.1,-32.7,0
none,3,5,70,2,2,24,956,-0.216,0.764,52.4,504,-0.239,0.716,53.9,-33.0,0
none,3,5,70,2,2,48,956,-0.217,0.762,52.4,504,-0.235,0.719,54.1,-32.7,0
none,3,5,70,2,3,0,871,-0.238,0.761,57.5,461,-0.256,0.720,58.5,-33.6,0
none,3,5,70,2,3,24,871,-0.236,0.763,57.5,461,-0.264,0.714,58.3,-34.0,0
none,3,5,70,2,3,48,871,-0.238,0.761,57.5,461,-0.256,0.720,58.5,-33.6,0
none,3,5,70,2,5,0,804,-0.220,0.780,59.6,420,-0.357,0.644,60.0,-37.4,0
none,3,5,70,2,5,24,806,-0.217,0.782,59.7,421,-0.371,0.634,59.9,-38.2,0
none,3,5,70,2,5,48,804,-0.220,0.780,59.6,420,-0.357,0.644,60.0,-37.4,0
none,3,5,70,3,2,0,955,-0.253,0.734,51.0,504,-0.236,0.722,53.3,-33.3,0
none,3,5,70,3,2,24,955,-0.249,0.737,51.1,504,-0.240,0.719,53.1,-33.5,0
none,3,5,70,3,2,48,955,-0.253,0.734,51.0,504,-0.236,0.722,53.3,-33.3,0
none,3,5,70,3,3,0,870,-0.263,0.747,56.3,461,-0.252,0.729,58.1,-34.0,0
none,3,5,70,3,3,24,870,-0.256,0.752,56.4,461,-0.259,0.723,57.9,-34.4,0
none,3,5,70,3,3,48,870,-0.263,0.747,56.3,461,-0.252,0.729,58.1,-34.0,0
none,3,5,70,3,5,0,802,-0.215,0.792,58.9,420,-0.354,0.651,59.5,-37.5,0
none,3,5,70,3,5,24,804,-0.203,0.801,59.1,421,-0.369,0.641,59.4,-38.1,0
none,3,5,70,3,5,48,802,-0.215,0.792,58.9,420,-0.354,0.651,59.5,-37.5,0
none,3,10,60,0,2,0,2645,-0.136,0.822,55.3,1235,-0.228,0.685,52.0,-49.8,0
none,3,10,60,0,2,24,2645,-0.136,0.822,55.3,1235,-0.228,0.685,52.0,-49.8,0
none,3,10,60,0,2,48,2645,-0.136,0.822,55.3,1235,-0.228,0.685,52.0,-49.8,0
none,3,10,60,0,3,0,2373,-0.096,0.875,59.9,1106,-0.224,0.702,54.6,-48.9,0
none,3,10,60,0,3,24,2373,-0.096,0.875,59.9,1106,-0.225,0.701,54.6,-48.9,0
none,3,10,60,0,3,48,2373,-0.096,0.875,59.9,1106,-0.224,0.702,54.6,-48.9,0
none,3,10,60,0,5,0,2146,-0.066,0.911,61.6,1015,-0.254,0.670,55.9,-50.7,0
none,3,10,60,0,5,24,2146,-0.067,0.911,61.6,1017,-0.254,0.670,55.9,-50.8,0
none,3,10,60,0,5,48,2146,-0.066,0.911,61.6,1015,-0.254,0.670,55.9,-50.7,0
none,3,10,60,2,2,0,2645,-0.136,0.818,56.2,1235,-0.229,0.682,52.3,-49.5,0
none,3,10,60,2,2,24,2645,-0.136,0.818,56.2,1235,-0.229,0.682,52.3,-49.5,0
none,3,10,60,2,2,48,2645,-0.136,0.818,56.2,1235,-0.229,0.682,52.3,-49.5,0
none,3,10,60,2,3,0,2373,-0.102,0.863,60.7,1106,-0.230,0.691,54.8,-49.3,0
none,3,10,60,2,3,24,2373,-0.102,0.863,60.7,1106,-0.231,0.691,54.8,-49.3,0
none,3,10,60,2,3,48,2373,-0.102,0.863,60.7,1106,-0.230,0.691,54.8,-49.3,0
none,3,10,60,2,5,0,2150,-0.073,0.898,62.3,1015,-0.261,0.659,56.0,-50.9,0
none,3,10,60,2,5,24,2150,-0.073,0.898,62.3,1017,-0.261,0.659,56.1,-50.9,0
none,3,10,60,2,5,48,2150,-0.073,0.898,62.3,1015,-0.261,0.659,56.0,-50.9,0
none,3,10,60,3,2,0,2645,-0.147,0.808,55.5,1235,-0.226,0.686,52.1,-49.8,0
none,3,10,60,3,2,24,2645,-0.147,0.808,55.5,1235,-0.226,0.686,52.1,-49.8,0
none,3,10,60,3,2,48,2645,-0.147,0.808,55.5,1235,-0.226,0.686,52.1,-49.8,0
none,3,10,60,3,3,0,2373,-0.105,0.863,60.2,1106,-0.222,0.704,54.7,-48.9,0
none,3,10,60,3,3,24,2373,-0.105,0.863,60.2,1106,-0.222,0.704,54.7,-48.9,0
none,3,10,60,3,3,48,2373,-0.105,0.863,60.2,1106,-0.222,0.704,54.7,-48.9,0
none,3,10,60,3,5,0,2146,-0.070,0.905,61.9,1015,-0.260,0.662,55.9,-51.1,0
none,3,10,60,3,5,24,2146,-0.070,0.904,61.9,1017,-0.260,0.662,55.9,-51.2,0
none,3,10,60,3,5,48,2146,-0.070,0.905,61.9,1015,-0.260,0.662,55.9,-51.1,0
none,3,10,70,0,2,0,2599,-0.148,0.833,53.1,1208,-0.267,0.680,52.8,-53.0,0
none,3,10,70,0,2,24,2600,-0.147,0.834,53.1,1209,-0.268,0.679,52.7,-53.1,0
none,3,10,70,0,2,48,2599,-0.148,0.833,53.1,1208,-0.267,0.680,52.8,-53.0,0
none,3,10,70,0,3,0,2290,-0.100,0.891,58.4,1066,-0.293,0.674,56.9,-53.2,0
none,3,10,70,0,3,24,2295,-0.100,0.890,58.4,1068,-0.298,0.670,56.7,-53.7,0
none,3,10,70,0,3,48,2290,-0.100,0.891,58.4,1066,-0.293,0.674,56.9,-53.2,0
none,3,10,70,0,5,0,2036,-0.067,0.927,61.0,955,-0.312,0.654,59.0,-53.2,0
none,3,10,70,0,5,24,2046,-0.059,0.934,61.0,960,-0.322,0.647,58.8,-53.8,0
none,3,10,70,0,5,48,2036,-0.067,0.927,61.0,955,-0.312,0.654,58.9,-53.2,0
none,3,10,70,2,2,0,2602,-0.148,0.827,54.7,1212,-0.245,0.699,53.9,-50.8,0
none,3,10,70,2,2,24,2602,-0.147,0.828,54.6,1213,-0.246,0.698,53.8,-50.9,0
none,3,10,70,2,2,48,2602,-0.148,0.827,54.7,1212,-0.245,0.699,53.9,-50.8,0
none,3,10,70,2,3,0,2297,-0.115,0.867,59.9,1071,-0.268,0.693,57.9,-51.7,0
none,3,10,70,2,3,24,2300,-0.116,0.866,59.8,1073,-0.273,0.688,57.7,-52.2,0
none,3,10,70,2,3,48,2297,-0.115,0.867,59.9,1071,-0.268,0.693,57.9,-51.7,0
none,3,10,70,2,5,0,2047,-0.096,0.889,61.9,961,-0.301,0.661,59.7,-52.4,0
none,3,10,70,2,5,24,2055,-0.093,0.892,61.9,966,-0.310,0.653,59.5,-53.0,0
none,3,10,70,2,5,48,2047,-0.097,0.888,61.9,961,-0.301,0.661,59.5,-52.4,0
none,3,10,70,3,2,0,2599,-0.161,0.818,53.6,1211,-0.256,0.691,53.1,-52.3,0
none,3,10,70,3,2,24,2600,-0.160,0.819,53.6,1212,-0.257,0.690,52.9,-52.5,0
none,3,10,70,3,2,48,2599,-0.161,0.818,53.6,1211,-0.256,0.691,53.1,-52.3,0
none,3,10,70,3,3,0,2291,-0.113,0.875,58.9,1070,-0.269,0.698,57.3,-52.5,0
none,3,10,70,3,3,24,2296,-0.113,0.874,58.9,1072,-0.274,0.693,57.1,-53.0,0
none,3,10,70,3,3,48,2291,-0.113,0.875,58.9,1070,-0.269,0.698,57.3,-52.5,0
none,3,10,70,3,5,0,2038,-0.076,0.915,61.4,959,-0.305,0.662,59.2,-53.6,0
none,3,10,70,3,5,24,2048,-0.070,0.921,61.4,964,-0.314,0.654,59.0,-54.1,0
none,3,10,70,3,5,48,2038,-0.076,0.914,61.4,959,-0.305,0.662,59.0,-53.6,0
none,3,15,60,0,2,0,4339,-0.145,0.806,55.0,1926,-0.199,0.706,54.9,-58.7,0
none,3,15,60,0,2,24,4339,-0.145,0.806,55.0,1926,-0.199,0.706,54.9,-58.7,0
none,3,15,60,0,2,48,4339,-0.145,0.806,55.0,1926,-0.199,0.706,54.9,-58.7,0
none,3,15,60,0,3,0,3843,-0.120,0.841,58.8,1697,-0.203,0.708,56.7,-57.8,0
none,3,15,60,0,3,24,3843,-0.120,0.841,58.8,1698,-0.203,0.708,56.7,-57.8,0
none,3,15,60,0,3,48,3843,-0.120,0.841,58.8,1697,-0.203,0.708,56.7,-57.8,0
none,3,15,60,0,5,0,3442,-0.088,0.878,60.0,1553,-0.204,0.705,57.8,-56.0,0
none,3,15,60,0,5,24,3443,-0.089,0.876,60.0,1554,-0.205,0.702,57.7,-56.2,0
none,3,15,60,0,5,48,3442,-0.088,0.878,60.0,1553,-0.204,0.705,57.8,-56.0,0
none,3,15,60,2,2,0,4346,-0.148,0.799,55.6,1929,-0.195,0.710,55.3,-58.0,0
none,3,15,60,2,2,24,4346,-0.148,0.799,55.6,1929,-0.195,0.710,55.3,-58.0,0
none,3,15,60,2,2,48,4346,-0.148,0.799,55.6,1929,-0.195,0.710,55.3,-58.0,0
none,3,15,60,2,3,0,3851,-0.126,0.828,59.4,1703,-0.200,0.710,57.0,-57.4,0
none,3,15,60,2,3,24,3851,-0.126,0.828,59.4,1704,-0.200,0.710,57.1,-57.4,0
none,3,15,60,2,3,48,3851,-0.126,0.828,59.4,1703,-0.200,0.710,57.0,-57.4,0
none,3,15,60,2,5,0,3457,-0.094,0.866,60.5,1558,-0.203,0.704,58.0,-55.9,0
none,3,15,60,2,5,24,3458,-0.096,0.864,60.5,1559,-0.204,0.701,57.9,-56.1,0
none,3,15,60,2,5,48,3457,-0.094,0.866,60.5,1558,-0.203,0.704,58.0,-55.9,0
none,3,15,60,3,2,0,4340,-0.152,0.796,55.2,1926,-0.200,0.704,54.9,-58.8,0
none,3,15,60,3,2,24,4340,-0.152,0.796,55.2,1926,-0.200,0.704,54.9,-58.8,0
none,3,15,60,3,2,48,4340,-0.152,0.796,55.2,1926,-0.200,0.704,54.9,-58.8,0
none,3,15,60,3,3,0,3844,-0.130,0.827,59.0,1697,-0.204,0.706,56.7,-57.8,0
none,3,15,60,3,3,24,3844,-0.130,0.827,59.0,1698,-0.204,0.706,56.8,-57.8,0
none,3,15,60,3,3,48,3844,-0.130,0.827,59.0,1697,-0.204,0.706,56.7,-57.8,0
none,3,15,60,3,5,0,3444,-0.098,0.863,60.1,1553,-0.211,0.695,57.8,-56.6,0
none,3,15,60,3,5,24,3445,-0.099,0.861,60.1,1554,-0.212,0.692,57.7,-56.8,0
none,3,15,60,3,5,48,3444,-0.098,0.863,60.1,1553,-0.211,0.695,57.8,-56.6,0
none,3,15,70,0,2,0,4133,-0.165,0.812,53.0,1834,-0.237,0.700,53.6,-61.7,0
none,3,15,70,0,2,24,4134,-0.164,0.813,53.0,1835,-0.239,0.698,53.4,-62.0,0
none,3,15,70,0,2,48,4133,-0.165,0.812,53.0,1834,-0.237,0.700,53.6,-61.7,0
none,3,15,70,0,3,0,3568,-0.129,0.858,57.6,1589,-0.264,0.686,56.6,-62.0,0
none,3,15,70,0,3,24,3573,-0.129,0.858,57.6,1592,-0.266,0.685,56.5,-62.1,0
none,3,15,70,0,3,48,3568,-0.129,0.858,57.6,1589,-0.264,0.686,56.6,-62.0,0
none,3,15,70,0,5,0,3128,-0.093,0.894,60.1,1412,-0.283,0.669,58.1,-60.7,0
none,3,15,70,0,5,24,3148,-0.092,0.895,59.9,1424,-0.287,0.665,57.9,-61.0,0
none,3,15,70,0,5,48,3128,-0.094,0.894,60.1,1412,-0.283,0.669,58.1,-60.7,0
none,3,15,70,2,2,0,4160,-0.171,0.799,54.2,1844,-0.213,0.724,54.7,-59.0,0
none,3,15,70,2,2,24,4160,-0.171,0.800,54.2,1845,-0.215,0.722,54.5,-59.3,0
none,3,15,70,2,2,48,4160,-0.171,0.799,54.2,1844,-0.213,0.724,54.7,-59.0,0
none,3,15,70,2,3,0,3600,-0.142,0.836,58.9,1602,-0.244,0.703,57.6,-60.5,0
none,3,15,70,2,3,24,3603,-0.142,0.836,58.8,1605,-0.246,0.701,57.5,-60.6,0
none,3,15,70,2,3,48,3600,-0.142,0.836,58.9,1602,-0.244,0.703,57.6,-60.5,0
none,3,15,70,2,5,0,3166,-0.113,0.867,60.9,1426,-0.267,0.681,58.9,-59.4,0
none,3,15,70,2,5,24,3184,-0.112,0.867,60.8,1438,-0.271,0.676,58.6,-59.7,0
none,3,15,70,2,5,48,3166,-0.113,0.867,60.9,1426,-0.267,0.681,58.9,-59.4,0
none,3,15,70,3,2,0,4141,-0.175,0.800,53.4,1836,-0.231,0.705,53.8,-61.1,0
none,3,15,70,3,2,24,4142,-0.174,0.801,53.4,1837,-0.233,0.704,53.6,-61.4,0
none,3,15,70,3,2,48,4141,-0.175,0.800,53.4,1836,-0.231,0.705,53.8,-61.1,0
none,3,15,70,3,3,0,3578,-0.145,0.839,58.0,1593,-0.256,0.694,56.9,-61.4,0
none,3,15,70,3,3,24,3583,-0.144,0.839,58.0,1596,-0.258,0.693,56.7,-61.5,0
none,3,15,70,3,3,48,3578,-0.145,0.839,58.0,1593,-0.256,0.694,56.9,-61.4,0
none,3,15,70,3,5,0,3139,-0.110,0.873,60.3,1417,-0.279,0.673,58.3,-60.4,0
none,3,15,70,3,5,24,3159,-0.108,0.874,60.2,1429,-0.283,0.668,58.1,-60.6,0
none,3,15,70,3,5,48,3139,-0.110,0.873,60.3,1417,-0.279,0.673,58.3,-60.4,0
none,4,5,60,0,2,0,309,-0.187,0.817,49.3,173,-0.553,0.513,43.5,-24.0,0
none,4,5,60,0,2,24,309,-0.188,0.816,49.3,173,-0.552,0.513,42.9,-24.0,0
none,4,5,60,0,2,48,309,-0.187,0.817,49.3,173,-0.553,0.513,43.5,-24.0,0
none,4,5,60,0,3,0,290,-0.245,0.790,54.6,161,-0.702,0.479,46.6,-26.4,0
none,4,5,60,0,3,24,290,-0.243,0.791,54.6,161,-0.697,0.480,46.6,-26.3,0
none,4,5,60,0,3,48,290,-0.245,0.790,54.6,161,-0.702,0.479,46.6,-26.4,0
none,4,5,60,0,5,0,275,-0.129,0.898,60.1,146,-0.713,0.488,52.3,-25.9,0
none,4,5,60,0,5,24,275,-0.123,0.902,60.1,146,-0.717,0.486,52.3,-26.0,0
none,4,5,60,0,5,48,275,-0.129,0.898,60.1,146,-0.713,0.488,52.3,-25.9,0
none,4,5,60,2,2,0,309,-0.085,0.908,53.9,173,-0.523,0.521,45.4,-22.4,0
none,4,5,60,2,2,24,309,-0.085,0.908,53.9,173,-0.523,0.520,44.8,-22.4,0
none,4,5,60,2,2,48,309,-0.085,0.908,53.9,173,-0.523,0.521,45.4,-22.4,0
none,4,5,60,2,3,0,290,-0.118,0.886,59.1,161,-0.629,0.507,49.1,-24.3,0
none,4,5,60,2,3,24,290,-0.117,0.888,59.1,161,-0.624,0.508,49.1,-24.2,0
none,4,5,60,2,3,48,290,-0.118,0.886,59.1,161,-0.629,0.507,49.1,-24.3,0
none,4,5,60,2,5,0,275,-0.084,0.924,63.4,146,-0.710,0.479,53.0,-25.2,0
none,4,5,60,2,5,24,275,-0.075,0.932,63.4,146,-0.714,0.477,53.0,-25.3,0
none,4,5,60,2,5,48,275,-0.084,0.924,63.4,146,-0.710,0.479,53.0,-25.2,0
none,4,5,60,3,2,0,309,-0.178,0.821,50.9,173,-0.531,0.528,44.1,-23.2,0
none,4,5,60,3,2,24,309,-0.178,0.820,50.9,173,-0.530,0.527,43.5,-23.2,0
none,4,5,60,3,2,48,309,-0.178,0.821,50.9,173,-0.531,0.528,44.1,-23.2,0
none,4,5,60,3,3,0,290,-0.215,0.805,56.3,161,-0.672,0.494,47.2,-25.5,0
none,4,5,60,3,3,24,290,-0.213,0.807,56.3,161,-0.667,0.496,47.2,-25.4,0
none,4,5,60,3,3,48,290,-0.215,0.805,56.3,161,-0.672,0.494,47.2,-25.5,0
none,4,5,60,3,5,0,275,-0.163,0.860,60.9,146,-0.730,0.476,52.3,-26.2,0
none,4,5,60,3,5,24,275,-0.157,0.864,60.9,146,-0.734,0.474,52.3,-26.2,0
none,4,5,60,3,5,48,275,-0.163,0.860,60.9,146,-0.730,0.476,52.3,-26.2,0
none,4,5,70,0,2,0,309,-0.108,0.902,45.6,173,-0.630,0.506,38.3,-26.7,0
none,4,5,70,0,2,24,309,-0.142,0.874,44.5,173,-0.609,0.515,38.1,-26.2,0
none,4,5,70,0,2,48,309,-0.108,0.902,45.6,173,-0.630,0.506,38.3,-26.7,0
none,4,5,70,0,3,0,290,-0.188,0.861,52.2,160,-0.806,0.475,41.9,-29.8,0
none,4,5,70,0,3,24,290,-0.224,0.834,50.9,160,-0.821,0.464,41.2,-29.8,0
none,4,5,70,0,3,48,290,-0.188,0.861,52.2,160,-0.806,0.475,41.9,-29.8,0
none,4,5,70,0,5,0,274,-0.125,0.917,58.6,144,-0.916,0.459,47.4,-30.6,0
none,4,5,70,0,5,24,275,-0.122,0.919,57.4,144,-0.844,0.473,46.7,-29.1,0
none,4,5,70,0,5,48,274,-0.118,0.921,58.6,144,-0.916,0.459,47.4,-30.6,0
none,4,5,70,2,2,0,309,-0.085,0.913,51.1,173,-0.568,0.527,41.8,-23.2,0
none,4,5,70,2,2,24,309,-0.104,0.894,50.1,173,-0.547,0.537,41.7,-22.6,0
none,4,5,70,2,2,48,309,-0.085,0.913,51.1,173,-0.568,0.527,41.8,-23.2,0
none,4,5,70,2,3,0,290,-0.162,0.860,57.5,160,-0.690,0.514,46.1,-25.7,0
none,4,5,70,2,3,24,290,-0.183,0.843,56.1,160,-0.705,0.501,45.5,-25.7,0
none,4,5,70,2,3,48,290,-0.162,0.860,57.5,160,-0.690,0.514,46.1,-25.7,0
none,4,5,70,2,5,0,274,-0.165,0.866,62.7,144,-0.779,0.496,50.7,-27.2,0
none,4,5,70,2,5,24,275,-0.175,0.858,61.0,144,-0.753,0.496,50.0,-26.1,0
none,4,5,70,2,5,48,274,-0.159,0.870,62.7,144,-0.779,0.496,50.7,-27.2,0
none,4,5,70,3,2,0,309,-0.176,0.836,47.5,173,-0.615,0.513,39.3,-25.3,0
none,4,5,70,3,2,24,309,-0.198,0.818,46.5,173,-0.594,0.522,39.2,-24.7,0
none,4,5,70,3,2,48,309,-0.176,0.836,47.5,173,-0.615,0.513,39.3,-25.3,0
none,4,5,70,3,3,0,290,-0.246,0.804,54.3,160,-0.784,0.480,43.0,-28.3,0
none,4,5,70,3,3,24,290,-0.270,0.786,53.0,160,-0.799,0.468,42.4,-28.3,0
none,4,5,70,3,3,48,290,-0.246,0.804,54.3,160,-0.784,0.480,43.0,-28.3,0
none,4,5,70,3,5,0,274,-0.232,0.826,60.1,144,-0.921,0.448,48.0,-30.2,0
none,4,5,70,3,5,24,275,-0.230,0.826,58.5,144,-0.873,0.454,47.3,-28.9,0
none,4,5,70,3,5,48,274,-0.226,0.830,60.1,144,-0.921,0.448,48.0,-30.2,0
none,4,10,60,0,2,0,1229,-0.149,0.835,51.9,629,-0.296,0.670,50.6,-40.3,0
none,4,10,60,0,2,24,1229,-0.149,0.835,51.9,630,-0.296,0.670,50.5,-40.4,0
none,4,10,60,0,2,48,1229,-0.149,0.835,51.9,629,-0.296,0.670,50.6,-40.3,0
none,4,10,60,0,3,0,1098,-0.134,0.865,57.8,566,-0.299,0.693,55.8,-40.0,0
none,4,10,60,0,3,24,1099,-0.130,0.867,57.9,566,-0.301,0.692,55.8,-40.0,0
none,4,10,60,0,3,48,1098,-0.134,0.865,57.8,566,-0.299,0.693,55.8,-40.0,0
none,4,10,60,0,5,0,987,-0.107,0.894,60.1,513,-0.394,0.630,56.7,-44.4,0
none,4,10,60,0,5,24,990,-0.104,0.896,60.2,514,-0.406,0.622,56.7,-44.7,0
none,4,10,60,0,5,48,987,-0.107,0.894,60.1,513,-0.394,0.630,56.7,-44.4,0
none,4,10,60,2,2,0,1230,-0.154,0.823,53.7,629,-0.278,0.682,51.7,-38.2,0
none,4,10,60,2,2,24,1230,-0.154,0.823,53.7,630,-0.278,0.682,51.6,-38.2,0
none,4,10,60,2,2,48,1230,-0.154,0.823,53.7,629,-0.278,0.682,51.7,-38.2,0
none,4,10,60,2,3,0,1099,-0.160,0.831,59.2,566,-0.299,0.686,56.5,-39.5,0
none,4,10,60,2,3,24,1100,-0.157,0.833,59.3,566,-0.301,0.684,56.5,-39.7,0
none,4,10,60,2,3,48,1099,-0.160,0.831,59.2,566,-0.299,0.686,56.5,-39.5,0
none,4,10,60,2,5,0,991,-0.182,0.814,60.8,513,-0.407,0.611,57.2,-44.6,0
none,4,10,60,2,5,24,994,-0.178,0.817,60.9,514,-0.419,0.603,57.3,-45.0,0
none,4,10,60,2,5,48,991,-0.182,0.814,60.8,513,-0.407,0.611,57.2,-44.6,0
none,4,10,60,3,2,0,1229,-0.167,0.814,52.7,629,-0.283,0.681,51.0,-39.7,0
none,4,10,60,3,2,24,1229,-0.168,0.813,52.7,630,-0.283,0.681,50.9,-39.8,0
none,4,10,60,3,2,48,1229,-0.167,0.814,52.7,629,-0.283,0.681,51.0,-39.7,0
none,4,10,60,3,3,0,1098,-0.159,0.837,58.4,566,-0.285,0.705,56.1,-39.4,0
none,4,10,60,3,3,24,1099,-0.156,0.839,58.4,566,-0.287,0.703,56.1,-39.4,0
none,4,10,60,3,3,48,1098,-0.159,0.837,58.4,566,-0.285,0.705,56.1,-39.4,0
none,4,10,60,3,5,0,987,-0.145,0.854,60.4,513,-0.409,0.615,56.7,-45.1,0
none,4,10,60,3,5,24,990,-0.142,0.856,60.5,514,-0.421,0.608,56.7,-45.4,0
none,4,10,60,3,5,48,987,-0.145,0.854,60.4,513,-0.409,0.615,56.7,-45.1,0
none,4,10,70,0,2,0,1220,-0.143,0.863,48.0,619,-0.341,0.677,46.6,-44.9,0
none,4,10,70,0,2,24,1223,-0.156,0.851,47.7,623,-0.315,0.693,46.9,-43.6,0
none,4,10,70,0,2,48,1220,-0.143,0.863,48.0,619,-0.341,0.677,46.6,-44.9,0
none,4,10,70,0,3,0,1078,-0.149,0.873,55.1,552,-0.336,0.712,53.7,-45.1,0
none,4,10,70,0,3,24,1085,-0.157,0.866,54.7,557,-0.315,0.720,53.4,-43.9,0
none,4,10,70,0,3,48,1078,-0.149,0.873,55.1,552,-0.336,0.711,53.7,-45.1,0
none,4,10,70,0,5,0,958,-0.100,0.917,60.7,488,-0.441,0.654,55.8,-48.6,0
none,4,10,70,0,5,24,970,-0.129,0.895,59.7,497,-0.427,0.655,54.8,-47.3,0
none,4,10,70,0,5,48,958,-0.096,0.921,60.7,488,-0.443,0.653,55.8,-48.7,0
none,4,10,70,2,2,0,1222,-0.159,0.837,51.4,622,-0.297,0.702,49.3,-41.1,0
none,4,10,70,2,2,24,1225,-0.166,0.830,51.1,626,-0.281,0.713,49.2,-40.2,0
none,4,10,70,2,2,48,1222,-0.159,0.837,51.4,622,-0.297,0.702,49.3,-41.1,0
none,4,10,70,2,3,0,1083,-0.156,0.854,58.6,554,-0.308,0.721,55.7,-42.0,0
none,4,10,70,2,3,24,1089,-0.164,0.846,58.0,559,-0.302,0.721,55.0,-41.7,0
none,4,10,70,2,3,48,1083,-0.156,0.854,58.6,554,-0.308,0.721,55.7,-42.0,0
none,4,10,70,2,5,0,967,-0.154,0.862,62.8,491,-0.438,0.639,57.1,-47.8,0
none,4,10,70,2,5,24,977,-0.178,0.843,62.1,500,-0.452,0.625,55.9,-47.9,0
none,4,10,70,2,5,48,967,-0.151,0.864,62.8,491,-0.439,0.638,57.1,-47.8,0
none,4,10,70,3,2,0,1220,-0.168,0.836,49.4,622,-0.298,0.710,47.8,-42.0,0
none,4,10,70,3,2,24,1223,-0.174,0.829,49.1,626,-0.283,0.721,47.8,-41.3,0
none,4,10,70,3,2,48,1220,-0.168,0.836,49.4,622,-0.298,0.710,47.8,-42.0,0
none,4,10,70,3,3,0,1080,-0.168,0.851,56.7,554,-0.284,0.750,54.8,-42.3,0
none,4,10,70,3,3,24,1086,-0.173,0.846,56.2,559,-0.278,0.751,54.1,-41.7,0
none,4,10,70,3,3,48,1080,-0.169,0.851,56.7,554,-0.284,0.750,54.8,-42.3,0
none,4,10,70,3,5,0,961,-0.127,0.890,61.8,490,-0.428,0.659,56.4,-47.9,0
none,4,10,70,3,5,24,972,-0.151,0.871,60.9,499,-0.441,0.646,55.0,-47.9,0
none,4,10,70,3,5,48,961,-0.122,0.894,61.8,490,-0.428,0.658,56.4,-47.9,0
none,4,15,60,0,2,0,2550,-0.156,0.824,53.3,1140,-0.301,0.647,50.8,-54.7,0
none,4,15,60,0,2,24,2550,-0.156,0.824,53.3,1141,-0.300,0.647,50.8,-54.6,0
none,4,15,60,0,2,48,2550,-0.156,0.824,53.3,1140,-0.301,0.647,50.8,-54.7,0
none,4,15,60,0,3,0,2223,-0.108,0.881,59.3,1011,-0.306,0.667,55.4,-52.4,0
none,4,15,60,0,3,24,2226,-0.109,0.880,59.2,1012,-0.307,0.666,55.5,-52.5,0
none,4,15,60,0,3,48,2223,-0.108,0.881,59.3,1011,-0.306,0.667,55.4,-52.4,0
none,4,15,60,0,5,0,1956,-0.052,0.943,62.0,895,-0.342,0.638,57.0,-53.0,0
none,4,15,60,0,5,24,1962,-0.051,0.943,62.0,902,-0.345,0.636,57.3,-53.3,0
none,4,15,60,0,5,48,1956,-0.052,0.943,62.0,895,-0.342,0.638,57.0,-53.0,0
none,4,15,60,2,2,0,2552,-0.147,0.828,55.0,1142,-0.282,0.660,51.9,-52.5,0
none,4,15,60,2,2,24,2552,-0.146,0.828,55.0,1143,-0.282,0.660,51.9,-52.5,0
none,4,15,60,2,2,48,2552,-0.147,0.828,55.0,1142,-0.282,0.660,51.9,-52.5,0
none,4,15,60,2,3,0,2229,-0.111,0.871,60.8,1013,-0.292,0.674,56.3,-51.0,0
none,4,15,60,2,3,24,2231,-0.112,0.870,60.8,1014,-0.293,0.673,56.4,-51.0,0
none,4,15,60,2,3,48,2229,-0.111,0.871,60.8,1013,-0.292,0.674,56.3,-51.0,0
none,4,15,60,2,5,0,1968,-0.067,0.923,63.0,897,-0.341,0.630,57.6,-52.7,0
none,4,15,60,2,5,24,1973,-0.066,0.923,63.0,904,-0.344,0.628,57.9,-53.0,0
none,4,15,60,2,5,48,1968,-0.067,0.923,63.0,897,-0.341,0.630,57.6,-52.7,0
none,4,15,60,3,2,0,2550,-0.166,0.811,53.8,1140,-0.298,0.649,51.1,-54.2,0
none,4,15,60,3,2,24,2550,-0.166,0.811,53.8,1141,-0.297,0.649,51.0,-54.2,0
none,4,15,60,3,2,48,2550,-0.166,0.811,53.8,1140,-0.298,0.649,51.1,-54.2,0
none,4,15,60,3,3,0,2224,-0.117,0.870,59.8,1011,-0.300,0.672,55.7,-51.9,0
none,4,15,60,3,3,24,2227,-0.118,0.869,59.8,1012,-0.301,0.671,55.7,-52.0,0
none,4,15,60,3,3,48,2224,-0.117,0.870,59.8,1011,-0.300,0.672,55.7,-51.9,0
none,4,15,60,3,5,0,1958,-0.061,0.932,62.4,895,-0.347,0.630,57.1,-53.2,0
none,4,15,60,3,5,24,1964,-0.060,0.933,62.4,902,-0.350,0.629,57.4,-53.5,0
none,4,15,60,3,5,48,1958,-0.061,0.932,62.4,895,-0.347,0.630,57.1,-53.2,0
none,4,15,70,0,2,0,2481,-0.169,0.834,48.9,1100,-0.349,0.653,48.5,-60.6,0
none,4,15,70,0,2,24,2491,-0.179,0.825,48.4,1107,-0.351,0.647,47.6,-60.8,0
none,4,15,70,0,2,48,2481,-0.169,0.834,48.9,1100,-0.349,0.653,48.5,-60.6,0
none,4,15,70,0,3,0,2121,-0.127,0.883,56.6,952,-0.365,0.669,55.4,-58.8,0
none,4,15,70,0,3,24,2141,-0.133,0.876,55.8,963,-0.362,0.666,53.9,-58.3,0
none,4,15,70,0,3,48,2121,-0.127,0.883,56.6,952,-0.365,0.669,55.4,-58.8,0
none,4,15,70,0,5,0,1819,-0.069,0.936,61.8,821,-0.409,0.646,58.8,-59.3,0
none,4,15,70,0,5,24,1863,-0.071,0.934,61.0,850,-0.404,0.640,56.8,-58.8,0
none,4,15,70,0,5,48,1820,-0.068,0.937,61.7,821,-0.410,0.645,58.8,-59.4,0
none,4,15,70,2,2,0,2495,-0.167,0.826,52.0,1113,-0.297,0.691,50.7,-55.7,0
none,4,15,70,2,2,24,2504,-0.173,0.820,51.5,1119,-0.300,0.687,50.0,-56.1,0
none,4,15,70,2,2,48,2495,-0.167,0.826,52.0,1113,-0.297,0.691,50.7,-55.7,0
none,4,15,70,2,3,0,2142,-0.125,0.875,59.6,968,-0.310,0.706,57.3,-54.1,0
none,4,15,70,2,3,24,2159,-0.130,0.869,58.7,976,-0.308,0.703,56.2,-53.9,0
none,4,15,70,2,3,48,2142,-0.125,0.875,59.6,968,-0.310,0.706,57.3,-54.1,0
none,4,15,70,2,5,0,1848,-0.091,0.910,64.0,837,-0.386,0.655,60.0,-58.0,0
none,4,15,70,2,5,24,1886,-0.092,0.909,63.2,863,-0.391,0.645,58.3,-58.2,0
none,4,15,70,2,5,48,1849,-0.091,0.910,64.0,837,-0.386,0.655,60.0,-58.0,0
none,4,15,70,3,2,0,2485,-0.192,0.809,49.8,1108,-0.328,0.670,49.1,-58.5,0
none,4,15,70,3,2,24,2495,-0.199,0.803,49.4,1114,-0.332,0.664,48.2,-59.0,0
none,4,15,70,3,2,48,2485,-0.192,0.809,49.8,1108,-0.328,0.670,49.1,-58.5,0
none,4,15,70,3,3,0,2127,-0.148,0.861,57.6,961,-0.337,0.691,56.0,-56.8,0
none,4,15,70,3,3,24,2146,-0.152,0.856,56.8,969,-0.340,0.684,54.6,-56.9,0
none,4,15,70,3,3,48,2127,-0.148,0.861,57.6,961,-0.337,0.691,56.0,-56.8,0
none,4,15,70,3,5,0,1825,-0.094,0.912,62.6,830,-0.393,0.657,59.3,-58.6,0
none,4,15,70,3,5,24,1868,-0.094,0.912,61.8,856,-0.403,0.642,57.2,-59.1,0
none,4,15,70,3,5,48,1826,-0.093,0.913,62.6,830,-0.393,0.657,59.3,-58.6,0
sma100,2,5,60,0,2,0,915,-0.135,0.730,55.0,441,-0.192,0.577,52.0,-17.7,0
sma100,2,5,60,0,2,24,915,-0.135,0.730,55.0,441,-0.192,0.577,52.0,-17.7,0
sma100,2,5,60,0,2,48,915,-0.135,0.730,55.0,441,-0.192,0.577,52.0,-17.7,0
sma100,2,5,60,0,3,0,878,-0.112,0.769,56.1,429,-0.182,0.586,52.2,-16.6,0
sma100,2,5,60,0,3,24,878,-0.112,0.769,56.1,429,-0.182,0.586,52.2,-16.6,0
sma100,2,5,60,0,3,48,878,-0.112,0.769,56.1,429,-0.182,0.586,52.2,-16.6,0
sma100,2,5,60,0,5,0,865,-0.081,0.824,56.5,423,-0.184,0.583,52.2,-16.8,0
sma100,2,5,60,0,5,24,865,-0.081,0.824,56.5,423,-0.184,0.583,52.2,-16.8,0
sma100,2,5,60,0,5,48,865,-0.081,0.824,56.5,423,-0.184,0.583,52.2,-16.8,0
sma100,2,5,60,2,2,0,915,-0.117,0.758,55.4,441,-0.192,0.577,52.0,-17.7,0
sma100,2,5,60,2,2,24,915,-0.117,0.758,55.4,441,-0.192,0.577,52.0,-17.7,0
sma100,2,5,60,2,2,48,915,-0.117,0.758,55.4,441,-0.192,0.577,52.0,-17.7,0
sma100,2,5,60,2,3,0,878,-0.116,0.761,56.2,429,-0.182,0.586,52.2,-16.6,0
sma100,2,5,60,2,3,24,878,-0.116,0.761,56.2,429,-0.182,0.586,52.2,-16.6,0
sma100,2,5,60,2,3,48,878,-0.116,0.761,56.2,429,-0.182,0.586,52.2,-16.6,0
sma100,2,5,60,2,5,0,865,-0.082,0.819,56.6,423,-0.184,0.583,52.2,-16.8,0
sma100,2,5,60,2,5,24,865,-0.082,0.819,56.6,423,-0.184,0.583,52.2,-16.8,0
sma100,2,5,60,2,5,48,865,-0.082,0.819,56.6,423,-0.184,0.583,52.2,-16.8,0
sma100,2,5,60,3,2,0,915,-0.131,0.735,55.1,441,-0.192,0.577,52.0,-17.7,0
sma100,2,5,60,3,2,24,915,-0.131,0.735,55.1,441,-0.192,0.577,52.0,-17.7,0
sma100,2,5,60,3,2,48,915,-0.131,0.735,55.1,441,-0.192,0.577,52.0,-17.7,0
sma100,2,5,60,3,3,0,878,-0.115,0.764,56.1,429,-0.182,0.586,52.2,-16.6,0
sma100,2,5,60,3,3,24,878,-0.115,0.764,56.1,429,-0.182,0.586,52.2,-16.6,0
sma100,2,5,60,3,3,48,878,-0.115,0.764,56.1,429,-0.182,0.586,52.2,-16.6,0
sma100,2,5,60,3,5,0,865,-0.084,0.817,56.5,423,-0.184,0.583,52.2,-16.8,0
sma100,2,5,60,3,5,24,865,-0.084,0.817,56.5,423,-0.184,0.583,52.2,-16.8,0
sma100,2,5,60,3,5,48,865,-0.084,0.817,56.5,423,-0.184,0.583,52.2,-16.8,0
sma100,2,5,70,0,2,0,909,-0.111,0.793,56.0,434,-0.181,0.637,53.4,-17.6,0
sma100,2,5,70,0,2,24,909,-0.111,0.793,56.0,434,-0.181,0.637,53.4,-17.6,0
sma100,2,5,70,0,2,48,909,-0.111,0.793,56.0,434,-0.181,0.637,53.4,-17.6,0
sma100,2,5,70,0,3,0,871,-0.086,0.832,57.6,420,-0.152,0.679,54.5,-15.7,0
sma100,2,5,70,0,3,24,871,-0.086,0.832,57.6,420,-0.152,0.679,54.5,-15.7,0
sma100,2,5,70,0,3,48,871,-0.086,0.832,57.6,420,-0.152,0.679,54.5,-15.7,0
sma100,2,5,70,0,5,0,857,-0.033,0.928,58.6,414,-0.168,0.653,54.3,-16.9,0
sma100,2,5,70,0,5,24,857,-0.033,0.928,58.6,414,-0.168,0.653,54.3,-16.9,0
sma100,2,5,70,0,5,48,857,-0.033,0.928,58.6,414,-0.168,0.653,54.3,-16.9,0
sma100,2,5,70,2,2,0,909,-0.097,0.814,56.5,434,-0.185,0.632,53.4,-17.8,0
sma100,2,5,70,2,2,24,909,-0.097,0.814,56.5,434,-0.185,0.632,53.4,-17.8,0
sma100,2,5,70,2,2,48,909,-0.097,0.814,56.5,434,-0.185,0.632,53.4,-17.8,0
sma100,2,5,70,2,3,0,871,-0.099,0.807,57.7,420,-0.156,0.673,54.5,-15.9,0
sma100,2,5,70,2,3,24,871,-0.099,0.807,57.7,420,-0.156,0.673,54.5,-15.9,0
sma100,2,5,70,2,3,48,871,-0.099,0.807,57.7,420,-0.156,0.673,54.5,-15.9,0
sma100,2,5,70,2,5,0,857,-0.041,0.909,58.7,414,-0.168,0.653,54.3,-16.9,0
sma100,2,5,70,2,5,24,857,-0.041,0.909,58.7,414,-0.168,0.653,54.3,-16.9,0
sma100,2,5,70,2,5,48,857,-0.041,0.909,58.7,414,-0.168,0.653,54.3,-16.9,0
sma100,2,5,70,3,2,0,909,-0.108,0.796,56.1,434,-0.181,0.637,53.4,-17.6,0
sma100,2,5,70,3,2,24,909,-0.108,0.796,56.1,434,-0.181,0.637,53.4,-17.6,0
sma100,2,5,70,3,2,48,909,-0.108,0.796,56.1,434,-0.181,0.637,53.4,-17.6,0
sma100,2,5,70,3,3,0,871,-0.095,0.816,57.6,420,-0.152,0.679,54.5,-15.7,0
sma100,2,5,70,3,3,24,871,-0.095,0.816,57.6,420,-0.152,0.679,54.5,-15.7,0
sma100,2,5,70,3,3,48,871,-0.095,0.816,57.6,420,-0.152,0.679,54.5,-15.7,0
sma100,2,5,70,3,5,0,857,-0.042,0.910,58.6,414,-0.168,0.653,54.3,-16.9,0
sma100,2,5,70,3,5,24,857,-0.042,0.910,58.6,414,-0.168,0.653,54.3,-16.9,0
sma100,2,5,70,3,5,48,857,-0.042,0.910,58.6,414,-0.168,0.653,54.3,-16.9,0
sma100,2,10,60,0,2,0,2118,-0.150,0.706,54.7,857,-0.209,0.540,50.6,-31.9,0
sma100,2,10,60,0,2,24,2118,-0.150,0.706,54.7,857,-0.209,0.540,50.6,-31.9,0
sma100,2,10,60,0,2,48,2118,-0.150,0.706,54.7,857,-0.209,0.540,50.6,-31.9,0
sma100,2,10,60,0,3,0,2022,-0.133,0.733,55.6,825,-0.211,0.528,50.1,-31.2,0
sma100,2,10,60,0,3,24,2022,-0.133,0.733,55.6,825,-0.211,0.528,50.1,-31.2,0
sma100,2,10,60,0,3,48,2022,-0.133,0.733,55.6,825,-0.211,0.528,50.1,-31.2,0
sma100,2,10,60,0,5,0,1978,-0.107,0.773,56.3,817,-0.204,0.536,50.2,-30.9,0
sma100,2,10,60,0,5,24,1978,-0.107,0.773,56.3,817,-0.205,0.536,50.2,-31.0,0
sma100,2,10,60,0,5,48,1978,-0.107,0.773,56.3,817,-0.204,0.536,50.2,-30.9,0
sma100,2,10,60,2,2,0,2118,-0.143,0.717,54.8,857,-0.209,0.540,50.6,-31.9,0
sma100,2,10,60,2,2,24,2118,-0.143,0.717,54.8,857,-0.209,0.540,50.6,-31.9,0
sma100,2,10,60,2,2,48,2118,-0.143,0.717,54.8,857,-0.209,0.540,50.6,-31.9,0
sma100,2,10,60,2,3,0,2022,-0.135,0.729,55.7,825,-0.211,0.528,50.1,-31.2,0
sma100,2,10,60,2,3,24,2022,-0.135,0.729,55.7,825,-0.211,0.528,50.1,-31.2,0
sma100,2,10,60,2,3,48,2022,-0.135,0.729,55.7,825,-0.211,0.528,50.1,-31.2,0
sma100,2,10,60,2,5,0,1978,-0.108,0.770,56.3,817,-0.204,0.536,50.2,-30.9,0
sma100,2,10,60,2,5,24,1978,-0.108,0.770,56.3,817,-0.205,0.536,50.2,-31.0,0
sma100,2,10,60,2,5,48,1978,-0.108,0.770,56.3,817,-0.204,0.536,50.2,-30.9,0
sma100,2,10,60,3,2,0,2118,-0.149,0.708,54.7,857,-0.209,0.540,50.6,-31.9,0
sma100,2,10,60,3,2,24,2118,-0.149,0.708,54.7,857,-0.209,0.540,50.6,-31.9,0
sma100,2,10,60,3,2,48,2118,-0.149,0.708,54.7,857,-0.209,0.540,50.6,-31.9,0
sma100,2,10,60,3,3,0,2022,-0.135,0.731,55.6,825,-0.211,0.528,50.1,-31.2,0
sma100,2,10,60,3,3,24,2022,-0.135,0.731,55.6,825,-0.211,0.528,50.1,-31.2,0
sma100,2,10,60,3,3,48,2022,-0.135,0.731,55.6,825,-0.211,0.528,50.1,-31.2,0
sma100,2,10,60,3,5,0,1978,-0.109,0.770,56.3,817,-0.204,0.536,50.2,-30.9,0
sma100,2,10,60,3,5,24,1978,-0.109,0.770,56.3,817,-0.205,0.536,50.2,-31.0,0
sma100,2,10,60,3,5,48,1978,-0.109,0.770,56.3,817,-0.204,0.536,50.2,-30.9,0
sma100,2,10,70,0,2,0,2060,-0.145,0.745,55.3,828,-0.215,0.586,52.7,-32.6,0
sma100,2,10,70,0,2,24,2060,-0.145,0.745,55.3,828,-0.215,0.586,52.7,-32.6,0
sma100,2,10,70,0,2,48,2060,-0.145,0.745,55.3,828,-0.215,0.586,52.7,-32.6,0
sma100,2,10,70,0,3,0,1955,-0.120,0.781,56.4,789,-0.210,0.582,52.2,-31.1,0
sma100,2,10,70,0,3,24,1955,-0.120,0.781,56.4,789,-0.210,0.582,52.2,-31.1,0
sma100,2,10,70,0,3,48,1955,-0.120,0.781,56.4,789,-0.210,0.582,52.2,-31.1,0
sma100,2,10,70,0,5,0,1909,-0.084,0.837,57.5,780,-0.205,0.584,52.4,-30.8,0
sma100,2,10,70,0,5,24,1909,-0.084,0.837,57.5,780,-0.207,0.582,52.4,-31.0,0
sma100,2,10,70,0,5,48,1909,-0.084,0.837,57.5,780,-0.205,0.584,52.4,-30.8,0
sma100,2,10,70,2,2,0,2062,-0.139,0.754,55.6,828,-0.218,0.582,52.7,-32.8,0
sma100,2,10,70,2,2,24,2062,-0.139,0.754,55.6,828,-0.218,0.582,52.7,-32.8,0
sma100,2,10,70,2,2,48,2062,-0.139,0.754,55.6,828,-0.218,0.582,52.7,-32.8,0
sma100,2,10,70,2,3,0,1957,-0.123,0.774,56.6,789,-0.212,0.579,52.2,-31.3,0
sma100,2,10,70,2,3,24,1957,-0.123,0.774,56.6,789,-0.212,0.579,52.2,-31.3,0
sma100,2,10,70,2,3,48,1957,-0.123,0.774,56.6,789,-0.212,0.579,52.2,-31.3,0
sma100,2,10,70,2,5,0,1910,-0.087,0.830,57.6,780,-0.205,0.584,52.4,-30.8,0
sma100,2,10,70,2,5,24,1910,-0.087,0.830,57.6,780,-0.207,0.582,52.4,-31.0,0
sma100,2,10,70,2,5,48,1910,-0.087,0.830,57.6,780,-0.205,0.584,52.4,-30.8,0
sma100,2,10,70,3,2,0,2060,-0.145,0.745,55.4,828,-0.215,0.586,52.7,-32.6,0
sma100,2,10,70,3,2,24,2060,-0.145,0.745,55.4,828,-0.215,0.586,52.7,-32.6,0
sma100,2,10,70,3,2,48,2060,-0.145,0.745,55.4,828,-0.215,0.586,52.7,-32.6,0
sma100,2,10,70,3,3,0,1955,-0.123,0.775,56.4,789,-0.210,0.582,52.2,-31.1,0
sma100,2,10,70,3,3,24,1955,-0.123,0.775,56.4,789,-0.210,0.582,52.2,-31.1,0
sma100,2,10,70,3,3,48,1955,-0.123,0.775,56.4,789,-0.210,0.582,52.2,-31.1,0
sma100,2,10,70,3,5,0,1909,-0.088,0.829,57.5,780,-0.205,0.584,52.4,-30.8,0
sma100,2,10,70,3,5,24,1909,-0.088,0.829,57.5,780,-0.207,0.582,52.4,-31.0,0
sma100,2,10,70,3,5,48,1909,-0.088,0.829,57.5,780,-0.205,0.584,52.4,-30.8,0
sma100,2,15,60,0,2,0,3231,-0.152,0.690,54.8,1265,-0.208,0.543,52.3,-42.0,0
sma100,2,15,60,0,2,24,3231,-0.152,0.690,54.8,1265,-0.208,0.543,52.3,-42.0,0
sma100,2,15,60,0,2,48,3231,-0.152,0.690,54.8,1265,-0.208,0.543,52.3,-42.0,0
sma100,2,15,60,0,3,0,3080,-0.138,0.713,55.6,1214,-0.208,0.536,52.4,-41.6,0
sma100,2,15,60,0,3,24,3080,-0.138,0.713,55.6,1214,-0.208,0.536,52.4,-41.6,0
sma100,2,15,60,0,3,48,3080,-0.138,0.713,55.6,1214,-0.208,0.536,52.4,-41.6,0
sma100,2,15,60,0,5,0,3003,-0.119,0.739,56.2,1201,-0.196,0.550,52.5,-39.8,0
sma100,2,15,60,0,5,24,3003,-0.119,0.739,56.2,1201,-0.196,0.549,52.5,-39.9,0
sma100,2,15,60,0,5,48,3003,-0.119,0.739,56.2,1201,-0.196,0.550,52.5,-39.8,0
sma100,2,15,60,2,2,0,3231,-0.147,0.697,54.9,1265,-0.208,0.543,52.3,-42.0,0
sma100,2,15,60,2,2,24,3231,-0.147,0.697,54.9,1265,-0.208,0.543,52.3,-42.0,0
sma100,2,15,60,2,2,48,3231,-0.147,0.697,54.9,1265,-0.208,0.543,52.3,-42.0,0
sma100,2,15,60,2,3,0,3081,-0.138,0.711,55.7,1214,-0.208,0.536,52.4,-41.6,0
sma100,2,15,60,2,3,24,3081,-0.138,0.711,55.7,1214,-0.208,0.536,52.4,-41.6,0
sma100,2,15,60,2,3,48,3081,-0.138,0.711,55.7,1214,-0.208,0.536,52.4,-41.6,0
sma100,2,15,60,2,5,0,3004,-0.119,0.738,56.2,1201,-0.196,0.550,52.5,-39.8,0
sma100,2,15,60,2,5,24,3004,-0.119,0.738,56.2,1201,-0.196,0.549,52.5,-39.9,0
sma100,2,15,60,2,5,48,3004,-0.119,0.738,56.2,1201,-0.196,0.550,52.5,-39.8,0
sma100,2,15,60,3,2,0,3231,-0.151,0.692,54.9,1265,-0.208,0.543,52.3,-42.0,0
sma100,2,15,60,3,2,24,3231,-0.151,0.692,54.9,1265,-0.208,0.543,52.3,-42.0,0
sma100,2,15,60,3,2,48,3231,-0.151,0.692,54.9,1265,-0.208,0.543,52.3,-42.0,0
sma100,2,15,60,3,3,0,3080,-0.138,0.712,55.6,1214,-0.208,0.536,52.4,-41.6,0
sma100,2,15,60,3,3,24,3080,-0.138,0.712,55.6,1214,-0.208,0.536,52.4,-41.6,0
sma100,2,15,60,3,3,48,3080,-0.138,0.712,55.6,1214,-0.208,0.536,52.4,-41.6,0
sma100,2,15,60,3,5,0,3003,-0.120,0.737,56.2,1201,-0.196,0.550,52.5,-39.8,0
sma100,2,15,60,3,5,24,3003,-0.120,0.737,56.2,1201,-0.196,0.549,52.5,-39.9,0
sma100,2,15,60,3,5,48,3003,-0.120,0.737,56.2,1201,-0.196,0.550,52.5,-39.8,0
sma100,2,15,70,0,2,0,3077,-0.144,0.741,54.9,1191,-0.207,0.599,53.4,-41.0,0
sma100,2,15,70,0,2,24,3077,-0.144,0.741,54.9,1191,-0.207,0.599,53.4,-41.0,0
sma100,2,15,70,0,2,48,3077,-0.144,0.741,54.9,1191,-0.207,0.599,53.4,-41.0,0
sma100,2,15,70,0,3,0,2901,-0.121,0.775,56.3,1131,-0.207,0.593,53.3,-40.0,0
sma100,2,15,70,0,3,24,2901,-0.121,0.775,56.3,1131,-0.207,0.593,53.3,-40.0,0
sma100,2,15,70,0,3,48,2901,-0.121,0.775,56.3,1131,-0.207,0.593,53.3,-40.0,0
sma100,2,15,70,0,5,0,2817,-0.097,0.808,56.9,1115,-0.194,0.603,53.6,-37.9,0
sma100,2,15,70,0,5,24,2817,-0.097,0.808,56.9,1115,-0.195,0.601,53.6,-38.1,0
sma100,2,15,70,0,5,48,2817,-0.097,0.808,56.9,1115,-0.194,0.603,53.6,-37.9,0
sma100,2,15,70,2,2,0,3080,-0.142,0.742,55.1,1191,-0.209,0.596,53.4,-41.1,0
sma100,2,15,70,2,2,24,3080,-0.142,0.742,55.1,1191,-0.209,0.596,53.4,-41.1,0
sma100,2,15,70,2,2,48,3080,-0.142,0.742,55.1,1191,-0.209,0.596,53.4,-41.1,0
sma100,2,15,70,2,3,0,2906,-0.125,0.766,56.4,1131,-0.208,0.591,53.3,-40.1,0
sma100,2,15,70,2,3,24,2906,-0.125,0.766,56.4,1131,-0.208,0.591,53.3,-40.1,0
sma100,2,15,70,2,3,48,2906,-0.125,0.766,56.4,1131,-0.208,0.591,53.3,-40.1,0
sma100,2,15,70,2,5,0,2821,-0.101,0.800,57.0,1115,-0.195,0.600,53.6,-38.1,0
sma100,2,15,70,2,5,24,2821,-0.101,0.800,57.0,1115,-0.196,0.599,53.6,-38.2,0
sma100,2,15,70,2,5,48,2821,-0.101,0.800,57.0,1115,-0.195,0.600,53.6,-38.1,0
sma100,2,15,70,3,2,0,3077,-0.145,0.738,55.0,1191,-0.207,0.599,53.4,-41.0,0
sma100,2,15,70,3,2,24,3077,-0.145,0.738,55.0,1191,-0.207,0.599,53.4,-41.0,0
sma100,2,15,70,3,2,48,3077,-0.145,0.738,55.0,1191,-0.207,0.599,53.4,-41.0,0
sma100,2,15,70,3,3,0,2901,-0.125,0.767,56.3,1131,-0.207,0.593,53.3,-40.0,0
sma100,2,15,70,3,3,24,2901,-0.125,0.767,56.3,1131,-0.207,0.593,53.3,-40.0,0
sma100,2,15,70,3,3,48,2901,-0.125,0.767,56.3,1131,-0.207,0.593,53.3,-40.0,0
sma100,2,15,70,3,5,0,2817,-0.102,0.798,56.9,1115,-0.194,0.603,53.6,-37.9,0
sma100,2,15,70,3,5,24,2817,-0.102,0.798,56.9,1115,-0.195,0.601,53.6,-38.1,0
sma100,2,15,70,3,5,48,2817,-0.102,0.798,56.9,1115,-0.194,0.603,53.6,-37.9,0
sma100,3,5,60,0,2,0,109,0.003,0.958,61.9,59,-0.188,0.713,48.1,-6.2,2
sma100,3,5,60,0,2,24,109,0.003,0.958,61.9,59,-0.188,0.713,48.1,-6.2,2
sma100,3,5,60,0,2,48,109,0.003,0.958,61.9,59,-0.188,0.713,48.1,-6.2,2
sma100,3,5,60,0,3,0,107,0.087,1.063,64.9,58,-0.104,0.755,50.4,-5.6,2
sma100,3,5,60,0,3,24,107,0.087,1.063,64.9,58,-0.104,0.755,50.4,-5.6,2
sma100,3,5,60,0,3,48,107,0.087,1.063,64.9,58,-0.104,0.755,50.4,-5.6,2
sma100,3,5,60,0,5,0,106,0.192,1.331,64.6,57,-0.124,0.730,49.7,-5.8,2
sma100,3,5,60,0,5,24,106,0.192,1.331,64.6,57,-0.124,0.730,49.7,-5.8,2
sma100,3,5,60,0,5,48,106,0.192,1.331,64.6,57,-0.124,0.730,49.7,-5.8,2
sma100,3,5,60,2,2,0,109,0.003,0.957,63.0,59,-0.211,0.682,48.1,-6.2,2
sma100,3,5,60,2,2,24,109,0.003,0.957,63.0,59,-0.211,0.682,48.1,-6.2,2
sma100,3,5,60,2,2,48,109,0.003,0.957,63.0,59,-0.211,0.682,48.1,-6.2,2
sma100,3,5,60,2,3,0,107,0.012,0.965,64.9,58,-0.127,0.721,50.4,-5.6,2
sma100,3,5,60,2,3,24,107,0.012,0.965,64.9,58,-0.127,0.721,50.4,-5.6,2
sma100,3,5,60,2,3,48,107,0.012,0.965,64.9,58,-0.127,0.721,50.4,-5.6,2
sma100,3,5,60,2,5,0,106,0.117,1.203,64.6,57,-0.148,0.697,49.7,-5.8,2
sma100,3,5,60,2,5,24,106,0.117,1.203,64.6,57,-0.148,0.697,49.7,-5.8,2
sma100,3,5,60,2,5,48,106,0.117,1.203,64.6,57,-0.148,0.697,49.7,-5.8,2
sma100,3,5,60,3,2,0,109,-0.017,0.933,61.9,59,-0.188,0.713,48.1,-6.2,2
sma100,3,5,60,3,2,24,109,-0.017,0.933,61.9,59,-0.188,0.713,48.1,-6.2,2
sma100,3,5,60,3,2,48,109,-0.017,0.933,61.9,59,-0.188,0.713,48.1,-6.2,2
sma100,3,5,60,3,3,0,107,0.067,1.037,64.9,58,-0.104,0.755,50.4,-5.6,2
sma100,3,5,60,3,3,24,107,0.067,1.037,64.9,58,-0.104,0.755,50.4,-5.6,2
sma100,3,5,60,3,3,48,107,0.067,1.037,64.9,58,-0.104,0.755,50.4,-5.6,2
sma100,3,5,60,3,5,0,106,0.172,1.297,64.6,57,-0.124,0.730,49.7,-5.8,2
sma100,3,5,60,3,5,24,106,0.172,1.297,64.6,57,-0.124,0.730,49.7,-5.8,2
sma100,3,5,60,3,5,48,106,0.172,1.297,64.6,57,-0.124,0.730,49.7,-5.8,2
sma100,3,5,70,0,2,0,109,0.017,0.959,57.3,59,-0.077,0.835,57.0,-6.9,2
sma100,3,5,70,0,2,24,109,0.017,0.959,57.3,59,-0.102,0.825,57.0,-7.0,2
sma100,3,5,70,0,2,48,109,0.017,0.959,57.3,59,-0.077,0.835,57.0,-6.9,2
sma100,3,5,70,0,3,0,107,0.028,0.945,60.4,58,0.009,1.040,60.5,-5.3,2
sma100,3,5,70,0,3,24,107,0.037,0.954,60.4,58,-0.016,1.026,60.5,-5.4,2
sma100,3,5,70,0,3,48,107,0.028,0.945,60.4,58,0.009,1.040,60.5,-5.3,2
sma100,3,5,70,0,5,0,106,0.218,1.242,60.8,57,0.061,1.098,61.4,-5.2,2
sma100,3,5,70,0,5,24,106,0.198,1.209,60.8,57,0.013,1.046,61.4,-5.5,2
sma100,3,5,70,0,5,48,106,0.218,1.242,60.8,57,0.061,1.098,61.4,-5.2,2
sma100,3,5,70,2,2,0,109,-0.044,0.902,58.5,59,-0.141,0.757,57.0,-6.9,2
sma100,3,5,70,2,2,24,109,-0.044,0.902,58.5,59,-0.166,0.748,57.0,-7.0,2
sma100,3,5,70,2,2,48,109,-0.044,0.902,58.5,59,-0.141,0.757,57.0,-6.9,2
sma100,3,5,70,2,3,0,107,-0.128,0.808,60.4,58,-0.055,0.955,60.5,-5.3,2
sma100,3,5,70,2,3,24,107,-0.119,0.816,60.4,58,-0.080,0.942,60.5,-5.4,2
sma100,3,5,70,2,3,48,107,-0.128,0.808,60.4,58,-0.055,0.955,60.5,-5.3,2
sma100,3,5,70,2,5,0,106,0.061,1.057,60.8,57,-0.002,1.003,61.4,-5.2,2
sma100,3,5,70,2,5,24,106,0.042,1.029,60.8,57,-0.050,0.955,61.4,-5.5,2
sma100,3,5,70,2,5,48,106,0.061,1.057,60.8,57,-0.002,1.003,61.4,-5.2,2
sma100,3,5,70,3,2,0,109,-0.079,0.866,57.3,59,-0.096,0.812,57.0,-6.9,2
sma100,3,5,70,3,2,24,109,-0.079,0.866,57.3,59,-0.121,0.802,57.0,-7.0,2
sma100,3,5,70,3,2,48,109,-0.079,0.866,57.3,59,-0.096,0.812,57.0,-6.9,2
sma100,3,5,70,3,3,0,107,-0.087,0.840,60.4,58,-0.010,1.015,60.5,-5.3,2
sma100,3,5,70,3,3,24,107,-0.079,0.848,60.4,58,-0.035,1.001,60.5,-5.4,2
sma100,3,5,70,3,3,48,107,-0.087,0.840,60.4,58,-0.010,1.015,60.5,-5.3,2
sma100,3,5,70,3,5,0,106,0.102,1.100,60.8,57,0.043,1.070,61.4,-5.2,2
sma100,3,5,70,3,5,24,106,0.083,1.071,60.8,57,-0.005,1.019,61.4,-5.5,2
sma100,3,5,70,3,5,48,106,0.102,1.100,60.8,57,0.043,1.070,61.4,-5.2,2
sma100,3,10,60,0,2,0,522,-0.178,0.711,55.9,256,-0.191,0.681,54.4,-13.6,0
sma100,3,10,60,0,2,24,522,-0.178,0.711,55.9,256,-0.191,0.681,54.4,-13.6,0
sma100,3,10,60,0,2,48,522,-0.178,0.711,55.9,256,-0.191,0.681,54.4,-13.6,0
sma100,3,10,60,0,3,0,503,-0.122,0.791,58.8,247,-0.134,0.761,56.7,-11.4,0
sma100,3,10,60,0,3,24,503,-0.122,0.791,58.8,247,-0.135,0.759,56.7,-11.4,0
sma100,3,10,60,0,3,48,503,-0.122,0.791,58.8,247,-0.134,0.761,56.7,-11.4,0
sma100,3,10,60,0,5,0,493,-0.099,0.822,59.9,242,-0.154,0.729,56.6,-12.3,0
sma100,3,10,60,0,5,24,493,-0.099,0.822,59.9,242,-0.160,0.722,56.6,-12.4,0
sma100,3,10,60,0,5,48,493,-0.099,0.822,59.9,242,-0.154,0.729,56.6,-12.3,0
sma100,3,10,60,2,2,0,522,-0.162,0.729,56.5,256,-0.197,0.673,54.4,-13.6,0
sma100,3,10,60,2,2,24,522,-0.162,0.729,56.5,256,-0.197,0.673,54.4,-13.6,0
sma100,3,10,60,2,2,48,522,-0.162,0.729,56.5,256,-0.197,0.673,54.4,-13.6,0
sma100,3,10,60,2,3,0,503,-0.145,0.753,59.1,247,-0.140,0.753,56.7,-11.4,0
sma100,3,10,60,2,3,24,503,-0.145,0.753,59.1,247,-0.141,0.751,56.7,-11.4,0
sma100,3,10,60,2,3,48,503,-0.145,0.753,59.1,247,-0.140,0.753,56.7,-11.4,0
sma100,3,10,60,2,5,0,493,-0.115,0.791,60.1,242,-0.154,0.729,56.6,-12.3,0
sma100,3,10,60,2,5,24,493,-0.115,0.791,60.1,242,-0.160,0.722,56.6,-12.4,0
sma100,3,10,60,2,5,48,493,-0.115,0.791,60.1,242,-0.154,0.729,56.6,-12.3,0
sma100,3,10,60,3,2,0,522,-0.185,0.703,55.9,256,-0.191,0.681,54.4,-13.6,0
sma100,3,10,60,3,2,24,522,-0.185,0.703,55.9,256,-0.191,0.681,54.4,-13.6,0
sma100,3,10,60,3,2,48,522,-0.185,0.703,55.9,256,-0.191,0.681,54.4,-13.6,0
sma100,3,10,60,3,3,0,503,-0.138,0.767,58.8,247,-0.134,0.761,56.7,-11.4,0
sma100,3,10,60,3,3,24,503,-0.138,0.767,58.8,247,-0.135,0.759,56.7,-11.4,0
sma100,3,10,60,3,3,48,503,-0.138,0.767,58.8,247,-0.134,0.761,56.7,-11.4,0
sma100,3,10,60,3,5,0,493,-0.118,0.793,59.9,242,-0.154,0.729,56.6,-12.3,0
sma100,3,10,60,3,5,24,493,-0.118,0.793,59.9,242,-0.160,0.722,56.6,-12.4,0
sma100,3,10,60,3,5,48,493,-0.118,0.793,59.9,242,-0.154,0.729,56.6,-12.3,0
sma100,3,10,70,0,2,0,519,-0.156,0.783,55.2,253,-0.206,0.706,57.2,-14.2,0
sma100,3,10,70,0,2,24,519,-0.154,0.785,55.2,253,-0.206,0.706,57.2,-14.2,0
sma100,3,10,70,0,2,48,519,-0.156,0.783,55.2,253,-0.206,0.706,57.2,-14.2,0
sma100,3,10,70,0,3,0,500,-0.092,0.862,59.1,243,-0.175,0.759,60.1,-12.7,0
sma100,3,10,70,0,3,24,500,-0.093,0.861,59.1,243,-0.182,0.753,60.1,-12.9,0
sma100,3,10,70,0,3,48,500,-0.092,0.862,59.1,243,-0.175,0.759,60.1,-12.7,0
sma100,3,10,70,0,5,0,489,-0.052,0.912,60.5,238,-0.234,0.694,60.6,-14.8,0
sma100,3,10,70,0,5,24,489,-0.062,0.899,60.5,238,-0.258,0.675,60.6,-15.6,0
sma100,3,10,70,0,5,48,489,-0.052,0.912,60.5,238,-0.231,0.698,60.6,-14.7,0
sma100,3,10,70,2,2,0,519,-0.167,0.765,56.0,253,-0.230,0.674,57.2,-14.3,0
sma100,3,10,70,2,2,24,519,-0.166,0.766,56.0,253,-0.230,0.674,57.2,-14.3,0
sma100,3,10,70,2,2,48,519,-0.167,0.765,56.0,253,-0.230,0.674,57.2,-14.3,0
sma100,3,10,70,2,3,0,500,-0.154,0.785,59.6,243,-0.200,0.726,60.1,-13.1,0
sma100,3,10,70,2,3,24,500,-0.155,0.784,59.6,243,-0.206,0.720,60.1,-13.3,0
sma100,3,10,70,2,3,48,500,-0.154,0.785,59.6,243,-0.200,0.726,60.1,-13.1,0
sma100,3,10,70,2,5,0,489,-0.081,0.869,61.2,238,-0.248,0.673,60.6,-15.0,0
sma100,3,10,70,2,5,24,489,-0.091,0.857,61.2,238,-0.272,0.655,60.6,-15.7,0
sma100,3,10,70,2,5,48,489,-0.081,0.869,61.2,238,-0.244,0.677,60.6,-14.8,0
sma100,3,10,70,3,2,0,519,-0.164,0.773,55.4,253,-0.211,0.701,57.2,-14.2,0
sma100,3,10,70,3,2,24,519,-0.162,0.774,55.4,253,-0.211,0.701,57.2,-14.2,0
sma100,3,10,70,3,2,48,519,-0.164,0.773,55.4,253,-0.211,0.701,57.2,-14.2,0
sma100,3,10,70,3,3,0,500,-0.112,0.838,59.3,243,-0.180,0.754,60.1,-12.7,0
sma100,3,10,70,3,3,24,500,-0.113,0.837,59.3,243,-0.187,0.748,60.1,-12.9,0
sma100,3,10,70,3,3,48,500,-0.112,0.838,59.3,243,-0.180,0.754,60.1,-12.7,0
sma100,3,10,70,3,5,0,489,-0.046,0.917,61.0,238,-0.234,0.694,60.6,-14.8,0
sma100,3,10,70,3,5,24,489,-0.056,0.904,61.0,238,-0.258,0.675,60.6,-15.6,0
sma100,3,10,70,3,5,48,489,-0.046,0.917,61.0,238,-0.231,0.698,60.6,-14.7,0
sma100,3,15,60,0,2,0,1142,-0.148,0.761,55.9,496,-0.222,0.626,53.8,-24.1,0
sma100,3,15,60,0,2,24,1142,-0.148,0.761,55.9,496,-0.222,0.626,53.8,-24.1,0
sma100,3,15,60,0,2,48,1142,-0.148,0.761,55.9,496,-0.222,0.626,53.8,-24.1,0
sma100,3,15,60,0,3,0,1086,-0.107,0.819,57.5,471,-0.182,0.667,54.7,-20.6,0
sma100,3,15,60,0,3,24,1086,-0.107,0.819,57.5,471,-0.183,0.667,54.7,-20.7,0
sma100,3,15,60,0,3,48,1086,-0.107,0.819,57.5,471,-0.182,0.667,54.7,-20.6,0
sma100,3,15,60,0,5,0,1061,-0.050,0.907,59.0,463,-0.179,0.661,54.5,-19.9,0
sma100,3,15,60,0,5,24,1061,-0.050,0.907,59.0,463,-0.183,0.657,54.5,-20.1,0
sma100,3,15,60,0,5,48,1061,-0.050,0.907,59.0,463,-0.179,0.661,54.5,-19.9,0
sma100,3,15,60,2,2,0,1142,-0.132,0.783,56.5,496,-0.226,0.620,53.8,-24.3,0
sma100,3,15,60,2,2,24,1142,-0.132,0.783,56.5,496,-0.226,0.620,53.8,-24.3,0
sma100,3,15,60,2,2,48,1142,-0.132,0.783,56.5,496,-0.226,0.620,53.8,-24.3,0
sma100,3,15,60,2,3,0,1086,-0.116,0.802,57.8,471,-0.187,0.660,54.7,-20.8,0
sma100,3,15,60,2,3,24,1086,-0.116,0.802,57.8,471,-0.187,0.660,54.7,-20.9,0
sma100,3,15,60,2,3,48,1086,-0.116,0.802,57.8,471,-0.187,0.660,54.7,-20.8,0
sma100,3,15,60,2,5,0,1061,-0.062,0.885,59.2,463,-0.181,0.659,54.5,-19.9,0
sma100,3,15,60,2,5,24,1061,-0.062,0.885,59.2,463,-0.184,0.654,54.5,-20.1,0
sma100,3,15,60,2,5,48,1061,-0.062,0.885,59.2,463,-0.181,0.659,54.5,-19.9,0
sma100,3,15,60,3,2,0,1142,-0.146,0.763,56.0,496,-0.222,0.626,53.8,-24.1,0
sma100,3,15,60,3,2,24,1142,-0.146,0.763,56.0,496,-0.222,0.626,53.8,-24.1,0
sma100,3,15,60,3,2,48,1142,-0.146,0.763,56.0,496,-0.222,0.626,53.8,-24.1,0
sma100,3,15,60,3,3,0,1086,-0.118,0.801,57.5,471,-0.182,0.667,54.7,-20.6,0
sma100,3,15,60,3,3,24,1086,-0.118,0.801,57.5,471,-0.183,0.667,54.7,-20.7,0
sma100,3,15,60,3,3,48,1086,-0.118,0.801,57.5,471,-0.182,0.667,54.7,-20.6,0
sma100,3,15,60,3,5,0,1061,-0.062,0.886,59.0,463,-0.179,0.661,54.5,-19.9,0
sma100,3,15,60,3,5,24,1061,-0.062,0.886,59.0,463,-0.183,0.657,54.5,-20.1,0
sma100,3,15,60,3,5,48,1061,-0.062,0.886,59.0,463,-0.179,0.661,54.5,-19.9,0
sma100,3,15,70,0,2,0,1111,-0.178,0.770,54.7,475,-0.275,0.629,52.3,-26.7,0
sma100,3,15,70,0,2,24,1111,-0.178,0.770,54.7,475,-0.279,0.627,52.1,-26.8,0
sma100,3,15,70,0,2,48,1111,-0.178,0.770,54.7,475,-0.275,0.629,52.3,-26.7,0
sma100,3,15,70,0,3,0,1049,-0.119,0.840,57.9,447,-0.234,0.673,55.8,-22.9,0
sma100,3,15,70,0,3,24,1049,-0.120,0.839,57.9,447,-0.237,0.672,55.5,-22.9,0
sma100,3,15,70,0,3,48,1049,-0.119,0.840,57.9,447,-0.234,0.673,55.8,-22.9,0
sma100,3,15,70,0,5,0,1022,-0.053,0.923,59.6,437,-0.259,0.642,55.9,-24.1,0
sma100,3,15,70,0,5,24,1022,-0.061,0.912,59.6,437,-0.274,0.630,55.6,-24.7,0
sma100,3,15,70,0,5,48,1022,-0.053,0.923,59.6,437,-0.259,0.642,55.9,-24.1,0
sma100,3,15,70,2,2,0,1112,-0.173,0.771,55.5,475,-0.295,0.604,52.3,-27.4,0
sma100,3,15,70,2,2,24,1112,-0.173,0.771,55.5,475,-0.298,0.602,52.1,-27.6,0
sma100,3,15,70,2,2,48,1112,-0.173,0.771,55.5,475,-0.295,0.604,52.3,-27.4,0
sma100,3,15,70,2,3,0,1051,-0.143,0.804,58.4,447,-0.252,0.649,55.8,-23.4,0
sma100,3,15,70,2,3,24,1051,-0.144,0.803,58.4,447,-0.255,0.648,55.5,-23.4,0
sma100,3,15,70,2,3,48,1051,-0.143,0.804,58.4,447,-0.252,0.649,55.8,-23.4,0
sma100,3,15,70,2,5,0,1024,-0.062,0.908,60.2,437,-0.271,0.624,55.9,-24.3,0
sma100,3,15,70,2,5,24,1024,-0.070,0.897,60.2,437,-0.286,0.613,55.6,-24.9,0
sma100,3,15,70,2,5,48,1024,-0.062,0.908,60.2,437,-0.271,0.624,55.9,-24.3,0
sma100,3,15,70,3,2,0,1111,-0.188,0.755,54.9,475,-0.280,0.624,52.3,-26.8,0
sma100,3,15,70,3,2,24,1111,-0.188,0.755,54.9,475,-0.283,0.622,52.1,-26.9,0
sma100,3,15,70,3,2,48,1111,-0.188,0.755,54.9,475,-0.280,0.624,52.3,-26.8,0
sma100,3,15,70,3,3,0,1049,-0.144,0.806,58.0,447,-0.239,0.668,55.8,-23.0,0
sma100,3,15,70,3,3,24,1049,-0.145,0.805,58.0,447,-0.242,0.666,55.5,-23.0,0
sma100,3,15,70,3,3,48,1049,-0.144,0.806,58.0,447,-0.239,0.668,55.8,-23.0,0
sma100,3,15,70,3,5,0,1022,-0.066,0.903,59.8,437,-0.261,0.639,55.9,-24.1,0
sma100,3,15,70,3,5,24,1022,-0.074,0.893,59.8,437,-0.276,0.627,55.6,-24.7,0
sma100,3,15,70,3,5,48,1022,-0.066,0.903,59.8,437,-0.261,0.639,55.9,-24.1,0
sma100,4,5,60,0,2,0,9,-0.090,0.639,70.8,4,0.222,0.862,83.3,-0.7,2
sma100,4,5,60,0,2,24,9,-0.090,0.639,70.8,4,0.222,0.862,83.3,-0.7,2
sma100,4,5,60,0,2,48,9,-0.090,0.639,70.8,4,0.222,0.862,83.3,-0.7,2
sma100,4,5,60,0,3,0,9,0.102,0.885,79.2,4,0.343,1.290,83.3,-0.5,2
sma100,4,5,60,0,3,24,9,0.048,0.791,79.2,4,0.263,0.972,83.3,-0.6,2
sma100,4,5,60,0,3,48,9,0.102,0.885,79.2,4,0.343,1.290,83.3,-0.5,2
sma100,4,5,60,0,5,0,9,0.211,1.295,79.2,4,0.343,1.290,83.3,-0.5,2
sma100,4,5,60,0,5,24,9,0.157,1.103,79.2,4,0.263,0.972,83.3,-0.6,2
sma100,4,5,60,0,5,48,9,0.211,1.295,79.2,4,0.343,1.290,83.3,-0.5,2
sma100,4,5,60,2,2,0,9,-0.090,0.639,70.8,4,0.222,0.862,83.3,-0.7,2
sma100,4,5,60,2,2,24,9,-0.090,0.639,70.8,4,0.222,0.862,83.3,-0.7,2
sma100,4,5,60,2,2,48,9,-0.090,0.639,70.8,4,0.222,0.862,83.3,-0.7,2
sma100,4,5,60,2,3,0,9,0.102,0.885,79.2,4,0.343,1.290,83.3,-0.5,2
sma100,4,5,60,2,3,24,9,0.048,0.791,79.2,4,0.263,0.972,83.3,-0.6,2
sma100,4,5,60,2,3,48,9,0.102,0.885,79.2,4,0.343,1.290,83.3,-0.5,2
sma100,4,5,60,2,5,0,9,0.211,1.295,79.2,4,0.343,1.290,83.3,-0.5,2
sma100,4,5,60,2,5,24,9,0.157,1.103,79.2,4,0.263,0.972,83.3,-0.6,2
sma100,4,5,60,2,5,48,9,0.211,1.295,79.2,4,0.343,1.290,83.3,-0.5,2
sma100,4,5,60,3,2,0,9,-0.090,0.639,70.8,4,0.222,0.862,83.3,-0.7,2
sma100,4,5,60,3,2,24,9,-0.090,0.639,70.8,4,0.222,0.862,83.3,-0.7,2
sma100,4,5,60,3,2,48,9,-0.090,0.639,70.8,4,0.222,0.862,83.3,-0.7,2
sma100,4,5,60,3,3,0,9,0.102,0.885,79.2,4,0.343,1.290,83.3,-0.5,2
sma100,4,5,60,3,3,24,9,0.048,0.791,79.2,4,0.263,0.972,83.3,-0.6,2
sma100,4,5,60,3,3,48,9,0.102,0.885,79.2,4,0.343,1.290,83.3,-0.5,2
sma100,4,5,60,3,5,0,9,0.211,1.295,79.2,4,0.343,1.290,83.3,-0.5,2
sma100,4,5,60,3,5,24,9,0.157,1.103,79.2,4,0.263,0.972,83.3,-0.6,2
sma100,4,5,60,3,5,48,9,0.211,1.295,79.2,4,0.343,1.290,83.3,-0.5,2
sma100,4,5,70,0,2,0,9,-0.644,0.593,45.8,4,0.664,1.670,83.3,-0.7,2
sma100,4,5,70,0,2,24,9,-0.644,0.593,45.8,4,0.664,1.670,83.3,-0.7,2
sma100,4,5,70,0,2,48,9,-0.644,0.593,45.8,4,0.664,1.670,83.3,-0.7,2
sma100,4,5,70,0,3,0,9,0.104,0.908,79.2,4,0.851,3.413,83.3,-0.4,3
sma100,4,5,70,0,3,24,9,-0.334,0.779,54.2,4,0.705,1.882,83.3,-0.6,2
sma100,4,5,70,0,3,48,9,0.104,0.908,79.2,4,0.851,3.413,83.3,-0.4,3
sma100,4,5,70,0,5,0,9,0.094,0.976,79.2,4,0.851,3.413,83.3,-0.4,3
sma100,4,5,70,0,5,24,9,-0.178,1.162,54.2,4,0.705,1.882,83.3,-0.6,2
sma100,4,5,70,0,5,48,9,0.230,1.294,79.2,4,0.851,3.413,83.3,-0.4,3
sma100,4,5,70,2,2,0,9,-0.721,0.463,45.8,4,0.664,1.670,83.3,-0.7,2
sma100,4,5,70,2,2,24,9,-0.721,0.463,45.8,4,0.664,1.670,83.3,-0.7,2
sma100,4,5,70,2,2,48,9,-0.721,0.463,45.8,4,0.664,1.670,83.3,-0.7,2
sma100,4,5,70,2,3,0,9,0.027,0.733,79.2,4,0.851,3.413,83.3,-0.4,3
sma100,4,5,70,2,3,24,9,-0.411,0.615,54.2,4,0.705,1.882,83.3,-0.6,2
sma100,4,5,70,2,3,48,9,0.027,0.733,79.2,4,0.851,3.413,83.3,-0.4,3
sma100,4,5,70,2,5,0,9,0.017,0.789,79.2,4,0.851,3.413,83.3,-0.4,3
sma100,4,5,70,2,5,24,9,-0.255,0.918,54.2,4,0.705,1.882,83.3,-0.6,2
sma100,4,5,70,2,5,48,9,0.152,1.046,79.2,4,0.851,3.413,83.3,-0.4,3
sma100,4,5,70,3,2,0,9,-0.644,0.593,45.8,4,0.664,1.670,83.3,-0.7,2
sma100,4,5,70,3,2,24,9,-0.644,0.593,45.8,4,0.664,1.670,83.3,-0.7,2
sma100,4,5,70,3,2,48,9,-0.644,0.593,45.8,4,0.664,1.670,83.3,-0.7,2
sma100,4,5,70,3,3,0,9,0.104,0.908,79.2,4,0.851,3.413,83.3,-0.4,3
sma100,4,5,70,3,3,24,9,-0.334,0.779,54.2,4,0.705,1.882,83.3,-0.6,2
sma100,4,5,70,3,3,48,9,0.104,0.908,79.2,4,0.851,3.413,83.3,-0.4,3
sma100,4,5,70,3,5,0,9,0.094,0.976,79.2,4,0.851,3.413,83.3,-0.4,3
sma100,4,5,70,3,5,24,9,-0.178,1.162,54.2,4,0.705,1.882,83.3,-0.6,2
sma100,4,5,70,3,5,48,9,0.230,1.294,79.2,4,0.851,3.413,83.3,-0.4,3
sma100,4,10,60,0,2,0,122,-0.066,0.864,56.1,68,-0.048,0.896,57.8,-6.8,3
sma100,4,10,60,0,2,24,122,-0.066,0.864,56.1,68,-0.063,0.886,57.8,-6.8,3
sma100,4,10,60,0,2,48,122,-0.066,0.864,56.1,68,-0.048,0.896,57.8,-6.8,3
sma100,4,10,60,0,3,0,120,-0.087,0.839,58.9,67,0.147,1.161,62.0,-5.0,4
sma100,4,10,60,0,3,24,120,-0.087,0.839,58.9,67,0.118,1.121,62.0,-5.3,4
sma100,4,10,60,0,3,48,120,-0.087,0.839,58.9,67,0.147,1.161,62.0,-5.0,4
sma100,4,10,60,0,5,0,118,0.062,1.036,58.2,67,0.181,1.259,63.1,-5.1,4
sma100,4,10,60,0,5,24,118,0.037,1.004,58.2,67,0.138,1.183,63.1,-5.5,4
sma100,4,10,60,0,5,48,118,0.062,1.036,58.2,67,0.181,1.259,63.1,-5.1,4
sma100,4,10,60,2,2,0,122,-0.106,0.829,57.2,68,-0.103,0.824,57.8,-6.8,3
sma100,4,10,60,2,2,24,122,-0.106,0.829,57.2,68,-0.118,0.815,57.8,-6.8,3
sma100,4,10,60,2,2,48,122,-0.106,0.829,57.2,68,-0.103,0.824,57.8,-6.8,3
sma100,4,10,60,2,3,0,120,-0.198,0.750,58.9,67,0.093,1.077,62.0,-5.3,4
sma100,4,10,60,2,3,24,120,-0.198,0.750,58.9,67,0.063,1.039,62.0,-5.6,4
sma100,4,10,60,2,3,48,120,-0.198,0.750,58.9,67,0.093,1.077,62.0,-5.3,4
sma100,4,10,60,2,5,0,118,-0.049,0.921,58.2,67,0.126,1.168,63.1,-5.3,4
sma100,4,10,60,2,5,24,118,-0.074,0.892,58.2,67,0.084,1.097,63.1,-5.7,4
sma100,4,10,60,2,5,48,118,-0.049,0.921,58.2,67,0.126,1.168,63.1,-5.3,4
sma100,4,10,60,3,2,0,122,-0.152,0.784,56.1,68,-0.064,0.876,57.8,-6.8,3
sma100,4,10,60,3,2,24,122,-0.152,0.784,56.1,68,-0.079,0.866,57.8,-6.8,3
sma100,4,10,60,3,2,48,122,-0.152,0.784,56.1,68,-0.064,0.876,57.8,-6.8,3
sma100,4,10,60,3,3,0,120,-0.173,0.766,58.9,67,0.132,1.137,62.0,-5.1,4
sma100,4,10,60,3,3,24,120,-0.173,0.766,58.9,67,0.102,1.098,62.0,-5.3,4
sma100,4,10,60,3,3,48,120,-0.173,0.766,58.9,67,0.132,1.137,62.0,-5.1,4
sma100,4,10,60,3,5,0,118,-0.024,0.941,58.2,67,0.166,1.233,63.1,-5.1,4
sma100,4,10,60,3,5,24,118,-0.049,0.912,58.2,67,0.123,1.158,63.1,-5.5,4
sma100,4,10,60,3,5,48,118,-0.024,0.941,58.2,67,0.166,1.233,63.1,-5.1,4
sma100,4,10,70,0,2,0,122,0.077,1.044,53.7,67,0.063,1.003,59.1,-7.6,3
sma100,4,10,70,0,2,24,122,0.052,1.016,52.9,67,0.063,1.017,59.1,-7.3,3
sma100,4,10,70,0,2,48,122,0.077,1.044,53.7,67,0.063,1.003,59.1,-7.6,3
sma100,4,10,70,0,3,0,120,0.099,1.051,57.2,66,0.228,1.245,66.1,-6.8,4
sma100,4,10,70,0,3,24,120,0.062,1.013,56.3,66,0.190,1.210,64.4,-6.3,4
sma100,4,10,70,0,3,48,120,0.099,1.051,57.2,66,0.228,1.245,66.1,-6.8,4
sma100,4,10,70,0,5,0,118,0.205,1.194,58.0,66,0.195,1.230,67.2,-7.4,4
sma100,4,10,70,0,5,24,118,0.136,1.124,57.2,66,0.188,1.222,65.5,-6.6,3
sma100,4,10,70,0,5,48,118,0.205,1.194,58.0,66,0.195,1.230,67.2,-7.4,4
sma100,4,10,70,2,2,0,122,0.002,0.974,54.8,68,0.053,1.001,59.6,-7.3,3
sma100,4,10,70,2,2,24,122,-0.031,0.940,54.0,68,0.032,0.988,59.6,-7.3,3
sma100,4,10,70,2,2,48,122,0.002,0.974,54.8,68,0.053,1.001,59.6,-7.3,3
sma100,4,10,70,2,3,0,120,-0.081,0.904,57.2,67,0.222,1.243,66.5,-6.6,4
sma100,4,10,70,2,3,24,120,-0.125,0.864,56.3,67,0.144,1.150,64.8,-6.5,4
sma100,4,10,70,2,3,48,120,-0.081,0.904,57.2,67,0.222,1.243,66.5,-6.6,4
sma100,4,10,70,2,5,0,118,0.035,1.035,58.0,67,0.195,1.227,67.6,-7.1,4
sma100,4,10,70,2,5,24,118,-0.041,0.965,57.2,67,0.108,1.113,66.0,-7.2,3
sma100,4,10,70,2,5,48,118,0.035,1.035,58.0,67,0.195,1.227,67.6,-7.1,4
sma100,4,10,70,3,2,0,122,-0.005,0.974,53.7,68,0.103,1.068,59.6,-7.1,3
sma100,4,10,70,3,2,24,122,-0.038,0.941,52.9,68,0.082,1.054,59.6,-7.1,3
sma100,4,10,70,3,2,48,122,-0.005,0.974,53.7,68,0.103,1.068,59.6,-7.1,3
sma100,4,10,70,3,3,0,120,-0.029,0.946,57.2,67,0.272,1.316,66.5,-6.2,4
sma100,4,10,70,3,3,24,120,-0.073,0.906,56.3,67,0.194,1.218,64.8,-6.2,4
sma100,4,10,70,3,3,48,120,-0.029,0.946,57.2,67,0.272,1.316,66.5,-6.2,4
sma100,4,10,70,3,5,0,118,0.088,1.084,58.0,67,0.245,1.299,67.6,-6.8,4
sma100,4,10,70,3,5,24,118,0.011,1.013,57.2,67,0.158,1.179,66.0,-6.9,3
sma100,4,10,70,3,5,48,118,0.088,1.084,58.0,67,0.245,1.299,67.6,-6.8,4
sma100,4,15,60,0,2,0,424,-0.188,0.742,55.2,196,-0.090,0.824,60.2,-9.8,2
sma100,4,15,60,0,2,24,424,-0.188,0.742,55.2,196,-0.090,0.824,60.2,-9.8,2
sma100,4,15,60,0,2,48,424,-0.188,0.742,55.2,196,-0.090,0.824,60.2,-9.8,2
sma100,4,15,60,0,3,0,411,-0.106,0.846,60.0,191,-0.078,0.865,62.4,-9.4,1
sma100,4,15,60,0,3,24,411,-0.107,0.845,60.0,191,-0.085,0.857,62.4,-9.6,1
sma100,4,15,60,0,3,48,411,-0.106,0.846,60.0,191,-0.078,0.865,62.4,-9.4,1
sma100,4,15,60,0,5,0,402,-0.015,0.964,60.7,188,-0.123,0.792,63.4,-11.1,1
sma100,4,15,60,0,5,24,402,-0.029,0.946,60.7,188,-0.146,0.767,63.4,-11.8,1
sma100,4,15,60,0,5,48,402,-0.015,0.964,60.7,188,-0.123,0.792,63.4,-11.1,1
sma100,4,15,60,2,2,0,424,-0.157,0.773,56.7,196,-0.110,0.795,60.2,-9.9,2
sma100,4,15,60,2,2,24,424,-0.157,0.773,56.7,196,-0.110,0.795,60.2,-9.9,2
sma100,4,15,60,2,2,48,424,-0.157,0.773,56.7,196,-0.110,0.795,60.2,-9.9,2
sma100,4,15,60,2,3,0,411,-0.119,0.824,61.0,191,-0.098,0.836,62.4,-9.7,1
sma100,4,15,60,2,3,24,411,-0.120,0.823,61.0,191,-0.105,0.827,62.4,-9.9,1
sma100,4,15,60,2,3,48,411,-0.119,0.824,61.0,191,-0.098,0.836,62.4,-9.7,1
sma100,4,15,60,2,5,0,402,-0.002,0.982,61.8,188,-0.130,0.781,63.4,-11.2,1
sma100,4,15,60,2,5,24,402,-0.016,0.962,61.8,188,-0.153,0.756,63.4,-11.8,1
sma100,4,15,60,2,5,48,402,-0.002,0.982,61.8,188,-0.130,0.781,63.4,-11.2,1
sma100,4,15,60,3,2,0,424,-0.198,0.729,55.5,196,-0.096,0.816,60.2,-9.8,2
sma100,4,15,60,3,2,24,424,-0.198,0.729,55.5,196,-0.096,0.816,60.2,-9.8,2
sma100,4,15,60,3,2,48,424,-0.198,0.729,55.5,196,-0.096,0.816,60.2,-9.8,2
sma100,4,15,60,3,3,0,411,-0.124,0.821,60.3,191,-0.084,0.858,62.4,-9.4,1
sma100,4,15,60,3,3,24,411,-0.125,0.820,60.3,191,-0.091,0.849,62.4,-9.6,1
sma100,4,15,60,3,3,48,411,-0.124,0.821,60.3,191,-0.084,0.858,62.4,-9.4,1
sma100,4,15,60,3,5,0,402,-0.007,0.974,61.3,188,-0.123,0.792,63.4,-11.1,1
sma100,4,15,60,3,5,24,402,-0.021,0.955,61.3,188,-0.146,0.767,63.4,-11.8,1
sma100,4,15,60,3,5,48,402,-0.007,0.974,61.3,188,-0.123,0.792,63.4,-11.1,1
sma100,4,15,70,0,2,0,420,-0.186,0.785,51.8,189,-0.095,0.826,59.5,-13.4,3
sma100,4,15,70,0,2,24,420,-0.186,0.784,50.7,189,-0.093,0.822,58.0,-13.8,3
sma100,4,15,70,0,2,48,420,-0.186,0.785,51.8,189,-0.095,0.826,59.5,-13.4,3
sma100,4,15,70,0,3,0,406,-0.042,0.940,59.7,183,-0.070,0.882,64.2,-12.5,3
sma100,4,15,70,0,3,24,406,-0.044,0.933,58.1,184,-0.101,0.843,61.1,-12.6,3
sma100,4,15,70,0,3,48,406,-0.042,0.940,59.7,183,-0.070,0.882,64.2,-12.5,3
sma100,4,15,70,0,5,0,395,0.015,0.997,62.3,180,-0.102,0.838,65.1,-15.1,3
sma100,4,15,70,0,5,24,395,-0.008,0.977,60.4,181,-0.163,0.773,62.0,-15.4,3
sma100,4,15,70,0,5,48,395,0.015,0.997,62.3,180,-0.096,0.843,65.1,-14.9,3
sma100,4,15,70,2,2,0,420,-0.168,0.802,54.0,192,-0.058,0.877,60.6,-13.1,3
sma100,4,15,70,2,2,24,420,-0.170,0.799,52.9,192,-0.060,0.871,59.7,-13.5,3
sma100,4,15,70,2,2,48,420,-0.168,0.802,54.0,192,-0.058,0.877,60.6,-13.1,3
sma100,4,15,70,2,3,0,406,-0.094,0.886,61.0,186,-0.044,0.915,64.7,-12.5,3
sma100,4,15,70,2,3,24,406,-0.093,0.882,59.7,187,-0.077,0.876,62.9,-12.7,3
sma100,4,15,70,2,3,48,406,-0.094,0.886,61.0,186,-0.044,0.915,64.7,-12.5,3
sma100,4,15,70,2,5,0,396,0.015,1.005,64.0,182,-0.089,0.856,65.5,-15.3,3
sma100,4,15,70,2,5,24,396,-0.006,0.987,62.3,183,-0.136,0.803,63.5,-15.3,3
sma100,4,15,70,2,5,48,396,0.014,1.005,64.0,182,-0.083,0.861,65.5,-15.1,3
sma100,4,15,70,3,2,0,420,-0.195,0.778,52.3,191,-0.059,0.875,59.9,-13.4,3
sma100,4,15,70,3,2,24,420,-0.197,0.776,51.2,191,-0.065,0.864,58.4,-13.8,3
sma100,4,15,70,3,2,48,420,-0.195,0.778,52.3,191,-0.059,0.875,59.9,-13.4,3
sma100,4,15,70,3,3,0,406,-0.082,0.899,60.0,185,-0.030,0.934,64.5,-11.9,3
sma100,4,15,70,3,3,24,406,-0.086,0.891,58.4,186,-0.069,0.888,62.0,-12.2,3
sma100,4,15,70,3,3,48,406,-0.082,0.899,60.0,185,-0.030,0.934,64.5,-11.9,3
sma100,4,15,70,3,5,0,395,0.005,0.988,62.8,181,-0.083,0.866,65.2,-15.1,3
sma100,4,15,70,3,5,24,395,-0.021,0.966,60.9,182,-0.136,0.808,62.6,-15.2,3
sma100,4,15,70,3,5,48,395,0.004,0.988,62.8,181,-0.077,0.871,65.2,-14.9,3
sma200,2,5,60,0,2,0,1153,-0.147,0.722,55.5,454,-0.144,0.653,54.1,-15.0,0
sma200,2,5,60,0,2,24,1153,-0.147,0.722,55.5,454,-0.144,0.653,54.1,-15.0,0
sma200,2,5,60,0,2,48,1153,-0.147,0.722,55.5,454,-0.144,0.653,54.1,-15.0,0
sma200,2,5,60,0,3,0,1087,-0.134,0.743,56.5,438,-0.152,0.631,54.3,-16.3,0
sma200,2,5,60,0,3,24,1087,-0.134,0.743,56.5,438,-0.152,0.631,54.3,-16.3,0
sma200,2,5,60,0,3,48,1087,-0.134,0.743,56.5,438,-0.152,0.631,54.3,-16.3,0
sma200,2,5,60,0,5,0,1051,-0.125,0.756,56.9,430,-0.144,0.637,53.8,-15.5,0
sma200,2,5,60,0,5,24,1051,-0.125,0.756,56.9,430,-0.144,0.637,53.8,-15.5,0
sma200,2,5,60,0,5,48,1051,-0.125,0.756,56.9,430,-0.144,0.637,53.8,-15.5,0
sma200,2,5,60,2,2,0,1153,-0.138,0.736,55.9,454,-0.144,0.653,54.1,-15.0,0
sma200,2,5,60,2,2,24,1153,-0.138,0.736,55.9,454,-0.144,0.653,54.1,-15.0,0
sma200,2,5,60,2,2,48,1153,-0.138,0.736,55.9,454,-0.144,0.653,54.1,-15.0,0
sma200,2,5,60,2,3,0,1087,-0.135,0.738,56.6,438,-0.152,0.631,54.3,-16.3,0
sma200,2,5,60,2,3,24,1087,-0.135,0.738,56.6,438,-0.152,0.631,54.3,-16.3,0
sma200,2,5,60,2,3,48,1087,-0.135,0.738,56.6,438,-0.152,0.631,54.3,-16.3,0
sma200,2,5,60,2,5,0,1051,-0.125,0.754,57.0,430,-0.144,0.637,53.8,-15.5,0
sma200,2,5,60,2,5,24,1051,-0.125,0.754,57.0,430,-0.144,0.637,53.8,-15.5,0
sma200,2,5,60,2,5,48,1051,-0.125,0.754,57.0,430,-0.144,0.637,53.8,-15.5,0
sma200,2,5,60,3,2,0,1153,-0.145,0.724,55.6,454,-0.144,0.653,54.1,-15.0,0
sma200,2,5,60,3,2,24,1153,-0.145,0.724,55.6,454,-0.144,0.653,54.1,-15.0,0
sma200,2,5,60,3,2,48,1153,-0.145,0.724,55.6,454,-0.144,0.653,54.1,-15.0,0
sma200,2,5,60,3,3,0,1087,-0.137,0.737,56.5,438,-0.152,0.631,54.3,-16.3,0
sma200,2,5,60,3,3,24,1087,-0.137,0.737,56.5,438,-0.152,0.631,54.3,-16.3,0
sma200,2,5,60,3,3,48,1087,-0.137,0.737,56.5,438,-0.152,0.631,54.3,-16.3,0
sma200,2,5,60,3,5,0,1051,-0.129,0.750,56.9,430,-0.144,0.637,53.8,-15.5,0
sma200,2,5,60,3,5,24,1051,-0.129,0.750,56.9,430,-0.144,0.637,53.8,-15.5,0
sma200,2,5,60,3,5,48,1051,-0.129,0.750,56.9,430,-0.144,0.637,53.8,-15.5,0
sma200,2,5,70,0,2,0,1143,-0.137,0.765,56.5,447,-0.129,0.729,56.5,-14.7,0
sma200,2,5,70,0,2,24,1143,-0.137,0.765,56.5,447,-0.129,0.729,56.5,-14.7,0
sma200,2,5,70,0,2,48,1143,-0.137,0.765,56.5,447,-0.129,0.729,56.5,-14.7,0
sma200,2,5,70,0,3,0,1069,-0.117,0.792,58.2,426,-0.123,0.733,57.1,-15.0,1
sma200,2,5,70,0,3,24,1069,-0.117,0.792,58.2,426,-0.123,0.733,57.1,-15.0,1
sma200,2,5,70,0,3,48,1069,-0.117,0.792,58.2,426,-0.123,0.733,57.1,-15.0,1
sma200,2,5,70,0,5,0,1033,-0.093,0.830,59.2,418,-0.131,0.712,56.4,-15.2,0
sma200,2,5,70,0,5,24,1033,-0.093,0.830,59.2,418,-0.127,0.718,56.4,-15.0,0
sma200,2,5,70,0,5,48,1033,-0.093,0.830,59.2,418,-0.131,0.712,56.4,-15.2,0
sma200,2,5,70,2,2,0,1143,-0.135,0.765,56.8,447,-0.132,0.723,56.5,-14.8,0
sma200,2,5,70,2,2,24,1143,-0.135,0.765,56.8,447,-0.132,0.723,56.5,-14.8,0
sma200,2,5,70,2,2,48,1143,-0.135,0.765,56.8,447,-0.132,0.723,56.5,-14.8,0
sma200,2,5,70,2,3,0,1069,-0.131,0.767,58.3,426,-0.127,0.727,57.1,-15.2,1
sma200,2,5,70,2,3,24,1069,-0.131,0.767,58.3,426,-0.127,0.727,57.1,-15.2,1
sma200,2,5,70,2,3,48,1069,-0.131,0.767,58.3,426,-0.127,0.727,57.1,-15.2,1
sma200,2,5,70,2,5,0,1033,-0.104,0.809,59.3,418,-0.131,0.712,56.4,-15.2,0
sma200,2,5,70,2,5,24,1033,-0.104,0.809,59.3,418,-0.127,0.718,56.4,-15.0,0
sma200,2,5,70,2,5,48,1033,-0.104,0.809,59.3,418,-0.131,0.712,56.4,-15.2,0
sma200,2,5,70,3,2,0,1143,-0.137,0.764,56.6,447,-0.129,0.729,56.5,-14.7,0
sma200,2,5,70,3,2,24,1143,-0.137,0.764,56.6,447,-0.129,0.729,56.5,-14.7,0
sma200,2,5,70,3,2,48,1143,-0.137,0.764,56.6,447,-0.129,0.729,56.5,-14.7,0
sma200,2,5,70,3,3,0,1069,-0.126,0.778,58.2,426,-0.123,0.733,57.1,-15.0,1
sma200,2,5,70,3,3,24,1069,-0.126,0.778,58.2,426,-0.123,0.733,57.1,-15.0,1
sma200,2,5,70,3,3,48,1069,-0.126,0.778,58.2,426,-0.123,0.733,57.1,-15.0,1
sma200,2,5,70,3,5,0,1033,-0.102,0.814,59.2,418,-0.131,0.712,56.4,-15.2,0
sma200,2,5,70,3,5,24,1033,-0.102,0.814,59.2,418,-0.127,0.718,56.4,-15.0,0
sma200,2,5,70,3,5,48,1033,-0.102,0.814,59.2,418,-0.131,0.712,56.4,-15.2,0
sma200,2,10,60,0,2,0,2467,-0.143,0.721,55.9,880,-0.193,0.578,50.7,-30.7,0
sma200,2,10,60,0,2,24,2467,-0.143,0.721,55.9,880,-0.193,0.578,50.7,-30.7,0
sma200,2,10,60,0,2,48,2467,-0.143,0.721,55.9,880,-0.193,0.578,50.7,-30.7,0
sma200,2,10,60,0,3,0,2320,-0.122,0.755,57.2,839,-0.179,0.582,50.3,-29.2,0
sma200,2,10,60,0,3,24,2320,-0.122,0.755,57.2,839,-0.179,0.582,50.3,-29.2,0
sma200,2,10,60,0,3,48,2320,-0.122,0.755,57.2,839,-0.179,0.582,50.3,-29.2,0
sma200,2,10,60,0,5,0,2231,-0.102,0.782,57.7,828,-0.173,0.591,50.3,-28.8,0
sma200,2,10,60,0,5,24,2231,-0.102,0.782,57.7,828,-0.173,0.590,50.3,-28.9,0
sma200,2,10,60,0,5,48,2231,-0.102,0.782,57.7,828,-0.173,0.591,50.3,-28.8,0
sma200,2,10,60,2,2,0,2468,-0.137,0.730,56.1,880,-0.193,0.578,50.7,-30.7,0
sma200,2,10,60,2,2,24,2468,-0.137,0.730,56.1,880,-0.193,0.578,50.7,-30.7,0
sma200,2,10,60,2,2,48,2468,-0.137,0.730,56.1,880,-0.193,0.578,50.7,-30.7,0
sma200,2,10,60,2,3,0,2321,-0.121,0.755,57.3,839,-0.179,0.582,50.3,-29.2,0
sma200,2,10,60,2,3,24,2321,-0.121,0.755,57.3,839,-0.179,0.582,50.3,-29.2,0
sma200,2,10,60,2,3,48,2321,-0.121,0.755,57.3,839,-0.179,0.582,50.3,-29.2,0
sma200,2,10,60,2,5,0,2232,-0.101,0.783,57.8,828,-0.173,0.591,50.3,-28.8,0
sma200,2,10,60,2,5,24,2232,-0.101,0.783,57.8,828,-0.173,0.590,50.3,-28.9,0
sma200,2,10,60,2,5,48,2232,-0.101,0.783,57.8,828,-0.173,0.591,50.3,-28.8,0
sma200,2,10,60,3,2,0,2467,-0.142,0.722,55.9,880,-0.193,0.578,50.7,-30.7,0
sma200,2,10,60,3,2,24,2467,-0.142,0.722,55.9,880,-0.193,0.578,50.7,-30.7,0
sma200,2,10,60,3,2,48,2467,-0.142,0.722,55.9,880,-0.193,0.578,50.7,-30.7,0
sma200,2,10,60,3,3,0,2320,-0.123,0.752,57.2,839,-0.179,0.582,50.3,-29.2,0
sma200,2,10,60,3,3,24,2320,-0.123,0.752,57.2,839,-0.179,0.582,50.3,-29.2,0
sma200,2,10,60,3,3,48,2320,-0.123,0.752,57.2,839,-0.179,0.582,50.3,-29.2,0
sma200,2,10,60,3,5,0,2231,-0.104,0.778,57.7,828,-0.173,0.591,50.3,-28.8,0
sma200,2,10,60,3,5,24,2231,-0.104,0.778,57.7,828,-0.173,0.590,50.3,-28.9,0
sma200,2,10,60,3,5,48,2231,-0.104,0.778,57.7,828,-0.173,0.591,50.3,-28.8,0
sma200,2,10,70,0,2,0,2387,-0.138,0.760,56.7,846,-0.203,0.615,53.4,-32.0,0
sma200,2,10,70,0,2,24,2387,-0.138,0.760,56.7,846,-0.203,0.615,53.4,-32.0,0
sma200,2,10,70,0,2,48,2387,-0.138,0.760,56.7,846,-0.203,0.615,53.4,-32.0,0
sma200,2,10,70,0,3,0,2221,-0.107,0.806,58.4,797,-0.191,0.614,53.2,-30.3,0
sma200,2,10,70,0,3,24,2221,-0.107,0.806,58.4,797,-0.191,0.614,53.2,-30.3,0
sma200,2,10,70,0,3,48,2221,-0.107,0.806,58.4,797,-0.191,0.614,53.2,-30.3,0
sma200,2,10,70,0,5,0,2125,-0.080,0.845,59.6,785,-0.187,0.614,53.1,-30.2,0
sma200,2,10,70,0,5,24,2125,-0.080,0.845,59.6,785,-0.187,0.615,53.1,-30.2,0
sma200,2,10,70,0,5,48,2125,-0.080,0.845,59.6,785,-0.187,0.614,53.1,-30.2,0
sma200,2,10,70,2,2,0,2390,-0.133,0.768,57.0,846,-0.205,0.611,53.4,-32.3,0
sma200,2,10,70,2,2,24,2390,-0.133,0.768,57.0,846,-0.205,0.611,53.4,-32.3,0
sma200,2,10,70,2,2,48,2390,-0.133,0.768,57.0,846,-0.205,0.611,53.4,-32.3,0
sma200,2,10,70,2,3,0,2225,-0.109,0.801,58.7,797,-0.193,0.612,53.2,-30.4,0
sma200,2,10,70,2,3,24,2225,-0.109,0.801,58.7,797,-0.193,0.612,53.2,-30.4,0
sma200,2,10,70,2,3,48,2225,-0.109,0.801,58.7,797,-0.193,0.612,53.2,-30.4,0
sma200,2,10,70,2,5,0,2128,-0.080,0.844,59.9,785,-0.187,0.614,53.1,-30.2,0
sma200,2,10,70,2,5,24,2128,-0.080,0.844,59.9,785,-0.187,0.615,53.1,-30.2,0
sma200,2,10,70,2,5,48,2128,-0.080,0.844,59.9,785,-0.187,0.614,53.1,-30.2,0
sma200,2,10,70,3,2,0,2387,-0.138,0.760,56.8,846,-0.203,0.615,53.4,-32.0,0
sma200,2,10,70,3,2,24,2387,-0.138,0.760,56.8,846,-0.203,0.615,53.4,-32.0,0
sma200,2,10,70,3,2,48,2387,-0.138,0.760,56.8,846,-0.203,0.615,53.4,-32.0,0
sma200,2,10,70,3,3,0,2221,-0.111,0.799,58.4,797,-0.191,0.614,53.2,-30.3,0
sma200,2,10,70,3,3,24,2221,-0.111,0.799,58.4,797,-0.191,0.614,53.2,-30.3,0
sma200,2,10,70,3,3,48,2221,-0.111,0.799,58.4,797,-0.191,0.614,53.2,-30.3,0
sma200,2,10,70,3,5,0,2125,-0.085,0.837,59.6,785,-0.187,0.614,53.1,-30.2,0
sma200,2,10,70,3,5,24,2125,-0.085,0.837,59.6,785,-0.187,0.615,53.1,-30.2,0
sma200,2,10,70,3,5,48,2125,-0.085,0.837,59.6,785,-0.187,0.614,53.1,-30.2,0
sma200,2,15,60,0,2,0,3616,-0.152,0.696,55.6,1257,-0.210,0.554,51.4,-41.6,0
sma200,2,15,60,0,2,24,3616,-0.152,0.696,55.6,1257,-0.210,0.554,51.4,-41.6,0
sma200,2,15,60,0,2,48,3616,-0.152,0.696,55.6,1257,-0.210,0.554,51.4,-41.6,0
sma200,2,15,60,0,3,0,3392,-0.136,0.722,56.6,1199,-0.207,0.551,51.5,-40.7,0
sma200,2,15,60,0,3,24,3392,-0.136,0.722,56.6,1199,-0.207,0.551,51.5,-40.7,0
sma200,2,15,60,0,3,48,3392,-0.136,0.722,56.6,1199,-0.207,0.551,51.5,-40.7,0
sma200,2,15,60,0,5,0,3255,-0.121,0.740,57.0,1176,-0.204,0.551,51.3,-40.2,0
sma200,2,15,60,0,5,24,3255,-0.121,0.740,57.0,1176,-0.204,0.550,51.3,-40.2,0
sma200,2,15,60,0,5,48,3255,-0.121,0.740,57.0,1176,-0.204,0.551,51.3,-40.2,0
sma200,2,15,60,2,2,0,3617,-0.149,0.700,55.7,1257,-0.210,0.554,51.4,-41.6,0
sma200,2,15,60,2,2,24,3617,-0.149,0.700,55.7,1257,-0.210,0.554,51.4,-41.6,0
sma200,2,15,60,2,2,48,3617,-0.149,0.700,55.7,1257,-0.210,0.554,51.4,-41.6,0
sma200,2,15,60,2,3,0,3394,-0.136,0.721,56.7,1199,-0.207,0.551,51.5,-40.7,0
sma200,2,15,60,2,3,24,3394,-0.136,0.721,56.7,1199,-0.207,0.551,51.5,-40.7,0
sma200,2,15,60,2,3,48,3394,-0.136,0.721,56.7,1199,-0.207,0.551,51.5,-40.7,0
sma200,2,15,60,2,5,0,3257,-0.120,0.740,57.0,1176,-0.204,0.551,51.3,-40.2,0
sma200,2,15,60,2,5,24,3257,-0.120,0.740,57.0,1176,-0.204,0.550,51.3,-40.2,0
sma200,2,15,60,2,5,48,3257,-0.120,0.740,57.0,1176,-0.204,0.551,51.3,-40.2,0
sma200,2,15,60,3,2,0,3616,-0.153,0.695,55.6,1257,-0.210,0.554,51.4,-41.6,0
sma200,2,15,60,3,2,24,3616,-0.153,0.695,55.6,1257,-0.210,0.554,51.4,-41.6,0
sma200,2,15,60,3,2,48,3616,-0.153,0.695,55.6,1257,-0.210,0.554,51.4,-41.6,0
sma200,2,15,60,3,3,0,3392,-0.137,0.721,56.6,1199,-0.207,0.551,51.5,-40.7,0
sma200,2,15,60,3,3,24,3392,-0.137,0.721,56.6,1199,-0.207,0.551,51.5,-40.7,0
sma200,2,15,60,3,3,48,3392,-0.137,0.721,56.6,1199,-0.207,0.551,51.5,-40.7,0
sma200,2,15,60,3,5,0,3255,-0.122,0.738,57.0,1176,-0.204,0.551,51.3,-40.2,0
sma200,2,15,60,3,5,24,3255,-0.122,0.738,57.0,1176,-0.204,0.550,51.3,-40.2,0
sma200,2,15,60,3,5,48,3255,-0.122,0.738,57.0,1176,-0.204,0.551,51.3,-40.2,0
sma200,2,15,70,0,2,0,3442,-0.144,0.749,55.9,1179,-0.218,0.596,53.0,-42.6,0
sma200,2,15,70,0,2,24,3442,-0.144,0.749,55.9,1179,-0.218,0.596,53.0,-42.6,0
sma200,2,15,70,0,2,48,3442,-0.144,0.749,55.9,1179,-0.218,0.596,53.0,-42.6,0
sma200,2,15,70,0,3,0,3182,-0.118,0.787,57.7,1110,-0.219,0.589,52.7,-41.8,0
sma200,2,15,70,0,3,24,3182,-0.118,0.787,57.7,1110,-0.219,0.589,52.7,-41.8,0
sma200,2,15,70,0,3,48,3182,-0.118,0.787,57.7,1110,-0.219,0.589,52.7,-41.8,0
sma200,2,15,70,0,5,0,3031,-0.096,0.816,58.4,1084,-0.215,0.584,52.7,-40.7,0
sma200,2,15,70,0,5,24,3031,-0.096,0.816,58.4,1084,-0.216,0.583,52.7,-40.8,0
sma200,2,15,70,0,5,48,3031,-0.096,0.816,58.4,1084,-0.215,0.584,52.7,-40.7,0
sma200,2,15,70,2,2,0,3448,-0.143,0.749,56.2,1179,-0.220,0.593,53.0,-42.7,0
sma200,2,15,70,2,2,24,3448,-0.143,0.749,56.2,1179,-0.220,0.593,53.0,-42.7,0
sma200,2,15,70,2,2,48,3448,-0.143,0.749,56.2,1179,-0.220,0.593,53.0,-42.7,0
sma200,2,15,70,2,3,0,3190,-0.121,0.779,57.9,1110,-0.220,0.587,52.7,-41.9,0
sma200,2,15,70,2,3,24,3190,-0.121,0.779,57.9,1110,-0.220,0.587,52.7,-41.9,0
sma200,2,15,70,2,3,48,3190,-0.121,0.779,57.9,1110,-0.220,0.587,52.7,-41.9,0
sma200,2,15,70,2,5,0,3038,-0.098,0.811,58.5,1084,-0.216,0.582,52.7,-40.8,0
sma200,2,15,70,2,5,24,3038,-0.098,0.811,58.5,1084,-0.218,0.581,52.7,-41.0,0
sma200,2,15,70,2,5,48,3038,-0.098,0.811,58.5,1084,-0.216,0.582,52.7,-40.8,0
sma200,2,15,70,3,2,0,3442,-0.147,0.744,56.0,1179,-0.218,0.596,53.0,-42.6,0
sma200,2,15,70,3,2,24,3442,-0.147,0.744,56.0,1179,-0.218,0.596,53.0,-42.6,0
sma200,2,15,70,3,2,48,3442,-0.147,0.744,56.0,1179,-0.218,0.596,53.0,-42.6,0
sma200,2,15,70,3,3,0,3182,-0.122,0.778,57.7,1110,-0.219,0.589,52.7,-41.8,0
sma200,2,15,70,3,3,24,3182,-0.122,0.778,57.7,1110,-0.219,0.589,52.7,-41.8,0
sma200,2,15,70,3,3,48,3182,-0.122,0.778,57.7,1110,-0.219,0.589,52.7,-41.8,0
sma200,2,15,70,3,5,0,3031,-0.101,0.807,58.4,1084,-0.215,0.584,52.7,-40.7,0
sma200,2,15,70,3,5,24,3031,-0.101,0.807,58.4,1084,-0.216,0.583,52.7,-40.8,0
sma200,2,15,70,3,5,48,3031,-0.101,0.807,58.4,1084,-0.215,0.584,52.7,-40.7,0
sma200,3,5,60,0,2,0,198,-0.078,0.852,57.5,75,-0.088,0.727,60.7,-6.9,1
sma200,3,5,60,0,2,24,198,-0.078,0.852,57.5,75,-0.088,0.727,60.7,-6.9,1
sma200,3,5,60,0,2,48,198,-0.078,0.852,57.5,75,-0.088,0.727,60.7,-6.9,1
sma200,3,5,60,0,3,0,190,-0.103,0.827,58.3,74,-0.025,0.823,61.2,-6.1,2
sma200,3,5,60,0,3,24,190,-0.103,0.827,58.3,74,-0.025,0.823,61.2,-6.1,2
sma200,3,5,60,0,3,48,190,-0.103,0.827,58.3,74,-0.025,0.823,61.2,-6.1,2
sma200,3,5,60,0,5,0,185,-0.075,0.869,59.2,73,-0.084,0.734,60.8,-7.0,2
sma200,3,5,60,0,5,24,185,-0.075,0.869,59.2,73,-0.092,0.723,60.8,-7.1,2
sma200,3,5,60,0,5,48,185,-0.075,0.869,59.2,73,-0.084,0.734,60.8,-7.0,2
sma200,3,5,60,2,2,0,198,-0.083,0.843,58.1,75,-0.109,0.701,60.7,-6.9,1
sma200,3,5,60,2,2,24,198,-0.083,0.843,58.1,75,-0.109,0.701,60.7,-6.9,1
sma200,3,5,60,2,2,48,198,-0.083,0.843,58.1,75,-0.109,0.701,60.7,-6.9,1
sma200,3,5,60,2,3,0,190,-0.146,0.773,58.3,74,-0.047,0.793,61.2,-6.1,2
sma200,3,5,60,2,3,24,190,-0.146,0.773,58.3,74,-0.047,0.793,61.2,-6.1,2
sma200,3,5,60,2,3,48,190,-0.146,0.773,58.3,74,-0.047,0.793,61.2,-6.1,2
sma200,3,5,60,2,5,0,185,-0.118,0.812,59.2,73,-0.106,0.706,60.8,-7.0,2
sma200,3,5,60,2,5,24,185,-0.118,0.812,59.2,73,-0.113,0.696,60.8,-7.1,2
sma200,3,5,60,2,5,48,185,-0.118,0.812,59.2,73,-0.106,0.706,60.8,-7.0,2
sma200,3,5,60,3,2,0,198,-0.092,0.835,57.5,75,-0.088,0.727,60.7,-6.9,1
sma200,3,5,60,3,2,24,198,-0.092,0.835,57.5,75,-0.088,0.727,60.7,-6.9,1
sma200,3,5,60,3,2,48,198,-0.092,0.835,57.5,75,-0.088,0.727,60.7,-6.9,1
sma200,3,5,60,3,3,0,190,-0.117,0.810,58.3,74,-0.025,0.823,61.2,-6.1,2
sma200,3,5,60,3,3,24,190,-0.117,0.810,58.3,74,-0.025,0.823,61.2,-6.1,2
sma200,3,5,60,3,3,48,190,-0.117,0.810,58.3,74,-0.025,0.823,61.2,-6.1,2
sma200,3,5,60,3,5,0,185,-0.089,0.851,59.2,73,-0.084,0.734,60.8,-7.0,2
sma200,3,5,60,3,5,24,185,-0.089,0.851,59.2,73,-0.092,0.723,60.8,-7.1,2
sma200,3,5,60,3,5,48,185,-0.089,0.851,59.2,73,-0.084,0.734,60.8,-7.0,2
sma200,3,5,70,0,2,0,197,-0.095,0.858,54.0,75,0.064,0.952,63.7,-6.4,1
sma200,3,5,70,0,2,24,197,-0.089,0.864,54.0,75,0.057,0.941,63.7,-6.4,1
sma200,3,5,70,0,2,48,197,-0.095,0.858,54.0,75,0.064,0.952,63.7,-6.4,1
sma200,3,5,70,0,3,0,188,-0.124,0.843,56.5,74,0.071,0.984,64.2,-6.4,1
sma200,3,5,70,0,3,24,188,-0.116,0.850,56.5,74,0.081,1.000,64.2,-6.3,1
sma200,3,5,70,0,3,48,188,-0.124,0.843,56.5,74,0.071,0.984,64.2,-6.4,1
sma200,3,5,70,0,5,0,183,-0.009,0.972,57.4,72,0.032,0.926,63.3,-6.8,1
sma200,3,5,70,0,5,24,183,-0.017,0.964,57.4,72,0.008,0.889,63.3,-7.2,1
sma200,3,5,70,0,5,48,183,-0.009,0.972,57.4,72,0.032,0.926,63.3,-6.8,1
sma200,3,5,70,2,2,0,197,-0.126,0.821,55.1,75,0.007,0.880,63.7,-6.4,1
sma200,3,5,70,2,2,24,197,-0.120,0.827,55.1,75,-0.001,0.870,63.7,-6.4,1
sma200,3,5,70,2,2,48,197,-0.126,0.821,55.1,75,0.007,0.880,63.7,-6.4,1
sma200,3,5,70,2,3,0,188,-0.216,0.748,56.5,74,0.013,0.909,64.2,-6.4,1
sma200,3,5,70,2,3,24,188,-0.208,0.754,56.5,74,0.023,0.924,64.2,-6.3,1
sma200,3,5,70,2,3,48,188,-0.216,0.748,56.5,74,0.013,0.909,64.2,-6.4,1
sma200,3,5,70,2,5,0,183,-0.118,0.846,57.4,72,-0.026,0.853,63.3,-6.8,1
sma200,3,5,70,2,5,24,183,-0.125,0.839,57.4,72,-0.050,0.818,63.3,-7.2,1
sma200,3,5,70,2,5,48,183,-0.118,0.846,57.4,72,-0.026,0.853,63.3,-6.8,1
sma200,3,5,70,3,2,0,197,-0.120,0.834,54.5,75,0.047,0.931,63.7,-6.4,1
sma200,3,5,70,3,2,24,197,-0.114,0.840,54.5,75,0.040,0.920,63.7,-6.4,1
sma200,3,5,70,3,2,48,197,-0.120,0.834,54.5,75,0.047,0.931,63.7,-6.4,1
sma200,3,5,70,3,3,0,188,-0.172,0.796,56.5,74,0.054,0.962,64.2,-6.4,1
sma200,3,5,70,3,3,24,188,-0.164,0.802,56.5,74,0.064,0.977,64.2,-6.3,1
sma200,3,5,70,3,3,48,188,-0.172,0.796,56.5,74,0.054,0.962,64.2,-6.4,1
sma200,3,5,70,3,5,0,183,-0.067,0.907,57.4,72,0.015,0.904,63.3,-6.8,1
sma200,3,5,70,3,5,24,183,-0.074,0.899,57.4,72,-0.009,0.868,63.3,-7.2,1
sma200,3,5,70,3,5,48,183,-0.067,0.907,57.4,72,0.015,0.904,63.3,-6.8,1
sma200,3,10,60,0,2,0,736,-0.160,0.760,56.2,282,-0.159,0.705,55.3,-14.2,0
sma200,3,10,60,0,2,24,736,-0.160,0.760,56.2,282,-0.159,0.705,55.3,-14.2,0
sma200,3,10,60,0,2,48,736,-0.160,0.760,56.2,282,-0.159,0.705,55.3,-14.2,0
sma200,3,10,60,0,3,0,680,-0.118,0.815,59.7,267,-0.141,0.724,57.7,-13.1,1
sma200,3,10,60,0,3,24,680,-0.118,0.815,59.7,267,-0.142,0.723,57.7,-13.2,1
sma200,3,10,60,0,3,48,680,-0.118,0.815,59.7,267,-0.141,0.724,57.7,-13.1,1
sma200,3,10,60,0,5,0,648,-0.106,0.834,61.1,260,-0.157,0.690,57.3,-14.2,2
sma200,3,10,60,0,5,24,648,-0.106,0.834,61.1,260,-0.163,0.683,57.3,-14.4,2
sma200,3,10,60,0,5,48,648,-0.106,0.834,61.1,260,-0.157,0.690,57.3,-14.2,2
sma200,3,10,60,2,2,0,736,-0.167,0.746,56.6,282,-0.165,0.697,55.3,-14.2,0
sma200,3,10,60,2,2,24,736,-0.167,0.746,56.6,282,-0.165,0.697,55.3,-14.2,0
sma200,3,10,60,2,2,48,736,-0.167,0.746,56.6,282,-0.165,0.697,55.3,-14.2,0
sma200,3,10,60,2,3,0,680,-0.152,0.764,59.8,267,-0.147,0.716,57.7,-13.1,1
sma200,3,10,60,2,3,24,680,-0.152,0.764,59.8,267,-0.148,0.715,57.7,-13.2,1
sma200,3,10,60,2,3,48,680,-0.152,0.764,59.8,267,-0.147,0.716,57.7,-13.1,1
sma200,3,10,60,2,5,0,648,-0.137,0.786,61.3,260,-0.157,0.690,57.3,-14.2,2
sma200,3,10,60,2,5,24,648,-0.137,0.786,61.3,260,-0.163,0.683,57.3,-14.4,2
sma200,3,10,60,2,5,48,648,-0.137,0.786,61.3,260,-0.157,0.690,57.3,-14.2,2
sma200,3,10,60,3,2,0,736,-0.167,0.749,56.2,282,-0.159,0.705,55.3,-14.2,0
sma200,3,10,60,3,2,24,736,-0.167,0.749,56.2,282,-0.159,0.705,55.3,-14.2,0
sma200,3,10,60,3,2,48,736,-0.167,0.749,56.2,282,-0.159,0.705,55.3,-14.2,0
sma200,3,10,60,3,3,0,680,-0.133,0.793,59.7,267,-0.141,0.724,57.7,-13.1,1
sma200,3,10,60,3,3,24,680,-0.133,0.793,59.7,267,-0.142,0.723,57.7,-13.2,1
sma200,3,10,60,3,3,48,680,-0.133,0.793,59.7,267,-0.141,0.724,57.7,-13.1,1
sma200,3,10,60,3,5,0,648,-0.122,0.810,61.1,260,-0.157,0.690,57.3,-14.2,2
sma200,3,10,60,3,5,24,648,-0.122,0.810,61.1,260,-0.163,0.683,57.3,-14.4,2
sma200,3,10,60,3,5,48,648,-0.122,0.810,61.1,260,-0.157,0.690,57.3,-14.2,2
sma200,3,10,70,0,2,0,728,-0.143,0.815,55.1,277,-0.141,0.771,57.7,-14.5,1
sma200,3,10,70,0,2,24,728,-0.140,0.818,55.1,277,-0.141,0.771,57.7,-14.5,1
sma200,3,10,70,0,2,48,728,-0.143,0.815,55.1,277,-0.141,0.771,57.7,-14.5,1
sma200,3,10,70,0,3,0,670,-0.112,0.854,59.0,260,-0.136,0.779,60.9,-13.3,1
sma200,3,10,70,0,3,24,670,-0.115,0.851,59.0,261,-0.135,0.780,61.1,-13.3,1
sma200,3,10,70,0,3,48,670,-0.112,0.854,59.0,260,-0.136,0.779,60.9,-13.3,1
sma200,3,10,70,0,5,0,634,-0.070,0.903,60.9,250,-0.138,0.771,61.6,-14.0,1
sma200,3,10,70,0,5,24,634,-0.077,0.895,60.9,251,-0.153,0.757,61.7,-14.3,1
sma200,3,10,70,0,5,48,634,-0.070,0.903,60.9,250,-0.134,0.775,61.6,-13.9,1
sma200,3,10,70,2,2,0,728,-0.154,0.798,56.1,277,-0.157,0.747,57.7,-14.7,1
sma200,3,10,70,2,2,24,728,-0.152,0.800,56.1,277,-0.157,0.747,57.7,-14.7,1
sma200,3,10,70,2,2,48,728,-0.154,0.798,56.1,277,-0.157,0.747,57.7,-14.7,1
sma200,3,10,70,2,3,0,671,-0.162,0.793,59.6,260,-0.154,0.754,60.9,-13.5,1
sma200,3,10,70,2,3,24,671,-0.164,0.790,59.6,261,-0.153,0.756,61.1,-13.5,1
sma200,3,10,70,2,3,48,671,-0.162,0.793,59.6,260,-0.154,0.754,60.9,-13.5,1
sma200,3,10,70,2,5,0,635,-0.093,0.869,61.6,250,-0.145,0.759,61.6,-14.2,1
sma200,3,10,70,2,5,24,635,-0.100,0.861,61.6,251,-0.160,0.744,61.7,-14.4,1
sma200,3,10,70,2,5,48,635,-0.093,0.869,61.6,250,-0.141,0.763,61.6,-14.0,1
sma200,3,10,70,3,2,0,728,-0.143,0.815,55.5,277,-0.145,0.765,57.7,-14.5,1
sma200,3,10,70,3,2,24,728,-0.140,0.817,55.5,277,-0.145,0.765,57.7,-14.5,1
sma200,3,10,70,3,2,48,728,-0.143,0.815,55.5,277,-0.145,0.765,57.7,-14.5,1
sma200,3,10,70,3,3,0,671,-0.128,0.834,59.3,260,-0.141,0.773,60.9,-13.3,1
sma200,3,10,70,3,3,24,671,-0.131,0.831,59.3,261,-0.140,0.775,61.1,-13.3,1
sma200,3,10,70,3,3,48,671,-0.128,0.834,59.3,260,-0.141,0.773,60.9,-13.3,1
sma200,3,10,70,3,5,0,635,-0.066,0.906,61.3,250,-0.138,0.771,61.6,-14.0,1
sma200,3,10,70,3,5,24,635,-0.073,0.898,61.3,251,-0.153,0.757,61.7,-14.3,1
sma200,3,10,70,3,5,48,635,-0.066,0.906,61.3,250,-0.134,0.775,61.6,-13.9,1
sma200,3,15,60,0,2,0,1424,-0.131,0.795,57.4,518,-0.215,0.639,53.9,-22.8,0
sma200,3,15,60,0,2,24,1424,-0.131,0.795,57.4,518,-0.215,0.639,53.9,-22.8,0
sma200,3,15,60,0,2,48,1424,-0.131,0.795,57.4,518,-0.215,0.639,53.9,-22.8,0
sma200,3,15,60,0,3,0,1309,-0.076,0.874,60.4,483,-0.198,0.643,55.2,-21.5,0
sma200,3,15,60,0,3,24,1309,-0.076,0.874,60.4,483,-0.198,0.643,55.2,-21.5,0
sma200,3,15,60,0,3,48,1309,-0.076,0.874,60.4,483,-0.198,0.643,55.2,-21.5,0
sma200,3,15,60,0,5,0,1246,-0.031,0.945,61.8,472,-0.196,0.637,54.9,-21.1,0
sma200,3,15,60,0,5,24,1246,-0.031,0.945,61.8,472,-0.195,0.637,54.9,-21.1,0
sma200,3,15,60,0,5,48,1246,-0.031,0.945,61.8,472,-0.196,0.637,54.9,-21.1,0
sma200,3,15,60,2,2,0,1424,-0.127,0.797,57.9,518,-0.219,0.633,53.9,-23.0,0
sma200,3,15,60,2,2,24,1424,-0.127,0.797,57.9,518,-0.219,0.633,53.9,-23.0,0
sma200,3,15,60,2,2,48,1424,-0.127,0.797,57.9,518,-0.219,0.633,53.9,-23.0,0
sma200,3,15,60,2,3,0,1310,-0.087,0.852,60.6,483,-0.202,0.636,55.2,-21.7,0
sma200,3,15,60,2,3,24,1310,-0.087,0.852,60.6,483,-0.202,0.636,55.2,-21.8,0
sma200,3,15,60,2,3,48,1310,-0.087,0.852,60.6,483,-0.202,0.636,55.2,-21.7,0
sma200,3,15,60,2,5,0,1247,-0.046,0.919,62.0,472,-0.197,0.635,54.9,-21.2,0
sma200,3,15,60,2,5,24,1247,-0.046,0.919,62.0,472,-0.197,0.634,54.9,-21.2,0
sma200,3,15,60,2,5,48,1247,-0.046,0.919,62.0,472,-0.197,0.635,54.9,-21.2,0
sma200,3,15,60,3,2,0,1424,-0.131,0.794,57.5,518,-0.215,0.639,53.9,-22.8,0
sma200,3,15,60,3,2,24,1424,-0.131,0.794,57.5,518,-0.215,0.639,53.9,-22.8,0
sma200,3,15,60,3,2,48,1424,-0.131,0.794,57.5,518,-0.215,0.639,53.9,-22.8,0
sma200,3,15,60,3,3,0,1309,-0.086,0.856,60.4,483,-0.198,0.643,55.2,-21.5,0
sma200,3,15,60,3,3,24,1309,-0.086,0.856,60.4,483,-0.198,0.643,55.2,-21.5,0
sma200,3,15,60,3,3,48,1309,-0.086,0.856,60.4,483,-0.198,0.643,55.2,-21.5,0
sma200,3,15,60,3,5,0,1246,-0.043,0.925,61.8,472,-0.196,0.637,54.9,-21.1,0
sma200,3,15,60,3,5,24,1246,-0.043,0.925,61.8,472,-0.195,0.637,54.9,-21.1,0
sma200,3,15,60,3,5,48,1246,-0.043,0.925,61.8,472,-0.196,0.637,54.9,-21.1,0
sma200,3,15,70,0,2,0,1375,-0.168,0.787,55.3,494,-0.249,0.650,53.2,-23.7,0
sma200,3,15,70,0,2,24,1375,-0.168,0.787,55.3,494,-0.251,0.649,53.0,-23.7,0
sma200,3,15,70,0,2,48,1375,-0.168,0.787,55.3,494,-0.249,0.650,53.2,-23.7,0
sma200,3,15,70,0,3,0,1242,-0.105,0.863,59.1,456,-0.269,0.627,55.1,-23.2,0
sma200,3,15,70,0,3,24,1242,-0.107,0.860,59.1,457,-0.271,0.626,54.9,-23.3,0
sma200,3,15,70,0,3,48,1242,-0.105,0.863,59.1,456,-0.269,0.627,55.1,-23.2,0
sma200,3,15,70,0,5,0,1171,-0.063,0.916,60.6,440,-0.266,0.623,55.0,-23.1,0
sma200,3,15,70,0,5,24,1172,-0.069,0.908,60.6,443,-0.271,0.617,54.5,-23.4,0
sma200,3,15,70,0,5,48,1171,-0.063,0.916,60.6,440,-0.266,0.623,55.0,-23.1,0
sma200,3,15,70,2,2,0,1377,-0.164,0.787,56.3,494,-0.264,0.630,53.2,-24.4,0
sma200,3,15,70,2,2,24,1377,-0.163,0.788,56.3,494,-0.265,0.629,53.0,-24.5,0
sma200,3,15,70,2,2,48,1377,-0.164,0.787,56.3,494,-0.264,0.630,53.2,-24.4,0
sma200,3,15,70,2,3,0,1247,-0.118,0.841,59.9,456,-0.283,0.609,55.1,-23.8,0
sma200,3,15,70,2,3,24,1247,-0.120,0.839,59.9,457,-0.285,0.608,54.9,-23.9,0
sma200,3,15,70,2,3,48,1247,-0.118,0.841,59.9,456,-0.283,0.609,55.1,-23.8,0
sma200,3,15,70,2,5,0,1177,-0.060,0.917,61.4,440,-0.274,0.611,55.0,-23.4,0
sma200,3,15,70,2,5,24,1178,-0.066,0.909,61.5,443,-0.279,0.605,54.5,-23.8,0
sma200,3,15,70,2,5,48,1177,-0.060,0.917,61.4,440,-0.274,0.611,55.0,-23.4,0
sma200,3,15,70,3,2,0,1375,-0.167,0.787,55.8,494,-0.253,0.645,53.2,-23.9,0
sma200,3,15,70,3,2,24,1375,-0.167,0.787,55.8,494,-0.255,0.643,53.0,-24.0,0
sma200,3,15,70,3,2,48,1375,-0.167,0.787,55.8,494,-0.253,0.645,53.2,-23.9,0
sma200,3,15,70,3,3,0,1243,-0.122,0.841,59.3,456,-0.274,0.621,55.1,-23.5,0
sma200,3,15,70,3,3,24,1243,-0.124,0.838,59.3,457,-0.276,0.620,54.9,-23.6,0
sma200,3,15,70,3,3,48,1243,-0.122,0.841,59.3,456,-0.274,0.621,55.1,-23.5,0
sma200,3,15,70,3,5,0,1172,-0.059,0.922,61.0,440,-0.268,0.620,55.0,-23.2,0
sma200,3,15,70,3,5,24,1173,-0.065,0.914,61.0,443,-0.273,0.614,54.5,-23.6,0
sma200,3,15,70,3,5,48,1172,-0.059,0.922,61.0,440,-0.268,0.620,55.0,-23.2,0
sma200,4,5,60,0,2,0,39,-0.194,0.663,54.7,7,0.029,0.699,75.0,-1.5,1
sma200,4,5,60,0,2,24,39,-0.194,0.663,54.7,7,0.266,1.034,75.0,-1.0,1
sma200,4,5,60,0,2,48,39,-0.194,0.663,54.7,7,0.029,0.699,75.0,-1.5,1
sma200,4,5,60,0,3,0,39,-0.186,0.666,59.8,6,0.115,0.828,72.2,-1.1,1
sma200,4,5,60,0,3,24,39,-0.204,0.654,59.8,6,0.231,0.991,72.2,-0.9,1
sma200,4,5,60,0,3,48,39,-0.186,0.666,59.8,6,0.115,0.828,72.2,-1.1,1
sma200,4,5,60,0,5,0,39,-0.225,0.659,61.6,6,0.115,0.828,72.2,-1.1,1
sma200,4,5,60,0,5,24,39,-0.199,0.695,61.6,6,0.231,0.991,72.2,-0.9,1
sma200,4,5,60,0,5,48,39,-0.225,0.659,61.6,6,0.115,0.828,72.2,-1.1,1
sma200,4,5,60,2,2,0,39,-0.095,0.752,57.6,7,0.029,0.699,75.0,-1.5,1
sma200,4,5,60,2,2,24,39,-0.095,0.752,57.6,7,0.266,1.034,75.0,-1.0,1
sma200,4,5,60,2,2,48,39,-0.095,0.752,57.6,7,0.029,0.699,75.0,-1.5,1
sma200,4,5,60,2,3,0,39,-0.132,0.716,62.7,6,0.115,0.828,72.2,-1.1,1
sma200,4,5,60,2,3,24,39,-0.151,0.702,62.7,6,0.231,0.991,72.2,-0.9,1
sma200,4,5,60,2,3,48,39,-0.132,0.716,62.7,6,0.115,0.828,72.2,-1.1,1
sma200,4,5,60,2,5,0,39,-0.172,0.706,64.5,6,0.115,0.828,72.2,-1.1,1
sma200,4,5,60,2,5,24,39,-0.146,0.745,64.5,6,0.231,0.991,72.2,-0.9,1
sma200,4,5,60,2,5,48,39,-0.172,0.706,64.5,6,0.115,0.828,72.2,-1.1,1
sma200,4,5,60,3,2,0,39,-0.211,0.645,54.7,7,0.029,0.699,75.0,-1.5,1
sma200,4,5,60,3,2,24,39,-0.211,0.645,54.7,7,0.266,1.034,75.0,-1.0,1
sma200,4,5,60,3,2,48,39,-0.211,0.645,54.7,7,0.029,0.699,75.0,-1.5,1
sma200,4,5,60,3,3,0,39,-0.202,0.649,59.8,6,0.115,0.828,72.2,-1.1,1
sma200,4,5,60,3,3,24,39,-0.221,0.637,59.8,6,0.231,0.991,72.2,-0.9,1
sma200,4,5,60,3,3,48,39,-0.202,0.649,59.8,6,0.115,0.828,72.2,-1.1,1
sma200,4,5,60,3,5,0,39,-0.242,0.642,61.6,6,0.115,0.828,72.2,-1.1,1
sma200,4,5,60,3,5,24,39,-0.216,0.677,61.6,6,0.231,0.991,72.2,-0.9,1
sma200,4,5,60,3,5,48,39,-0.242,0.642,61.6,6,0.115,0.828,72.2,-1.1,1
sma200,4,5,70,0,2,0,39,-0.007,0.832,54.7,7,0.317,1.195,75.0,-1.5,2
sma200,4,5,70,0,2,24,39,-0.074,0.755,52.9,7,0.554,1.767,75.0,-1.0,3
sma200,4,5,70,0,2,48,39,-0.007,0.832,54.7,7,0.317,1.195,75.0,-1.5,2
sma200,4,5,70,0,3,0,39,-0.023,0.814,59.8,6,0.491,1.757,72.2,-0.8,2
sma200,4,5,70,0,3,24,39,-0.082,0.744,58.0,6,0.510,1.643,72.2,-0.9,3
sma200,4,5,70,0,3,48,39,-0.023,0.814,59.8,6,0.491,1.757,72.2,-0.8,2
sma200,4,5,70,0,5,0,39,-0.177,0.684,59.8,6,0.491,1.757,72.2,-0.8,2
sma200,4,5,70,0,5,24,39,-0.152,0.690,58.0,6,0.510,1.643,72.2,-0.9,3
sma200,4,5,70,0,5,48,39,-0.130,0.712,59.8,6,0.491,1.757,72.2,-0.8,2
sma200,4,5,70,2,2,0,39,0.013,0.843,57.6,7,0.317,1.195,75.0,-1.5,2
sma200,4,5,70,2,2,24,39,-0.054,0.760,55.8,7,0.554,1.767,75.0,-1.0,3
sma200,4,5,70,2,2,48,39,0.013,0.843,57.6,7,0.317,1.195,75.0,-1.5,2
sma200,4,5,70,2,3,0,39,-0.062,0.774,62.7,6,0.491,1.757,72.2,-0.8,2
sma200,4,5,70,2,3,24,39,-0.109,0.715,60.8,6,0.510,1.643,72.2,-0.9,3
sma200,4,5,70,2,3,48,39,-0.062,0.774,62.7,6,0.491,1.757,72.2,-0.8,2
sma200,4,5,70,2,5,0,39,-0.216,0.651,62.7,6,0.491,1.757,72.2,-0.8,2
sma200,4,5,70,2,5,24,39,-0.179,0.662,60.8,6,0.510,1.643,72.2,-0.9,3
sma200,4,5,70,2,5,48,39,-0.169,0.677,62.7,6,0.491,1.757,72.2,-0.8,2
sma200,4,5,70,3,2,0,39,-0.104,0.728,54.7,7,0.317,1.195,75.0,-1.5,2
sma200,4,5,70,3,2,24,39,-0.170,0.661,52.9,7,0.554,1.767,75.0,-1.0,3
sma200,4,5,70,3,2,48,39,-0.104,0.728,54.7,7,0.317,1.195,75.0,-1.5,2
sma200,4,5,70,3,3,0,39,-0.119,0.718,59.8,6,0.491,1.757,72.2,-0.8,2
sma200,4,5,70,3,3,24,39,-0.179,0.655,58.0,6,0.510,1.643,72.2,-0.9,3
sma200,4,5,70,3,3,48,39,-0.119,0.718,59.8,6,0.491,1.757,72.2,-0.8,2
sma200,4,5,70,3,5,0,39,-0.273,0.603,59.8,6,0.491,1.757,72.2,-0.8,2
sma200,4,5,70,3,5,24,39,-0.249,0.608,58.0,6,0.510,1.643,72.2,-0.9,3
sma200,4,5,70,3,5,48,39,-0.227,0.628,59.8,6,0.491,1.757,72.2,-0.8,2
sma200,4,10,60,0,2,0,238,-0.052,0.907,56.3,91,0.025,0.965,60.0,-6.8,2
sma200,4,10,60,0,2,24,238,-0.054,0.904,56.3,91,0.018,0.956,60.0,-6.9,2
sma200,4,10,60,0,2,48,238,-0.052,0.907,56.3,91,0.025,0.965,60.0,-6.8,2
sma200,4,10,60,0,3,0,228,-0.093,0.876,58.5,90,0.026,0.949,61.8,-7.2,1
sma200,4,10,60,0,3,24,228,-0.096,0.873,58.5,90,0.023,0.944,61.8,-7.3,1
sma200,4,10,60,0,3,48,228,-0.093,0.876,58.5,90,0.026,0.949,61.8,-7.2,1
sma200,4,10,60,0,5,0,220,0.022,1.023,59.3,88,0.002,0.923,61.1,-7.5,2
sma200,4,10,60,0,5,24,220,0.001,0.996,59.3,88,-0.034,0.871,61.1,-8.1,1
sma200,4,10,60,0,5,48,220,0.022,1.023,59.3,88,0.002,0.923,61.1,-7.5,2
sma200,4,10,60,2,2,0,238,-0.081,0.874,57.2,91,-0.022,0.900,60.0,-6.8,2
sma200,4,10,60,2,2,24,238,-0.083,0.872,57.2,91,-0.028,0.892,60.0,-6.9,2
sma200,4,10,60,2,2,48,238,-0.081,0.874,57.2,91,-0.022,0.900,60.0,-6.8,2
sma200,4,10,60,2,3,0,228,-0.170,0.794,58.5,90,-0.021,0.886,61.8,-7.3,1
sma200,4,10,60,2,3,24,228,-0.173,0.791,58.5,90,-0.024,0.881,61.8,-7.3,1
sma200,4,10,60,2,3,48,228,-0.170,0.794,58.5,90,-0.021,0.886,61.8,-7.3,1
sma200,4,10,60,2,5,0,220,-0.058,0.925,59.3,88,-0.045,0.859,61.1,-7.5,2
sma200,4,10,60,2,5,24,220,-0.079,0.900,59.3,88,-0.081,0.811,61.1,-8.1,1
sma200,4,10,60,2,5,48,220,-0.058,0.925,59.3,88,-0.045,0.859,61.1,-7.5,2
sma200,4,10,60,3,2,0,238,-0.073,0.888,56.7,91,0.012,0.947,60.0,-6.8,2
sma200,4,10,60,3,2,24,238,-0.075,0.886,56.7,91,0.005,0.938,60.0,-6.9,2
sma200,4,10,60,3,2,48,238,-0.073,0.888,56.7,91,0.012,0.947,60.0,-6.8,2
sma200,4,10,60,3,3,0,228,-0.129,0.839,58.5,90,0.013,0.931,61.8,-7.2,1
sma200,4,10,60,3,3,24,228,-0.132,0.836,58.5,90,0.010,0.926,61.8,-7.3,1
sma200,4,10,60,3,3,48,228,-0.129,0.839,58.5,90,0.013,0.931,61.8,-7.2,1
sma200,4,10,60,3,5,0,220,-0.015,0.978,59.3,88,-0.011,0.905,61.1,-7.5,2
sma200,4,10,60,3,5,24,220,-0.036,0.952,59.3,88,-0.047,0.854,61.1,-8.1,1
sma200,4,10,60,3,5,48,220,-0.015,0.978,59.3,88,-0.011,0.905,61.1,-7.5,2
sma200,4,10,70,0,2,0,238,0.065,1.050,55.6,89,0.149,1.151,62.3,-6.3,3
sma200,4,10,70,0,2,24,238,0.045,1.027,54.8,89,0.162,1.173,62.3,-6.5,3
sma200,4,10,70,0,2,48,238,0.064,1.050,55.6,89,0.149,1.151,62.3,-6.3,3
sma200,4,10,70,0,3,0,227,0.050,1.039,60.3,88,0.226,1.250,66.6,-6.4,3
sma200,4,10,70,0,3,24,227,0.003,0.988,59.0,88,0.210,1.223,65.3,-6.2,3
sma200,4,10,70,0,3,48,227,0.049,1.039,60.3,88,0.223,1.246,66.6,-6.4,3
sma200,4,10,70,0,5,0,219,0.156,1.171,62.8,86,0.173,1.185,66.1,-7.0,3
sma200,4,10,70,0,5,24,219,0.056,1.050,60.6,86,0.133,1.091,64.8,-7.4,3
sma200,4,10,70,0,5,48,219,0.155,1.170,62.8,86,0.169,1.181,66.1,-7.0,3
sma200,4,10,70,2,2,0,238,0.032,1.026,57.3,90,0.138,1.145,62.7,-6.5,3
sma200,4,10,70,2,2,24,238,0.008,0.998,56.4,90,0.131,1.139,62.7,-6.6,3
sma200,4,10,70,2,2,48,238,0.031,1.025,57.3,90,0.138,1.145,62.7,-6.5,3
sma200,4,10,70,2,3,0,228,-0.043,0.952,60.8,89,0.216,1.244,67.0,-6.6,3
sma200,4,10,70,2,3,24,228,-0.088,0.906,59.9,89,0.163,1.167,65.7,-6.6,3
sma200,4,10,70,2,3,48,228,-0.044,0.951,60.8,89,0.213,1.239,67.0,-6.6,3
sma200,4,10,70,2,5,0,220,0.071,1.091,63.4,87,0.164,1.179,66.4,-7.1,3
sma200,4,10,70,2,5,24,220,-0.013,0.993,62.0,87,0.055,1.011,65.2,-8.1,3
sma200,4,10,70,2,5,48,220,0.071,1.091,63.4,87,0.161,1.175,66.4,-7.1,3
sma200,4,10,70,3,2,0,238,0.041,1.037,56.4,90,0.185,1.207,62.7,-6.3,3
sma200,4,10,70,3,2,24,238,0.018,1.010,55.6,90,0.179,1.202,62.7,-6.5,3
sma200,4,10,70,3,2,48,238,0.041,1.036,56.4,90,0.185,1.207,62.7,-6.3,3
sma200,4,10,70,3,3,0,228,0.007,1.005,60.8,89,0.263,1.309,67.0,-6.4,3
sma200,4,10,70,3,3,24,228,-0.043,0.951,59.5,89,0.211,1.229,65.7,-6.5,3
sma200,4,10,70,3,3,48,228,0.007,1.004,60.8,89,0.260,1.304,67.0,-6.4,3
sma200,4,10,70,3,5,0,220,0.124,1.151,63.4,87,0.213,1.242,66.4,-7.0,3
sma200,4,10,70,3,5,24,220,0.033,1.040,61.6,87,0.103,1.067,65.2,-8.0,3
sma200,4,10,70,3,5,48,220,0.123,1.151,63.4,87,0.210,1.238,66.4,-7.0,3
sma200,4,15,60,0,2,0,651,-0.171,0.782,54.6,233,-0.115,0.806,58.2,-11.8,1
sma200,4,15,60,0,2,24,651,-0.172,0.781,54.6,233,-0.115,0.806,58.2,-11.8,1
sma200,4,15,60,0,2,48,651,-0.171,0.782,54.6,233,-0.115,0.806,58.2,-11.8,1
sma200,4,15,60,0,3,0,593,-0.131,0.833,59.4,222,-0.102,0.837,61.9,-11.4,1
sma200,4,15,60,0,3,24,593,-0.133,0.831,59.4,223,-0.098,0.841,62.0,-11.3,1
sma200,4,15,60,0,3,48,593,-0.131,0.833,59.4,222,-0.102,0.837,61.9,-11.4,1
sma200,4,15,60,0,5,0,557,-0.059,0.922,60.8,213,-0.126,0.802,61.8,-12.8,1
sma200,4,15,60,0,5,24,557,-0.073,0.907,60.8,214,-0.136,0.790,62.0,-12.9,1
sma200,4,15,60,0,5,48,557,-0.059,0.922,60.8,213,-0.126,0.802,61.8,-12.8,1
sma200,4,15,60,2,2,0,651,-0.163,0.789,56.0,233,-0.131,0.781,58.2,-11.9,1
sma200,4,15,60,2,2,24,651,-0.164,0.788,56.0,233,-0.131,0.781,58.2,-11.9,1
sma200,4,15,60,2,2,48,651,-0.163,0.789,56.0,233,-0.131,0.781,58.2,-11.9,1
sma200,4,15,60,2,3,0,595,-0.147,0.810,60.4,222,-0.119,0.812,61.9,-11.5,1
sma200,4,15,60,2,3,24,595,-0.149,0.808,60.4,223,-0.115,0.815,62.0,-11.4,1
sma200,4,15,60,2,3,48,595,-0.147,0.810,60.4,222,-0.119,0.812,61.9,-11.5,1
sma200,4,15,60,2,5,0,559,-0.052,0.932,61.8,213,-0.132,0.791,61.8,-12.8,1
sma200,4,15,60,2,5,24,559,-0.065,0.915,61.8,214,-0.142,0.780,62.0,-12.9,1
sma200,4,15,60,2,5,48,559,-0.052,0.932,61.8,213,-0.132,0.791,61.8,-12.8,1
sma200,4,15,60,3,2,0,651,-0.169,0.786,55.1,233,-0.120,0.799,58.2,-11.8,1
sma200,4,15,60,3,2,24,651,-0.170,0.785,55.1,233,-0.120,0.799,58.2,-11.8,1
sma200,4,15,60,3,2,48,651,-0.169,0.786,55.1,233,-0.120,0.799,58.2,-11.8,1
sma200,4,15,60,3,3,0,594,-0.142,0.820,59.6,222,-0.107,0.830,61.9,-11.4,1
sma200,4,15,60,3,3,24,594,-0.144,0.818,59.6,223,-0.103,0.834,62.0,-11.3,1
sma200,4,15,60,3,3,48,594,-0.142,0.820,59.6,222,-0.107,0.830,61.9,-11.4,1
sma200,4,15,60,3,5,0,558,-0.051,0.933,61.2,213,-0.126,0.802,61.8,-12.8,1
sma200,4,15,60,3,5,24,558,-0.064,0.917,61.2,214,-0.136,0.790,62.0,-12.9,1
sma200,4,15,60,3,5,48,558,-0.051,0.933,61.2,213,-0.126,0.802,61.8,-12.8,1
sma200,4,15,70,0,2,0,636,-0.169,0.810,51.1,226,-0.121,0.829,56.9,-13.5,1
sma200,4,15,70,0,2,24,637,-0.170,0.809,50.3,227,-0.126,0.820,55.8,-13.9,1
sma200,4,15,70,0,2,48,636,-0.169,0.810,51.1,226,-0.121,0.829,56.9,-13.5,1
sma200,4,15,70,0,3,0,573,-0.118,0.870,57.5,213,-0.092,0.881,60.7,-12.7,1
sma200,4,15,70,0,3,24,576,-0.132,0.856,56.3,216,-0.116,0.846,58.5,-12.7,1
sma200,4,15,70,0,3,48,573,-0.116,0.872,57.5,213,-0.092,0.881,60.7,-12.7,1
sma200,4,15,70,0,5,0,536,-0.069,0.921,60.6,204,-0.095,0.873,61.0,-14.3,2
sma200,4,15,70,0,5,24,539,-0.104,0.886,59.3,206,-0.182,0.779,58.5,-15.4,1
sma200,4,15,70,0,5,48,536,-0.073,0.916,60.6,204,-0.091,0.877,61.0,-14.2,2
sma200,4,15,70,2,2,0,638,-0.165,0.814,53.4,228,-0.098,0.860,57.7,-13.2,2
sma200,4,15,70,2,2,24,639,-0.167,0.812,52.7,228,-0.098,0.855,56.9,-13.3,1
sma200,4,15,70,2,2,48,638,-0.165,0.814,53.4,228,-0.098,0.860,57.7,-13.2,2
sma200,4,15,70,2,3,0,577,-0.160,0.825,59.1,215,-0.079,0.897,61.1,-12.6,1
sma200,4,15,70,2,3,24,580,-0.171,0.812,58.1,217,-0.093,0.875,59.7,-12.4,1
sma200,4,15,70,2,3,48,577,-0.158,0.827,59.1,215,-0.079,0.897,61.1,-12.6,1
sma200,4,15,70,2,5,0,540,-0.063,0.930,62.5,205,-0.094,0.877,61.2,-14.5,2
sma200,4,15,70,2,5,24,543,-0.096,0.894,61.4,207,-0.175,0.790,59.1,-15.5,0
sma200,4,15,70,2,5,48,540,-0.068,0.925,62.5,205,-0.091,0.880,61.2,-14.4,2
sma200,4,15,70,3,2,0,638,-0.170,0.813,51.8,228,-0.090,0.871,57.3,-13.5,2
sma200,4,15,70,3,2,24,639,-0.172,0.810,51.1,228,-0.091,0.867,56.5,-13.6,2
sma200,4,15,70,3,2,48,638,-0.170,0.813,51.8,228,-0.090,0.871,57.3,-13.5,2
sma200,4,15,70,3,3,0,576,-0.141,0.849,58.0,215,-0.056,0.927,61.1,-12.4,1
sma200,4,15,70,3,3,24,579,-0.156,0.834,56.9,217,-0.071,0.904,59.7,-12.1,1
sma200,4,15,70,3,3,48,576,-0.139,0.851,58.0,215,-0.056,0.927,61.1,-12.4,1
sma200,4,15,70,3,5,0,538,-0.056,0.938,61.5,205,-0.078,0.900,61.2,-14.3,2
sma200,4,15,70,3,5,24,541,-0.092,0.899,60.2,207,-0.159,0.811,59.1,-15.2,1
sma200,4,15,70,3,5,48,538,-0.060,0.933,61.5,205,-0.074,0.904,61.2,-14.2,2
r20,2,5,60,0,2,0,1285,-0.145,0.760,56.6,468,-0.126,0.701,56.1,-15.7,0
r20,2,5,60,0,2,24,1285,-0.145,0.760,56.6,468,-0.126,0.701,56.1,-15.7,0
r20,2,5,60,0,2,48,1285,-0.145,0.760,56.6,468,-0.126,0.701,56.1,-15.7,0
r20,2,5,60,0,3,0,1187,-0.122,0.791,58.1,445,-0.145,0.665,56.7,-16.2,0
r20,2,5,60,0,3,24,1187,-0.122,0.791,58.1,445,-0.145,0.665,56.7,-16.2,0
r20,2,5,60,0,3,48,1187,-0.122,0.791,58.1,445,-0.145,0.665,56.7,-16.2,0
r20,2,5,60,0,5,0,1118,-0.107,0.818,58.6,423,-0.144,0.661,56.0,-15.6,0
r20,2,5,60,0,5,24,1118,-0.107,0.818,58.6,423,-0.144,0.661,56.0,-15.6,0
r20,2,5,60,0,5,48,1118,-0.107,0.818,58.6,423,-0.144,0.661,56.0,-15.6,0
r20,2,5,60,2,2,0,1285,-0.140,0.765,56.9,468,-0.126,0.701,56.1,-15.7,0
r20,2,5,60,2,2,24,1285,-0.140,0.765,56.9,468,-0.126,0.701,56.1,-15.7,0
r20,2,5,60,2,2,48,1285,-0.140,0.765,56.9,468,-0.126,0.701,56.1,-15.7,0
r20,2,5,60,2,3,0,1187,-0.127,0.780,58.2,445,-0.145,0.665,56.7,-16.2,0
r20,2,5,60,2,3,24,1187,-0.127,0.780,58.2,445,-0.145,0.665,56.7,-16.2,0
r20,2,5,60,2,3,48,1187,-0.127,0.780,58.2,445,-0.145,0.665,56.7,-16.2,0
r20,2,5,60,2,5,0,1118,-0.111,0.809,58.7,423,-0.144,0.661,56.0,-15.6,0
r20,2,5,60,2,5,24,1118,-0.111,0.809,58.7,423,-0.144,0.661,56.0,-15.6,0
r20,2,5,60,2,5,48,1118,-0.111,0.809,58.7,423,-0.144,0.661,56.0,-15.6,0
r20,2,5,60,3,2,0,1285,-0.145,0.758,56.7,468,-0.126,0.701,56.1,-15.7,0
r20,2,5,60,3,2,24,1285,-0.145,0.758,56.7,468,-0.126,0.701,56.1,-15.7,0
r20,2,5,60,3,2,48,1285,-0.145,0.758,56.7,468,-0.126,0.701,56.1,-15.7,0
r20,2,5,60,3,3,0,1187,-0.127,0.782,58.1,445,-0.145,0.665,56.7,-16.2,0
r20,2,5,60,3,3,24,1187,-0.127,0.782,58.1,445,-0.145,0.665,56.7,-16.2,0
r20,2,5,60,3,3,48,1187,-0.127,0.782,58.1,445,-0.145,0.665,56.7,-16.2,0
r20,2,5,60,3,5,0,1118,-0.113,0.807,58.6,423,-0.144,0.661,56.0,-15.6,0
r20,2,5,60,3,5,24,1118,-0.113,0.807,58.6,423,-0.144,0.661,56.0,-15.6,0
r20,2,5,60,3,5,48,1118,-0.113,0.807,58.6,423,-0.144,0.661,56.0,-15.6,0
r20,2,5,70,0,2,0,1272,-0.119,0.817,56.8,461,-0.124,0.750,56.5,-16.6,0
r20,2,5,70,0,2,24,1272,-0.119,0.817,56.8,461,-0.124,0.750,56.5,-16.6,0
r20,2,5,70,0,2,48,1272,-0.119,0.817,56.8,461,-0.124,0.750,56.5,-16.6,0
r20,2,5,70,0,3,0,1168,-0.091,0.855,59.3,434,-0.125,0.750,57.6,-16.6,0
r20,2,5,70,0,3,24,1168,-0.091,0.855,59.3,434,-0.125,0.750,57.6,-16.6,0
r20,2,5,70,0,3,48,1168,-0.091,0.855,59.3,434,-0.125,0.750,57.6,-16.6,0
r20,2,5,70,0,5,0,1098,-0.078,0.882,60.2,412,-0.127,0.740,56.9,-16.4,0
r20,2,5,70,0,5,24,1098,-0.078,0.882,60.2,412,-0.123,0.745,56.9,-16.2,0
r20,2,5,70,0,5,48,1098,-0.078,0.882,60.2,412,-0.127,0.740,56.9,-16.4,0
r20,2,5,70,2,2,0,1272,-0.125,0.806,57.1,461,-0.133,0.731,56.5,-17.0,0
r20,2,5,70,2,2,24,1272,-0.125,0.806,57.1,461,-0.133,0.731,56.5,-17.0,0
r20,2,5,70,2,2,48,1272,-0.125,0.806,57.1,461,-0.133,0.731,56.5,-17.0,0
r20,2,5,70,2,3,0,1168,-0.109,0.825,59.5,434,-0.129,0.744,57.6,-16.8,0
r20,2,5,70,2,3,24,1168,-0.109,0.825,59.5,434,-0.129,0.744,57.6,-16.8,0
r20,2,5,70,2,3,48,1168,-0.109,0.825,59.5,434,-0.129,0.744,57.6,-16.8,0
r20,2,5,70,2,5,0,1098,-0.096,0.850,60.4,412,-0.127,0.740,56.9,-16.4,0
r20,2,5,70,2,5,24,1098,-0.096,0.850,60.4,412,-0.123,0.745,56.9,-16.2,0
r20,2,5,70,2,5,48,1098,-0.096,0.850,60.4,412,-0.127,0.740,56.9,-16.4,0
r20,2,5,70,3,2,0,1272,-0.124,0.807,56.8,461,-0.124,0.750,56.5,-16.6,0
r20,2,5,70,3,2,24,1272,-0.124,0.807,56.8,461,-0.124,0.750,56.5,-16.6,0
r20,2,5,70,3,2,48,1272,-0.124,0.807,56.8,461,-0.124,0.750,56.5,-16.6,0
r20,2,5,70,3,3,0,1168,-0.104,0.834,59.3,434,-0.125,0.750,57.6,-16.6,0
r20,2,5,70,3,3,24,1168,-0.104,0.834,59.3,434,-0.125,0.750,57.6,-16.6,0
r20,2,5,70,3,3,48,1168,-0.104,0.834,59.3,434,-0.125,0.750,57.6,-16.6,0
r20,2,5,70,3,5,0,1098,-0.092,0.859,60.2,412,-0.127,0.740,56.9,-16.4,0
r20,2,5,70,3,5,24,1098,-0.092,0.859,60.2,412,-0.123,0.745,56.9,-16.2,0
r20,2,5,70,3,5,48,1098,-0.092,0.859,60.2,412,-0.127,0.740,56.9,-16.4,0
r20,2,10,60,0,2,0,2516,-0.160,0.732,56.2,818,-0.163,0.635,53.1,-26.0,0
r20,2,10,60,0,2,24,2516,-0.160,0.732,56.2,818,-0.163,0.635,53.1,-26.0,0
r20,2,10,60,0,2,48,2516,-0.160,0.732,56.2,818,-0.163,0.635,53.1,-26.0,0
r20,2,10,60,0,3,0,2284,-0.141,0.760,57.6,766,-0.166,0.619,52.6,-26.4,0
r20,2,10,60,0,3,24,2284,-0.141,0.760,57.6,766,-0.166,0.619,52.6,-26.4,0
r20,2,10,60,0,3,48,2284,-0.141,0.760,57.6,766,-0.166,0.619,52.6,-26.4,0
r20,2,10,60,0,5,0,2133,-0.120,0.788,58.3,732,-0.152,0.640,52.5,-24.5,0
r20,2,10,60,0,5,24,2133,-0.120,0.788,58.3,732,-0.152,0.639,52.5,-24.6,0
r20,2,10,60,0,5,48,2133,-0.120,0.788,58.3,732,-0.152,0.640,52.5,-24.5,0
r20,2,10,60,2,2,0,2517,-0.155,0.738,56.4,818,-0.163,0.635,53.1,-26.0,0
r20,2,10,60,2,2,24,2517,-0.155,0.738,56.4,818,-0.163,0.635,53.1,-26.0,0
r20,2,10,60,2,2,48,2517,-0.155,0.738,56.4,818,-0.163,0.635,53.1,-26.0,0
r20,2,10,60,2,3,0,2285,-0.141,0.757,57.7,766,-0.166,0.619,52.6,-26.4,0
r20,2,10,60,2,3,24,2285,-0.141,0.757,57.7,766,-0.166,0.619,52.6,-26.4,0
r20,2,10,60,2,3,48,2285,-0.141,0.757,57.7,766,-0.166,0.619,52.6,-26.4,0
r20,2,10,60,2,5,0,2134,-0.121,0.785,58.4,732,-0.152,0.640,52.5,-24.5,0
r20,2,10,60,2,5,24,2134,-0.121,0.785,58.4,732,-0.152,0.639,52.5,-24.6,0
r20,2,10,60,2,5,48,2134,-0.121,0.785,58.4,732,-0.152,0.640,52.5,-24.5,0
r20,2,10,60,3,2,0,2516,-0.160,0.731,56.3,818,-0.163,0.635,53.1,-26.0,0
r20,2,10,60,3,2,24,2516,-0.160,0.731,56.3,818,-0.163,0.635,53.1,-26.0,0
r20,2,10,60,3,2,48,2516,-0.160,0.731,56.3,818,-0.163,0.635,53.1,-26.0,0
r20,2,10,60,3,3,0,2284,-0.142,0.758,57.6,766,-0.166,0.619,52.6,-26.4,0
r20,2,10,60,3,3,24,2284,-0.142,0.758,57.6,766,-0.166,0.619,52.6,-26.4,0
r20,2,10,60,3,3,48,2284,-0.142,0.758,57.6,766,-0.166,0.619,52.6,-26.4,0
r20,2,10,60,3,5,0,2133,-0.121,0.785,58.3,732,-0.152,0.640,52.5,-24.5,0
r20,2,10,60,3,5,24,2133,-0.121,0.785,58.3,732,-0.152,0.639,52.5,-24.6,0
r20,2,10,60,3,5,48,2133,-0.121,0.785,58.3,732,-0.152,0.640,52.5,-24.5,0
r20,2,10,70,0,2,0,2440,-0.143,0.784,56.8,782,-0.166,0.671,54.9,-26.9,0
r20,2,10,70,0,2,24,2440,-0.143,0.784,56.8,782,-0.166,0.671,54.9,-26.9,0
r20,2,10,70,0,2,48,2440,-0.143,0.784,56.8,782,-0.166,0.671,54.9,-26.9,0
r20,2,10,70,0,3,0,2184,-0.118,0.818,58.8,723,-0.168,0.664,54.9,-26.4,0
r20,2,10,70,0,3,24,2184,-0.118,0.818,58.8,723,-0.168,0.664,54.9,-26.4,0
r20,2,10,70,0,3,48,2184,-0.118,0.818,58.8,723,-0.168,0.664,54.9,-26.4,0
r20,2,10,70,0,5,0,2023,-0.097,0.849,60.1,684,-0.151,0.680,54.9,-24.4,0
r20,2,10,70,0,5,24,2023,-0.097,0.849,60.1,684,-0.151,0.680,54.9,-24.4,0
r20,2,10,70,0,5,48,2023,-0.097,0.849,60.1,684,-0.151,0.680,54.9,-24.4,0
r20,2,10,70,2,2,0,2444,-0.140,0.787,57.2,782,-0.173,0.658,54.9,-27.6,0
r20,2,10,70,2,2,24,2444,-0.140,0.787,57.2,782,-0.173,0.658,54.9,-27.6,0
r20,2,10,70,2,2,48,2444,-0.140,0.787,57.2,782,-0.173,0.658,54.9,-27.6,0
r20,2,10,70,2,3,0,2189,-0.122,0.811,59.1,723,-0.175,0.651,54.9,-27.0,0
r20,2,10,70,2,3,24,2189,-0.122,0.811,59.1,723,-0.175,0.651,54.9,-27.0,0
r20,2,10,70,2,3,48,2189,-0.122,0.811,59.1,723,-0.175,0.651,54.9,-27.0,0
r20,2,10,70,2,5,0,2027,-0.097,0.846,60.4,684,-0.152,0.678,54.9,-24.4,0
r20,2,10,70,2,5,24,2027,-0.097,0.846,60.4,684,-0.152,0.678,54.9,-24.4,0
r20,2,10,70,2,5,48,2027,-0.097,0.846,60.4,684,-0.152,0.678,54.9,-24.4,0
r20,2,10,70,3,2,0,2441,-0.144,0.780,56.8,782,-0.166,0.671,54.9,-26.9,0
r20,2,10,70,3,2,24,2441,-0.144,0.780,56.8,782,-0.166,0.671,54.9,-26.9,0
r20,2,10,70,3,2,48,2441,-0.144,0.780,56.8,782,-0.166,0.671,54.9,-26.9,0
r20,2,10,70,3,3,0,2185,-0.123,0.811,58.8,723,-0.168,0.664,54.9,-26.4,0
r20,2,10,70,3,3,24,2185,-0.123,0.811,58.8,723,-0.168,0.664,54.9,-26.4,0
r20,2,10,70,3,3,48,2185,-0.123,0.811,58.8,723,-0.168,0.664,54.9,-26.4,0
r20,2,10,70,3,5,0,2024,-0.102,0.840,60.1,684,-0.151,0.680,54.9,-24.4,0
r20,2,10,70,3,5,24,2024,-0.102,0.840,60.1,684,-0.151,0.680,54.9,-24.4,0
r20,2,10,70,3,5,48,2024,-0.102,0.840,60.1,684,-0.151,0.680,54.9,-24.4,0
r20,2,15,60,0,2,0,3492,-0.165,0.710,56.1,1107,-0.177,0.616,52.8,-34.0,0
r20,2,15,60,0,2,24,3492,-0.165,0.710,56.1,1107,-0.177,0.616,52.8,-34.0,0
r20,2,15,60,0,2,48,3492,-0.165,0.710,56.1,1107,-0.177,0.616,52.8,-34.0,0
r20,2,15,60,0,3,0,3166,-0.148,0.738,57.4,1029,-0.187,0.603,52.6,-33.8,0
r20,2,15,60,0,3,24,3166,-0.148,0.738,57.4,1029,-0.187,0.603,52.6,-33.8,0
r20,2,15,60,0,3,48,3166,-0.148,0.738,57.4,1029,-0.187,0.603,52.6,-33.8,0
r20,2,15,60,0,5,0,2948,-0.128,0.759,58.0,982,-0.179,0.609,52.6,-32.4,0
r20,2,15,60,0,5,24,2948,-0.128,0.759,58.0,983,-0.179,0.609,52.7,-32.4,0
r20,2,15,60,0,5,48,2948,-0.128,0.759,58.0,982,-0.179,0.609,52.6,-32.4,0
r20,2,15,60,2,2,0,3493,-0.163,0.712,56.3,1107,-0.177,0.616,52.8,-34.0,0
r20,2,15,60,2,2,24,3493,-0.163,0.712,56.3,1107,-0.177,0.616,52.8,-34.0,0
r20,2,15,60,2,2,48,3493,-0.163,0.712,56.3,1107,-0.177,0.616,52.8,-34.0,0
r20,2,15,60,2,3,0,3168,-0.150,0.734,57.4,1029,-0.187,0.603,52.6,-33.8,0
r20,2,15,60,2,3,24,3168,-0.150,0.734,57.4,1029,-0.187,0.603,52.6,-33.8,0
r20,2,15,60,2,3,48,3168,-0.150,0.734,57.4,1029,-0.187,0.603,52.6,-33.8,0
r20,2,15,60,2,5,0,2951,-0.128,0.758,58.1,982,-0.179,0.609,52.6,-32.4,0
r20,2,15,60,2,5,24,2951,-0.128,0.758,58.1,983,-0.179,0.609,52.7,-32.4,0
r20,2,15,60,2,5,48,2951,-0.128,0.758,58.1,982,-0.179,0.609,52.6,-32.4,0
r20,2,15,60,3,2,0,3492,-0.166,0.708,56.2,1107,-0.177,0.616,52.8,-34.0,0
r20,2,15,60,3,2,24,3492,-0.166,0.708,56.2,1107,-0.177,0.616,52.8,-34.0,0
r20,2,15,60,3,2,48,3492,-0.166,0.708,56.2,1107,-0.177,0.616,52.8,-34.0,0
r20,2,15,60,3,3,0,3166,-0.149,0.736,57.4,1029,-0.187,0.603,52.6,-33.8,0
r20,2,15,60,3,3,24,3166,-0.149,0.736,57.4,1029,-0.187,0.603,52.6,-33.8,0
r20,2,15,60,3,3,48,3166,-0.149,0.736,57.4,1029,-0.187,0.603,52.6,-33.8,0
r20,2,15,60,3,5,0,2948,-0.129,0.757,58.0,982,-0.179,0.609,52.6,-32.4,0
r20,2,15,60,3,5,24,2948,-0.129,0.757,58.0,983,-0.179,0.609,52.7,-32.4,0
r20,2,15,60,3,5,48,2948,-0.129,0.757,58.0,982,-0.179,0.609,52.6,-32.4,0
r20,2,15,70,0,2,0,3328,-0.147,0.772,56.4,1035,-0.186,0.649,54.4,-34.8,0
r20,2,15,70,0,2,24,3328,-0.147,0.772,56.4,1035,-0.186,0.649,54.4,-34.8,0
r20,2,15,70,0,2,48,3328,-0.147,0.772,56.4,1035,-0.186,0.649,54.4,-34.8,0
r20,2,15,70,0,3,0,2967,-0.120,0.812,58.5,948,-0.200,0.632,54.1,-34.5,0
r20,2,15,70,0,3,24,2967,-0.120,0.812,58.5,948,-0.200,0.632,54.1,-34.5,0
r20,2,15,70,0,3,48,2967,-0.120,0.812,58.5,948,-0.200,0.632,54.1,-34.5,0
r20,2,15,70,0,5,0,2730,-0.097,0.841,59.5,894,-0.190,0.633,54.6,-32.5,0
r20,2,15,70,0,5,24,2730,-0.097,0.841,59.5,895,-0.191,0.631,54.6,-32.6,0
r20,2,15,70,0,5,48,2730,-0.097,0.841,59.5,894,-0.190,0.633,54.6,-32.5,0
r20,2,15,70,2,2,0,3334,-0.147,0.770,56.7,1035,-0.188,0.645,54.5,-34.9,0
r20,2,15,70,2,2,24,3334,-0.147,0.770,56.7,1035,-0.188,0.645,54.5,-34.9,0
r20,2,15,70,2,2,48,3334,-0.147,0.770,56.7,1035,-0.188,0.645,54.5,-34.9,0
r20,2,15,70,2,3,0,2975,-0.124,0.802,58.7,948,-0.200,0.630,54.2,-34.6,0
r20,2,15,70,2,3,24,2975,-0.124,0.802,58.7,948,-0.200,0.630,54.2,-34.6,0
r20,2,15,70,2,3,48,2975,-0.124,0.802,58.7,948,-0.200,0.630,54.2,-34.6,0
r20,2,15,70,2,5,0,2738,-0.097,0.837,59.7,894,-0.185,0.640,54.7,-32.3,0
r20,2,15,70,2,5,24,2738,-0.097,0.837,59.7,895,-0.186,0.639,54.7,-32.4,0
r20,2,15,70,2,5,48,2738,-0.097,0.837,59.7,894,-0.185,0.640,54.7,-32.3,0
r20,2,15,70,3,2,0,3329,-0.150,0.766,56.5,1035,-0.186,0.649,54.4,-34.8,0
r20,2,15,70,3,2,24,3329,-0.150,0.766,56.5,1035,-0.186,0.649,54.4,-34.8,0
r20,2,15,70,3,2,48,3329,-0.150,0.766,56.5,1035,-0.186,0.649,54.4,-34.8,0
r20,2,15,70,3,3,0,2968,-0.125,0.803,58.5,948,-0.200,0.632,54.1,-34.5,0
r20,2,15,70,3,3,24,2968,-0.125,0.803,58.5,948,-0.200,0.632,54.1,-34.5,0
r20,2,15,70,3,3,48,2968,-0.125,0.803,58.5,948,-0.200,0.632,54.1,-34.5,0
r20,2,15,70,3,5,0,2731,-0.102,0.830,59.5,894,-0.190,0.633,54.6,-32.5,0
r20,2,15,70,3,5,24,2731,-0.102,0.830,59.5,895,-0.191,0.631,54.6,-32.6,0
r20,2,15,70,3,5,48,2731,-0.102,0.830,59.5,894,-0.190,0.633,54.6,-32.5,0
r20,3,5,60,0,2,0,310,-0.090,0.827,55.1,102,-0.029,0.871,63.5,-7.3,1
r20,3,5,60,0,2,24,310,-0.090,0.827,55.1,102,-0.029,0.871,63.5,-7.3,1
r20,3,5,60,0,2,48,310,-0.090,0.827,55.1,102,-0.029,0.871,63.5,-7.3,1
r20,3,5,60,0,3,0,285,-0.133,0.792,56.6,96,-0.012,0.920,63.4,-6.7,3
r20,3,5,60,0,3,24,285,-0.133,0.792,56.6,96,-0.012,0.920,63.4,-6.7,3
r20,3,5,60,0,3,48,285,-0.133,0.792,56.6,96,-0.012,0.920,63.4,-6.7,3
r20,3,5,60,0,5,0,269,-0.078,0.867,58.0,93,0.013,0.976,63.1,-6.2,3
r20,3,5,60,0,5,24,269,-0.078,0.867,58.0,93,0.011,0.972,63.1,-6.3,3
r20,3,5,60,0,5,48,269,-0.078,0.867,58.0,93,0.013,0.976,63.1,-6.2,3
r20,3,5,60,2,2,0,310,-0.103,0.814,55.9,102,-0.066,0.798,63.5,-7.4,1
r20,3,5,60,2,2,24,310,-0.103,0.814,55.9,102,-0.066,0.798,63.5,-7.4,1
r20,3,5,60,2,2,48,310,-0.103,0.814,55.9,102,-0.066,0.798,63.5,-7.4,1
r20,3,5,60,2,3,0,285,-0.171,0.754,57.0,96,-0.026,0.896,63.4,-6.7,3
r20,3,5,60,2,3,24,285,-0.171,0.754,57.0,96,-0.026,0.896,63.4,-6.7,3
r20,3,5,60,2,3,48,285,-0.171,0.754,57.0,96,-0.026,0.896,63.4,-6.7,3
r20,3,5,60,2,5,0,269,-0.133,0.806,58.0,93,-0.001,0.949,63.1,-6.2,3
r20,3,5,60,2,5,24,269,-0.133,0.806,58.0,93,-0.003,0.944,63.1,-6.3,3
r20,3,5,60,2,5,48,269,-0.133,0.806,58.0,93,-0.001,0.949,63.1,-6.2,3
r20,3,5,60,3,2,0,310,-0.124,0.791,55.1,102,-0.029,0.871,63.5,-7.3,1
r20,3,5,60,3,2,24,310,-0.124,0.791,55.1,102,-0.029,0.871,63.5,-7.3,1
r20,3,5,60,3,2,48,310,-0.124,0.791,55.1,102,-0.029,0.871,63.5,-7.3,1
r20,3,5,60,3,3,0,285,-0.168,0.756,56.6,96,-0.012,0.920,63.4,-6.7,3
r20,3,5,60,3,3,24,285,-0.168,0.756,56.6,96,-0.012,0.920,63.4,-6.7,3
r20,3,5,60,3,3,48,285,-0.168,0.756,56.6,96,-0.012,0.920,63.4,-6.7,3
r20,3,5,60,3,5,0,269,-0.115,0.825,58.0,93,0.013,0.976,63.1,-6.2,3
r20,3,5,60,3,5,24,269,-0.115,0.825,58.0,93,0.011,0.972,63.1,-6.3,3
r20,3,5,60,3,5,48,269,-0.115,0.825,58.0,93,0.013,0.976,63.1,-6.2,3
r20,3,5,70,0,2,0,309,-0.140,0.804,51.9,102,-0.058,0.861,64.3,-8.0,1
r20,3,5,70,0,2,24,309,-0.135,0.808,51.9,102,-0.065,0.855,64.3,-8.1,1
r20,3,5,70,0,2,48,309,-0.140,0.804,51.9,102,-0.058,0.861,64.3,-8.0,1
r20,3,5,70,0,3,0,281,-0.203,0.766,54.4,96,-0.017,0.947,66.9,-7.7,1
r20,3,5,70,0,3,24,281,-0.201,0.767,54.4,96,-0.010,0.954,66.9,-7.6,1
r20,3,5,70,0,3,48,281,-0.203,0.766,54.4,96,-0.017,0.947,66.9,-7.7,1
r20,3,5,70,0,5,0,264,-0.089,0.878,55.8,92,0.062,1.083,66.4,-6.8,2
r20,3,5,70,0,5,24,264,-0.103,0.866,55.8,92,0.063,1.086,66.4,-6.8,1
r20,3,5,70,0,5,48,264,-0.089,0.878,55.8,92,0.062,1.083,66.4,-6.8,2
r20,3,5,70,2,2,0,309,-0.199,0.745,53.0,102,-0.119,0.770,64.3,-8.0,1
r20,3,5,70,2,2,24,309,-0.193,0.750,53.0,102,-0.126,0.765,64.3,-8.1,1
r20,3,5,70,2,2,48,309,-0.199,0.745,53.0,102,-0.119,0.770,64.3,-8.0,1
r20,3,5,70,2,3,0,281,-0.307,0.678,54.7,96,-0.054,0.892,66.9,-7.7,1
r20,3,5,70,2,3,24,281,-0.305,0.679,54.7,96,-0.047,0.899,66.9,-7.6,1
r20,3,5,70,2,3,48,281,-0.307,0.678,54.7,96,-0.054,0.892,66.9,-7.7,1
r20,3,5,70,2,5,0,264,-0.226,0.748,55.8,92,0.025,1.015,66.4,-6.8,2
r20,3,5,70,2,5,24,264,-0.240,0.737,55.8,92,0.025,1.017,66.4,-6.8,1
r20,3,5,70,2,5,48,264,-0.226,0.748,55.8,92,0.025,1.015,66.4,-6.8,2
r20,3,5,70,3,2,0,309,-0.200,0.751,52.2,102,-0.069,0.847,64.3,-8.0,1
r20,3,5,70,3,2,24,309,-0.195,0.756,52.2,102,-0.077,0.841,64.3,-8.1,1
r20,3,5,70,3,2,48,309,-0.200,0.751,52.2,102,-0.069,0.847,64.3,-8.0,1
r20,3,5,70,3,3,0,281,-0.284,0.701,54.4,96,-0.028,0.930,66.9,-7.7,1
r20,3,5,70,3,3,24,281,-0.282,0.703,54.4,96,-0.021,0.938,66.9,-7.6,1
r20,3,5,70,3,3,48,281,-0.284,0.701,54.4,96,-0.028,0.930,66.9,-7.7,1
r20,3,5,70,3,5,0,264,-0.180,0.795,55.8,92,0.051,1.063,66.4,-6.8,2
r20,3,5,70,3,5,24,264,-0.194,0.784,55.8,92,0.052,1.065,66.4,-6.8,1
r20,3,5,70,3,5,48,264,-0.180,0.795,55.8,92,0.051,1.063,66.4,-6.8,2
r20,3,10,60,0,2,0,930,-0.167,0.775,54.7,329,-0.191,0.680,55.2,-16.2,0
r20,3,10,60,0,2,24,930,-0.167,0.775,54.7,329,-0.191,0.680,55.2,-16.2,0
r20,3,10,60,0,2,48,930,-0.167,0.775,54.7,329,-0.191,0.680,55.2,-16.2,0
r20,3,10,60,0,3,0,838,-0.107,0.849,59.8,307,-0.187,0.690,57.0,-15.4,0
r20,3,10,60,0,3,24,838,-0.107,0.849,59.8,307,-0.188,0.689,57.0,-15.4,0
r20,3,10,60,0,3,48,838,-0.107,0.849,59.8,307,-0.187,0.690,57.0,-15.4,0
r20,3,10,60,0,5,0,768,-0.112,0.850,60.7,288,-0.184,0.687,57.2,-14.8,0
r20,3,10,60,0,5,24,768,-0.112,0.850,60.7,289,-0.187,0.684,57.4,-15.0,0
r20,3,10,60,0,5,48,768,-0.112,0.850,60.7,288,-0.184,0.687,57.2,-14.8,0
r20,3,10,60,2,2,0,930,-0.175,0.762,55.3,329,-0.203,0.659,55.2,-16.8,0
r20,3,10,60,2,2,24,930,-0.175,0.762,55.3,329,-0.203,0.659,55.2,-16.8,0
r20,3,10,60,2,2,48,930,-0.175,0.762,55.3,329,-0.203,0.659,55.2,-16.8,0
r20,3,10,60,2,3,0,838,-0.136,0.809,60.2,307,-0.201,0.668,57.0,-16.0,0
r20,3,10,60,2,3,24,838,-0.136,0.809,60.2,307,-0.202,0.667,57.0,-16.0,0
r20,3,10,60,2,3,48,838,-0.136,0.809,60.2,307,-0.201,0.668,57.0,-16.0,0
r20,3,10,60,2,5,0,769,-0.144,0.806,61.0,288,-0.184,0.687,57.2,-14.8,0
r20,3,10,60,2,5,24,769,-0.144,0.806,61.0,289,-0.187,0.684,57.4,-15.0,0
r20,3,10,60,2,5,48,769,-0.144,0.806,61.0,288,-0.184,0.687,57.2,-14.8,0
r20,3,10,60,3,2,0,930,-0.183,0.755,54.7,329,-0.191,0.680,55.2,-16.2,0
r20,3,10,60,3,2,24,930,-0.183,0.755,54.7,329,-0.191,0.680,55.2,-16.2,0
r20,3,10,60,3,2,48,930,-0.183,0.755,54.7,329,-0.191,0.680,55.2,-16.2,0
r20,3,10,60,3,3,0,838,-0.129,0.819,59.8,307,-0.187,0.690,57.0,-15.4,0
r20,3,10,60,3,3,24,838,-0.129,0.819,59.8,307,-0.188,0.689,57.0,-15.4,0
r20,3,10,60,3,3,48,838,-0.129,0.819,59.8,307,-0.187,0.690,57.0,-15.4,0
r20,3,10,60,3,5,0,768,-0.136,0.818,60.7,288,-0.184,0.687,57.2,-14.8,0
r20,3,10,60,3,5,24,768,-0.136,0.818,60.7,289,-0.187,0.684,57.4,-15.0,0
r20,3,10,60,3,5,48,768,-0.136,0.818,60.7,288,-0.184,0.687,57.2,-14.8,0
r20,3,10,70,0,2,0,918,-0.155,0.818,53.2,324,-0.233,0.675,55.1,-18.7,0
r20,3,10,70,0,2,24,918,-0.152,0.821,53.2,324,-0.227,0.680,55.1,-18.4,0
r20,3,10,70,0,2,48,918,-0.155,0.818,53.2,324,-0.233,0.675,55.1,-18.7,0
r20,3,10,70,0,3,0,820,-0.086,0.898,58.9,298,-0.256,0.665,58.6,-18.3,0
r20,3,10,70,0,3,24,820,-0.089,0.895,58.9,299,-0.255,0.665,58.7,-18.4,0
r20,3,10,70,0,3,48,820,-0.086,0.898,58.9,298,-0.256,0.665,58.6,-18.3,0
r20,3,10,70,0,5,0,742,-0.077,0.912,60.4,273,-0.205,0.705,60.0,-16.3,0
r20,3,10,70,0,5,24,743,-0.082,0.908,60.4,276,-0.209,0.702,60.1,-16.4,0
r20,3,10,70,0,5,48,742,-0.077,0.912,60.4,273,-0.201,0.708,60.0,-16.2,0
r20,3,10,70,2,2,0,918,-0.172,0.797,54.6,324,-0.255,0.644,55.1,-19.6,0
r20,3,10,70,2,2,24,918,-0.169,0.800,54.6,324,-0.249,0.649,55.1,-19.3,0
r20,3,10,70,2,2,48,918,-0.172,0.797,54.6,324,-0.255,0.644,55.1,-19.6,0
r20,3,10,70,2,3,0,821,-0.128,0.847,59.9,298,-0.280,0.633,58.6,-19.3,0
r20,3,10,70,2,3,24,821,-0.131,0.844,59.9,299,-0.279,0.633,58.7,-19.3,0
r20,3,10,70,2,3,48,821,-0.128,0.847,59.9,298,-0.280,0.633,58.6,-19.3,0
r20,3,10,70,2,5,0,745,-0.109,0.871,61.3,273,-0.210,0.697,60.0,-16.3,0
r20,3,10,70,2,5,24,746,-0.116,0.863,61.4,276,-0.214,0.694,60.1,-16.3,0
r20,3,10,70,2,5,48,745,-0.109,0.871,61.3,273,-0.206,0.701,60.0,-16.1,0
r20,3,10,70,3,2,0,918,-0.164,0.810,53.6,324,-0.237,0.671,55.1,-18.9,0
r20,3,10,70,3,2,24,918,-0.161,0.812,53.6,324,-0.230,0.676,55.1,-18.6,0
r20,3,10,70,3,2,48,918,-0.164,0.810,53.6,324,-0.237,0.671,55.1,-18.9,0
r20,3,10,70,3,3,0,821,-0.102,0.881,59.3,298,-0.259,0.661,58.6,-18.5,0
r20,3,10,70,3,3,24,821,-0.105,0.878,59.3,299,-0.259,0.661,58.7,-18.5,0
r20,3,10,70,3,3,48,821,-0.102,0.881,59.3,298,-0.259,0.661,58.6,-18.5,0
r20,3,10,70,3,5,0,743,-0.083,0.905,60.8,273,-0.205,0.705,60.0,-16.3,0
r20,3,10,70,3,5,24,744,-0.090,0.897,60.9,276,-0.209,0.702,60.1,-16.4,0
r20,3,10,70,3,5,48,743,-0.083,0.905,60.8,273,-0.201,0.708,60.0,-16.2,0
r20,3,15,60,0,2,0,1626,-0.152,0.791,56.4,542,-0.160,0.727,56.8,-20.3,0
r20,3,15,60,0,2,24,1626,-0.152,0.791,56.4,542,-0.160,0.727,56.8,-20.3,0
r20,3,15,60,0,2,48,1626,-0.152,0.791,56.4,542,-0.160,0.727,56.8,-20.3,0
r20,3,15,60,0,3,0,1445,-0.103,0.855,60.4,495,-0.172,0.710,58.4,-20.6,0
r20,3,15,60,0,3,24,1445,-0.103,0.855,60.4,495,-0.173,0.710,58.4,-20.6,0
r20,3,15,60,0,3,48,1445,-0.103,0.855,60.4,495,-0.172,0.710,58.4,-20.6,0
r20,3,15,60,0,5,0,1322,-0.077,0.896,61.6,458,-0.161,0.717,58.4,-18.9,0
r20,3,15,60,0,5,24,1322,-0.077,0.896,61.6,459,-0.159,0.719,58.5,-18.8,0
r20,3,15,60,0,5,48,1322,-0.077,0.896,61.6,458,-0.161,0.717,58.4,-18.9,0
r20,3,15,60,2,2,0,1626,-0.152,0.788,56.9,542,-0.170,0.709,56.8,-21.1,0
r20,3,15,60,2,2,24,1626,-0.152,0.788,56.9,542,-0.170,0.709,56.8,-21.1,0
r20,3,15,60,2,2,48,1626,-0.152,0.788,56.9,542,-0.170,0.709,56.8,-21.1,0
r20,3,15,60,2,3,0,1446,-0.113,0.837,60.9,495,-0.182,0.694,58.4,-21.3,0
r20,3,15,60,2,3,24,1446,-0.113,0.837,60.9,495,-0.182,0.694,58.4,-21.3,0
r20,3,15,60,2,3,48,1446,-0.113,0.837,60.9,495,-0.182,0.694,58.4,-21.3,0
r20,3,15,60,2,5,0,1324,-0.090,0.873,62.0,458,-0.163,0.715,58.4,-19.0,0
r20,3,15,60,2,5,24,1324,-0.090,0.873,62.0,459,-0.161,0.717,58.5,-18.9,0
r20,3,15,60,2,5,48,1324,-0.090,0.873,62.0,458,-0.163,0.715,58.4,-19.0,0
r20,3,15,60,3,2,0,1626,-0.160,0.780,56.4,542,-0.160,0.727,56.8,-20.3,0
r20,3,15,60,3,2,24,1626,-0.160,0.780,56.4,542,-0.160,0.727,56.8,-20.3,0
r20,3,15,60,3,2,48,1626,-0.160,0.780,56.4,542,-0.160,0.727,56.8,-20.3,0
r20,3,15,60,3,3,0,1445,-0.119,0.833,60.4,495,-0.172,0.710,58.4,-20.6,0
r20,3,15,60,3,3,24,1445,-0.119,0.833,60.4,495,-0.173,0.710,58.4,-20.6,0
r20,3,15,60,3,3,48,1445,-0.119,0.833,60.4,495,-0.172,0.710,58.4,-20.6,0
r20,3,15,60,3,5,0,1322,-0.094,0.871,61.6,458,-0.161,0.717,58.4,-18.9,0
r20,3,15,60,3,5,24,1322,-0.094,0.871,61.6,459,-0.159,0.719,58.5,-18.8,0
r20,3,15,60,3,5,48,1322,-0.094,0.871,61.6,458,-0.161,0.717,58.4,-18.9,0
r20,3,15,70,0,2,0,1568,-0.175,0.798,53.8,518,-0.222,0.686,54.1,-23.2,0
r20,3,15,70,0,2,24,1568,-0.173,0.800,53.8,518,-0.223,0.685,53.9,-23.2,0
r20,3,15,70,0,2,48,1568,-0.175,0.798,53.8,518,-0.222,0.686,54.1,-23.2,0
r20,3,15,70,0,3,0,1362,-0.097,0.890,59.1,466,-0.264,0.652,56.1,-24.9,0
r20,3,15,70,0,3,24,1363,-0.098,0.888,59.1,467,-0.266,0.651,55.9,-25.0,0
r20,3,15,70,0,3,48,1362,-0.097,0.890,59.1,466,-0.264,0.652,56.1,-24.9,0
r20,3,15,70,0,5,0,1226,-0.070,0.922,60.6,419,-0.232,0.672,56.1,-21.4,0
r20,3,15,70,0,5,24,1229,-0.070,0.921,60.7,423,-0.231,0.674,56.0,-21.4,0
r20,3,15,70,0,5,48,1226,-0.070,0.922,60.6,419,-0.232,0.672,56.1,-21.4,0
r20,3,15,70,2,2,0,1571,-0.181,0.786,55.1,518,-0.231,0.668,54.4,-23.8,0
r20,3,15,70,2,2,24,1571,-0.179,0.787,55.1,518,-0.232,0.667,54.1,-23.8,0
r20,3,15,70,2,2,48,1571,-0.181,0.786,55.1,518,-0.231,0.668,54.4,-23.8,0
r20,3,15,70,2,3,0,1369,-0.115,0.863,60.1,466,-0.283,0.627,56.1,-25.9,0
r20,3,15,70,2,3,24,1370,-0.116,0.861,60.2,467,-0.285,0.626,55.9,-26.0,0
r20,3,15,70,2,3,48,1369,-0.115,0.863,60.1,466,-0.283,0.627,56.1,-25.9,0
r20,3,15,70,2,5,0,1238,-0.083,0.903,61.5,419,-0.240,0.662,56.1,-21.8,0
r20,3,15,70,2,5,24,1241,-0.083,0.902,61.6,423,-0.239,0.664,56.0,-21.7,0
r20,3,15,70,2,5,48,1238,-0.083,0.903,61.5,419,-0.240,0.662,56.1,-21.8,0
r20,3,15,70,3,2,0,1569,-0.181,0.791,54.3,518,-0.226,0.681,54.1,-23.4,0
r20,3,15,70,3,2,24,1569,-0.179,0.793,54.3,518,-0.227,0.680,53.9,-23.4,0
r20,3,15,70,3,2,48,1569,-0.181,0.791,54.3,518,-0.226,0.681,54.1,-23.4,0
r20,3,15,70,3,3,0,1365,-0.118,0.866,59.4,466,-0.269,0.647,56.1,-25.1,0
r20,3,15,70,3,3,24,1366,-0.119,0.865,59.4,467,-0.271,0.646,55.9,-25.2,0
r20,3,15,70,3,3,48,1365,-0.118,0.866,59.4,466,-0.269,0.647,56.1,-25.1,0
r20,3,15,70,3,5,0,1231,-0.084,0.908,60.9,419,-0.235,0.669,56.1,-21.5,0
r20,3,15,70,3,5,24,1234,-0.084,0.907,61.0,423,-0.234,0.671,56.0,-21.5,0
r20,3,15,70,3,5,48,1231,-0.084,0.908,60.9,419,-0.235,0.669,56.1,-21.5,0
r20,4,5,60,0,2,0,89,-0.349,0.627,47.6,24,-0.865,0.600,41.9,-3.2,1
r20,4,5,60,0,2,24,89,-0.349,0.627,47.6,24,-0.771,0.641,41.9,-3.0,1
r20,4,5,60,0,2,48,89,-0.349,0.627,47.6,24,-0.865,0.600,41.9,-3.2,1
r20,4,5,60,0,3,0,83,-0.331,0.655,54.0,23,-1.202,0.516,41.0,-4.2,1
r20,4,5,60,0,3,24,83,-0.342,0.650,54.0,23,-1.111,0.540,41.0,-4.0,1
r20,4,5,60,0,3,48,83,-0.331,0.655,54.0,23,-1.202,0.516,41.0,-4.2,1
r20,4,5,60,0,5,0,78,-0.228,0.732,55.8,22,-0.556,0.671,43.6,-2.0,2
r20,4,5,60,0,5,24,78,-0.203,0.761,55.8,22,-0.578,0.643,43.6,-2.2,2
r20,4,5,60,0,5,48,78,-0.228,0.732,55.8,22,-0.556,0.671,43.6,-2.0,2
r20,4,5,60,2,2,0,89,-0.409,0.563,48.9,24,-0.963,0.466,41.9,-3.2,0
r20,4,5,60,2,2,24,89,-0.409,0.563,48.9,24,-0.868,0.499,41.9,-3.0,0
r20,4,5,60,2,2,48,89,-0.409,0.563,48.9,24,-0.963,0.466,41.9,-3.2,0
r20,4,5,60,2,3,0,83,-0.415,0.579,55.2,23,-1.300,0.398,41.0,-4.2,1
r20,4,5,60,2,3,24,83,-0.426,0.574,55.2,23,-1.208,0.417,41.0,-4.0,1
r20,4,5,60,2,3,48,83,-0.415,0.579,55.2,23,-1.300,0.398,41.0,-4.2,1
r20,4,5,60,2,5,0,78,-0.318,0.643,57.1,22,-0.556,0.671,43.6,-2.0,2
r20,4,5,60,2,5,24,78,-0.292,0.668,57.1,22,-0.578,0.643,43.6,-2.2,2
r20,4,5,60,2,5,48,78,-0.318,0.643,57.1,22,-0.556,0.671,43.6,-2.0,2
r20,4,5,60,3,2,0,89,-0.446,0.542,47.6,24,-0.865,0.600,41.9,-3.2,1
r20,4,5,60,3,2,24,89,-0.446,0.542,47.6,24,-0.771,0.641,41.9,-3.0,1
r20,4,5,60,3,2,48,89,-0.446,0.542,47.6,24,-0.865,0.600,41.9,-3.2,1
r20,4,5,60,3,3,0,83,-0.431,0.568,54.0,23,-1.202,0.516,41.0,-4.2,1
r20,4,5,60,3,3,24,83,-0.441,0.563,54.0,23,-1.111,0.540,41.0,-4.0,1
r20,4,5,60,3,3,48,83,-0.431,0.568,54.0,23,-1.202,0.516,41.0,-4.2,1
r20,4,5,60,3,5,0,78,-0.335,0.629,55.8,22,-0.556,0.671,43.6,-2.0,2
r20,4,5,60,3,5,24,78,-0.309,0.654,55.8,22,-0.578,0.643,43.6,-2.2,2
r20,4,5,60,3,5,48,78,-0.335,0.629,55.8,22,-0.556,0.671,43.6,-2.0,2
r20,4,5,70,0,2,0,89,-0.329,0.685,43.9,24,-0.885,0.638,36.2,-3.9,1
r20,4,5,70,0,2,24,89,-0.375,0.650,42.1,24,-0.725,0.743,39.0,-3.2,1
r20,4,5,70,0,2,48,89,-0.329,0.685,43.9,24,-0.885,0.638,36.2,-3.9,1
r20,4,5,70,0,3,0,83,-0.320,0.711,54.9,23,-1.057,0.686,37.6,-4.1,2
r20,4,5,70,0,3,24,83,-0.371,0.677,51.4,23,-1.009,0.680,38.1,-3.8,2
r20,4,5,70,0,3,48,83,-0.320,0.711,54.9,23,-1.057,0.686,37.6,-4.1,2
r20,4,5,70,0,5,0,78,-0.303,0.727,58.3,22,-0.437,0.809,40.3,-2.5,1
r20,4,5,70,0,5,24,78,-0.254,0.745,54.6,22,-0.462,0.796,40.8,-2.5,2
r20,4,5,70,0,5,48,78,-0.276,0.740,58.3,22,-0.437,0.809,40.3,-2.5,1
r20,4,5,70,2,2,0,89,-0.445,0.581,45.1,24,-0.987,0.522,36.2,-3.9,1
r20,4,5,70,2,2,24,89,-0.492,0.549,43.3,24,-0.827,0.608,39.0,-3.2,1
r20,4,5,70,2,2,48,89,-0.445,0.581,45.1,24,-0.987,0.522,36.2,-3.9,1
r20,4,5,70,2,3,0,83,-0.466,0.595,56.1,23,-1.160,0.560,37.6,-4.1,2
r20,4,5,70,2,3,24,83,-0.511,0.568,52.6,23,-1.111,0.550,38.1,-3.8,2
r20,4,5,70,2,3,48,83,-0.466,0.595,56.1,23,-1.160,0.560,37.6,-4.1,2
r20,4,5,70,2,5,0,78,-0.458,0.601,59.7,22,-0.437,0.809,40.3,-2.5,1
r20,4,5,70,2,5,24,78,-0.404,0.617,56.0,22,-0.462,0.796,40.8,-2.5,2
r20,4,5,70,2,5,48,78,-0.431,0.612,59.7,22,-0.437,0.809,40.3,-2.5,1
r20,4,5,70,3,2,0,89,-0.482,0.562,43.9,24,-0.890,0.633,36.2,-3.9,1
r20,4,5,70,3,2,24,89,-0.528,0.531,42.1,24,-0.730,0.737,39.0,-3.2,1
r20,4,5,70,3,2,48,89,-0.482,0.562,43.9,24,-0.890,0.633,36.2,-3.9,1
r20,4,5,70,3,3,0,83,-0.476,0.588,54.9,23,-1.062,0.680,37.6,-4.1,2
r20,4,5,70,3,3,24,83,-0.527,0.558,51.4,23,-1.013,0.674,38.1,-3.8,2
r20,4,5,70,3,3,48,83,-0.476,0.588,54.9,23,-1.062,0.680,37.6,-4.1,2
r20,4,5,70,3,5,0,78,-0.469,0.593,58.3,22,-0.437,0.809,40.3,-2.5,1
r20,4,5,70,3,5,24,78,-0.420,0.606,54.6,22,-0.462,0.796,40.8,-2.5,2
r20,4,5,70,3,5,48,78,-0.442,0.604,58.3,22,-0.437,0.809,40.3,-2.5,1
r20,4,10,60,0,2,0,385,-0.031,0.925,54.2,138,-0.079,0.828,61.0,-9.9,1
r20,4,10,60,0,2,24,385,-0.031,0.925,54.2,138,-0.067,0.839,61.0,-9.7,1
r20,4,10,60,0,2,48,385,-0.031,0.925,54.2,138,-0.079,0.828,61.0,-9.9,1
r20,4,10,60,0,3,0,347,-0.039,0.937,57.4,130,-0.146,0.782,62.0,-10.5,2
r20,4,10,60,0,3,24,347,-0.043,0.933,57.4,130,-0.146,0.780,62.0,-10.5,2
r20,4,10,60,0,3,48,347,-0.039,0.937,57.4,130,-0.146,0.782,62.0,-10.5,2
r20,4,10,60,0,5,0,319,0.027,1.020,57.9,122,-0.054,0.872,61.8,-9.5,3
r20,4,10,60,0,5,24,319,0.010,1.001,57.9,122,-0.077,0.843,61.8,-10.0,2
r20,4,10,60,0,5,48,319,0.027,1.020,57.9,122,-0.054,0.872,61.8,-9.5,3
r20,4,10,60,2,2,0,385,-0.109,0.841,54.9,138,-0.129,0.760,61.0,-10.1,1
r20,4,10,60,2,2,24,385,-0.109,0.841,54.9,138,-0.117,0.770,61.0,-9.8,1
r20,4,10,60,2,2,48,385,-0.109,0.841,54.9,138,-0.129,0.760,61.0,-10.1,1
r20,4,10,60,2,3,0,347,-0.153,0.821,57.7,130,-0.196,0.717,62.0,-11.2,2
r20,4,10,60,2,3,24,347,-0.157,0.817,57.7,130,-0.197,0.715,62.0,-11.3,2
r20,4,10,60,2,3,48,347,-0.153,0.821,57.7,130,-0.196,0.717,62.0,-11.2,2
r20,4,10,60,2,5,0,319,-0.105,0.872,57.9,122,-0.087,0.829,61.8,-9.5,3
r20,4,10,60,2,5,24,319,-0.122,0.855,57.9,122,-0.110,0.801,61.8,-10.0,2
r20,4,10,60,2,5,48,319,-0.105,0.872,57.9,122,-0.087,0.829,61.8,-9.5,3
r20,4,10,60,3,2,0,385,-0.090,0.867,54.4,138,-0.088,0.817,61.0,-9.9,1
r20,4,10,60,3,2,24,385,-0.090,0.867,54.4,138,-0.077,0.829,61.0,-9.7,1
r20,4,10,60,3,2,48,385,-0.090,0.867,54.4,138,-0.088,0.817,61.0,-9.9,1
r20,4,10,60,3,3,0,347,-0.111,0.865,57.4,130,-0.155,0.772,62.0,-10.5,2
r20,4,10,60,3,3,24,347,-0.115,0.861,57.4,130,-0.156,0.770,62.0,-10.5,2
r20,4,10,60,3,3,48,347,-0.111,0.865,57.4,130,-0.155,0.772,62.0,-10.5,2
r20,4,10,60,3,5,0,319,-0.051,0.933,57.9,122,-0.063,0.860,61.8,-9.5,3
r20,4,10,60,3,5,24,319,-0.068,0.916,57.9,122,-0.086,0.831,61.8,-10.0,2
r20,4,10,60,3,5,48,319,-0.051,0.933,57.9,122,-0.063,0.860,61.8,-9.5,3
r20,4,10,70,0,2,0,384,-0.026,0.940,51.6,136,-0.066,0.866,57.5,-10.6,1
r20,4,10,70,0,2,24,384,-0.042,0.923,50.7,136,-0.002,0.944,58.1,-8.9,3
r20,4,10,70,0,2,48,384,-0.026,0.939,51.6,136,-0.066,0.866,57.5,-10.6,1
r20,4,10,70,0,3,0,344,-0.024,0.957,57.1,128,-0.093,0.875,60.6,-10.7,2
r20,4,10,70,0,3,24,344,-0.057,0.928,56.3,128,-0.069,0.890,60.4,-10.0,2
r20,4,10,70,0,3,48,344,-0.025,0.957,57.1,128,-0.095,0.874,60.6,-10.7,2
r20,4,10,70,0,5,0,316,0.055,1.046,61.2,120,-0.026,0.933,62.1,-10.6,2
r20,4,10,70,0,5,24,316,-0.008,0.983,60.0,120,-0.004,0.946,61.3,-9.4,2
r20,4,10,70,0,5,48,316,0.055,1.046,61.2,120,-0.028,0.931,62.1,-10.6,2
r20,4,10,70,2,2,0,384,-0.072,0.902,54.2,137,-0.094,0.823,57.8,-10.5,1
r20,4,10,70,2,2,24,384,-0.085,0.889,53.4,137,-0.044,0.886,58.4,-9.0,3
r20,4,10,70,2,2,48,384,-0.072,0.902,54.2,137,-0.094,0.823,57.8,-10.5,1
r20,4,10,70,2,3,0,345,-0.103,0.889,59.0,129,-0.122,0.831,60.9,-11.0,2
r20,4,10,70,2,3,24,345,-0.132,0.863,58.4,129,-0.123,0.827,60.8,-10.7,2
r20,4,10,70,2,3,48,345,-0.103,0.889,59.0,129,-0.124,0.830,60.9,-11.0,2
r20,4,10,70,2,5,0,317,-0.042,0.959,62.3,121,-0.040,0.915,62.4,-10.5,2
r20,4,10,70,2,5,24,317,-0.102,0.903,61.6,121,-0.065,0.886,61.6,-10.1,2
r20,4,10,70,2,5,48,317,-0.042,0.958,62.3,121,-0.042,0.914,62.4,-10.5,2
r20,4,10,70,3,2,0,384,-0.046,0.931,53.1,137,-0.038,0.894,57.8,-10.2,1
r20,4,10,70,3,2,24,384,-0.063,0.912,52.2,137,0.013,0.962,58.4,-8.7,3
r20,4,10,70,3,2,48,384,-0.046,0.931,53.1,137,-0.038,0.894,57.8,-10.2,1
r20,4,10,70,3,3,0,345,-0.041,0.947,58.7,129,-0.063,0.903,60.9,-10.1,2
r20,4,10,70,3,3,24,345,-0.076,0.915,57.9,129,-0.065,0.899,60.8,-9.9,2
r20,4,10,70,3,3,48,345,-0.041,0.947,58.7,129,-0.065,0.902,60.9,-10.1,2
r20,4,10,70,3,5,0,317,0.027,1.026,62.3,121,0.002,0.967,62.4,-10.4,2
r20,4,10,70,3,5,24,317,-0.040,0.960,61.3,121,-0.023,0.936,61.6,-10.0,2
r20,4,10,70,3,5,48,317,0.026,1.026,62.3,121,-0.000,0.965,62.4,-10.4,2
r20,4,15,60,0,2,0,885,-0.141,0.830,53.3,294,-0.229,0.673,54.4,-18.3,0
r20,4,15,60,0,2,24,885,-0.141,0.830,53.3,294,-0.222,0.678,54.4,-17.9,0
r20,4,15,60,0,2,48,885,-0.141,0.830,53.3,294,-0.229,0.673,54.4,-18.3,0
r20,4,15,60,0,3,0,782,-0.053,0.932,59.7,272,-0.271,0.650,57.3,-18.1,0
r20,4,15,60,0,3,24,782,-0.056,0.929,59.7,273,-0.270,0.651,57.5,-18.2,0
r20,4,15,60,0,3,48,782,-0.053,0.932,59.7,272,-0.271,0.650,57.3,-18.1,0
r20,4,15,60,0,5,0,704,0.001,1.002,61.1,247,-0.220,0.688,58.3,-16.0,0
r20,4,15,60,0,5,24,704,-0.011,0.988,61.1,250,-0.224,0.687,58.8,-16.3,0
r20,4,15,60,0,5,48,704,0.001,1.002,61.1,247,-0.220,0.688,58.3,-16.0,0
r20,4,15,60,2,2,0,885,-0.163,0.804,54.6,294,-0.251,0.640,54.4,-19.1,0
r20,4,15,60,2,2,24,885,-0.163,0.804,54.6,294,-0.244,0.645,54.4,-18.8,0
r20,4,15,60,2,2,48,885,-0.163,0.804,54.6,294,-0.251,0.640,54.4,-19.1,0
r20,4,15,60,2,3,0,784,-0.091,0.885,60.8,272,-0.295,0.618,57.3,-19.1,0
r20,4,15,60,2,3,24,784,-0.094,0.883,60.8,273,-0.294,0.620,57.5,-19.1,0
r20,4,15,60,2,3,48,784,-0.091,0.885,60.8,272,-0.295,0.618,57.3,-19.1,0
r20,4,15,60,2,5,0,707,-0.030,0.964,61.9,247,-0.223,0.683,58.3,-15.9,0
r20,4,15,60,2,5,24,707,-0.041,0.950,61.9,250,-0.227,0.682,58.8,-16.2,0
r20,4,15,60,2,5,48,707,-0.030,0.964,61.9,247,-0.223,0.683,58.3,-15.9,0
r20,4,15,60,3,2,0,885,-0.161,0.812,53.6,294,-0.232,0.668,54.4,-18.4,0
r20,4,15,60,3,2,24,885,-0.161,0.812,53.6,294,-0.226,0.674,54.4,-18.1,0
r20,4,15,60,3,2,48,885,-0.161,0.812,53.6,294,-0.232,0.668,54.4,-18.4,0
r20,4,15,60,3,3,0,783,-0.079,0.903,60.0,272,-0.275,0.645,57.3,-18.3,0
r20,4,15,60,3,3,24,783,-0.082,0.900,60.0,273,-0.273,0.647,57.5,-18.3,0
r20,4,15,60,3,3,48,783,-0.079,0.903,60.0,272,-0.275,0.645,57.3,-18.3,0
r20,4,15,60,3,5,0,705,-0.020,0.979,61.4,247,-0.220,0.688,58.3,-16.0,0
r20,4,15,60,3,5,24,705,-0.032,0.965,61.4,250,-0.224,0.687,58.8,-16.3,0
r20,4,15,60,3,5,48,705,-0.020,0.979,61.4,247,-0.220,0.688,58.3,-16.0,0
r20,4,15,70,0,2,0,869,-0.192,0.806,49.2,287,-0.254,0.694,52.3,-20.3,0
r20,4,15,70,0,2,24,870,-0.190,0.807,48.7,288,-0.234,0.707,51.5,-19.3,0
r20,4,15,70,0,2,48,869,-0.192,0.806,49.2,287,-0.254,0.694,52.3,-20.3,0
r20,4,15,70,0,3,0,761,-0.115,0.888,56.7,262,-0.270,0.700,56.4,-19.1,0
r20,4,15,70,0,3,24,763,-0.117,0.884,55.7,265,-0.278,0.689,54.7,-19.5,0
r20,4,15,70,0,3,48,761,-0.113,0.889,56.7,262,-0.270,0.700,56.4,-19.1,0
r20,4,15,70,0,5,0,675,-0.104,0.900,60.0,237,-0.222,0.736,58.2,-17.7,0
r20,4,15,70,0,5,24,683,-0.111,0.892,59.4,243,-0.266,0.700,56.3,-18.6,0
r20,4,15,70,0,5,48,675,-0.108,0.896,60.0,237,-0.219,0.738,58.2,-17.6,0
r20,4,15,70,2,2,0,873,-0.183,0.811,52.4,289,-0.245,0.699,53.0,-19.9,0
r20,4,15,70,2,2,24,874,-0.182,0.811,51.8,289,-0.224,0.715,52.3,-19.0,0
r20,4,15,70,2,2,48,873,-0.183,0.811,52.4,289,-0.245,0.699,53.0,-19.9,0
r20,4,15,70,2,3,0,767,-0.138,0.858,59.2,264,-0.270,0.695,56.8,-19.2,0
r20,4,15,70,2,3,24,769,-0.138,0.856,58.4,266,-0.271,0.691,55.6,-19.3,0
r20,4,15,70,2,3,48,767,-0.136,0.859,59.2,264,-0.270,0.695,56.8,-19.2,0
r20,4,15,70,2,5,0,682,-0.102,0.896,62.3,238,-0.223,0.733,58.4,-18.0,0
r20,4,15,70,2,5,24,689,-0.114,0.885,61.8,244,-0.261,0.704,56.8,-18.7,0
r20,4,15,70,2,5,48,682,-0.106,0.893,62.3,238,-0.220,0.736,58.4,-17.9,0
r20,4,15,70,3,2,0,871,-0.191,0.810,50.4,289,-0.228,0.723,52.6,-19.8,0
r20,4,15,70,3,2,24,872,-0.190,0.810,49.9,289,-0.207,0.739,52.0,-18.7,0
r20,4,15,70,3,2,48,871,-0.191,0.810,50.4,289,-0.228,0.723,52.6,-19.8,0
r20,4,15,70,3,3,0,764,-0.133,0.871,57.6,264,-0.240,0.730,56.8,-18.4,0
r20,4,15,70,3,3,24,766,-0.135,0.866,56.6,266,-0.241,0.726,55.6,-18.4,0
r20,4,15,70,3,3,48,764,-0.131,0.872,57.6,264,-0.240,0.730,56.8,-18.4,0
r20,4,15,70,3,5,0,677,-0.109,0.895,60.9,238,-0.205,0.756,58.4,-17.7,0
r20,4,15,70,3,5,24,685,-0.121,0.884,60.4,244,-0.243,0.725,56.8,-18.4,0
r20,4,15,70,3,5,48,677,-0.112,0.892,60.9,238,-0.202,0.758,58.4,-17.6,0
r40,2,5,60,0,2,0,975,-0.111,0.816,57.5,322,-0.146,0.682,54.0,-14.5,0
r40,2,5,60,0,2,24,975,-0.111,0.816,57.5,322,-0.146,0.682,54.0,-14.5,0
r40,2,5,60,0,2,48,975,-0.111,0.816,57.5,322,-0.146,0.682,54.0,-14.5,0
r40,2,5,60,0,3,0,898,-0.087,0.849,59.1,304,-0.157,0.661,55.4,-14.9,0
r40,2,5,60,0,3,24,898,-0.087,0.849,59.1,304,-0.157,0.661,55.4,-14.9,0
r40,2,5,60,0,3,48,898,-0.087,0.849,59.1,304,-0.157,0.661,55.4,-14.9,0
r40,2,5,60,0,5,0,847,-0.061,0.900,60.0,287,-0.137,0.685,54.6,-13.6,0
r40,2,5,60,0,5,24,847,-0.061,0.900,60.0,287,-0.137,0.685,54.6,-13.6,0
r40,2,5,60,0,5,48,847,-0.061,0.900,60.0,287,-0.137,0.685,54.6,-13.6,0
r40,2,5,60,2,2,0,975,-0.105,0.824,57.9,322,-0.146,0.682,54.0,-14.5,0
r40,2,5,60,2,2,24,975,-0.105,0.824,57.9,322,-0.146,0.682,54.0,-14.5,0
r40,2,5,60,2,2,48,975,-0.105,0.824,57.9,322,-0.146,0.682,54.0,-14.5,0
r40,2,5,60,2,3,0,898,-0.093,0.836,59.2,304,-0.157,0.661,55.4,-14.9,0
r40,2,5,60,2,3,24,898,-0.093,0.836,59.2,304,-0.157,0.661,55.4,-14.9,0
r40,2,5,60,2,3,48,898,-0.093,0.836,59.2,304,-0.157,0.661,55.4,-14.9,0
r40,2,5,60,2,5,0,847,-0.065,0.890,60.1,287,-0.137,0.685,54.6,-13.6,0
r40,2,5,60,2,5,24,847,-0.065,0.890,60.1,287,-0.137,0.685,54.6,-13.6,0
r40,2,5,60,2,5,48,847,-0.065,0.890,60.1,287,-0.137,0.685,54.6,-13.6,0
r40,2,5,60,3,2,0,975,-0.111,0.813,57.6,322,-0.146,0.682,54.0,-14.5,0
r40,2,5,60,3,2,24,975,-0.111,0.813,57.6,322,-0.146,0.682,54.0,-14.5,0
r40,2,5,60,3,2,48,975,-0.111,0.813,57.6,322,-0.146,0.682,54.0,-14.5,0
r40,2,5,60,3,3,0,898,-0.093,0.837,59.1,304,-0.157,0.661,55.4,-14.9,0
r40,2,5,60,3,3,24,898,-0.093,0.837,59.1,304,-0.157,0.661,55.4,-14.9,0
r40,2,5,60,3,3,48,898,-0.093,0.837,59.1,304,-0.157,0.661,55.4,-14.9,0
r40,2,5,60,3,5,0,847,-0.068,0.887,60.0,287,-0.137,0.685,54.6,-13.6,0
r40,2,5,60,3,5,24,847,-0.068,0.887,60.0,287,-0.137,0.685,54.6,-13.6,0
r40,2,5,60,3,5,48,847,-0.068,0.887,60.0,287,-0.137,0.685,54.6,-13.6,0
r40,2,5,70,0,2,0,967,-0.083,0.870,57.5,318,-0.131,0.754,55.6,-14.2,0
r40,2,5,70,0,2,24,967,-0.083,0.870,57.5,318,-0.131,0.754,55.6,-14.2,0
r40,2,5,70,0,2,48,967,-0.083,0.870,57.5,318,-0.131,0.754,55.6,-14.2,0
r40,2,5,70,0,3,0,885,-0.055,0.905,59.9,297,-0.126,0.766,57.7,-13.9,0
r40,2,5,70,0,3,24,885,-0.055,0.905,59.9,297,-0.126,0.766,57.7,-13.9,0
r40,2,5,70,0,3,48,885,-0.055,0.905,59.9,297,-0.126,0.766,57.7,-13.9,0
r40,2,5,70,0,5,0,832,-0.032,0.951,61.5,279,-0.107,0.785,57.0,-13.0,0
r40,2,5,70,0,5,24,832,-0.032,0.951,61.5,279,-0.107,0.785,57.0,-13.0,0
r40,2,5,70,0,5,48,832,-0.032,0.951,61.5,279,-0.107,0.785,57.0,-13.0,0
r40,2,5,70,2,2,0,967,-0.092,0.854,57.9,318,-0.144,0.729,55.6,-14.8,0
r40,2,5,70,2,2,24,967,-0.092,0.854,57.9,318,-0.144,0.729,55.6,-14.8,0
r40,2,5,70,2,2,48,967,-0.092,0.854,57.9,318,-0.144,0.729,55.6,-14.8,0
r40,2,5,70,2,3,0,885,-0.082,0.862,60.0,297,-0.132,0.759,57.7,-14.1,0
r40,2,5,70,2,3,24,885,-0.082,0.862,60.0,297,-0.132,0.759,57.7,-14.1,0
r40,2,5,70,2,3,48,885,-0.082,0.862,60.0,297,-0.132,0.759,57.7,-14.1,0
r40,2,5,70,2,5,0,832,-0.056,0.911,61.6,279,-0.107,0.785,57.0,-13.0,0
r40,2,5,70,2,5,24,832,-0.056,0.911,61.6,279,-0.107,0.785,57.0,-13.0,0
r40,2,5,70,2,5,48,832,-0.056,0.911,61.6,279,-0.107,0.785,57.0,-13.0,0
r40,2,5,70,3,2,0,967,-0.090,0.858,57.7,318,-0.131,0.754,55.6,-14.2,0
r40,2,5,70,3,2,24,967,-0.090,0.858,57.7,318,-0.131,0.754,55.6,-14.2,0
r40,2,5,70,3,2,48,967,-0.090,0.858,57.7,318,-0.131,0.754,55.6,-14.2,0
r40,2,5,70,3,3,0,885,-0.073,0.878,59.9,297,-0.126,0.766,57.7,-13.9,0
r40,2,5,70,3,3,24,885,-0.073,0.878,59.9,297,-0.126,0.766,57.7,-13.9,0
r40,2,5,70,3,3,48,885,-0.073,0.878,59.9,297,-0.126,0.766,57.7,-13.9,0
r40,2,5,70,3,5,0,832,-0.051,0.922,61.5,279,-0.107,0.785,57.0,-13.0,0
r40,2,5,70,3,5,24,832,-0.051,0.922,61.5,279,-0.107,0.785,57.0,-13.0,0
r40,2,5,70,3,5,48,832,-0.051,0.922,61.5,279,-0.107,0.785,57.0,-13.0,0
r40,2,10,60,0,2,0,1936,-0.142,0.768,57.3,551,-0.184,0.628,52.5,-22.1,0
r40,2,10,60,0,2,24,1936,-0.142,0.768,57.3,551,-0.184,0.628,52.5,-22.1,0
r40,2,10,60,0,2,48,1936,-0.142,0.768,57.3,551,-0.184,0.628,52.5,-22.1,0
r40,2,10,60,0,3,0,1752,-0.116,0.807,59.0,511,-0.186,0.610,52.3,-22.4,0
r40,2,10,60,0,3,24,1752,-0.116,0.807,59.0,511,-0.186,0.610,52.3,-22.4,0
r40,2,10,60,0,3,48,1752,-0.116,0.807,59.0,511,-0.186,0.610,52.3,-22.4,0
r40,2,10,60,0,5,0,1633,-0.091,0.846,59.9,485,-0.146,0.671,52.5,-19.3,0
r40,2,10,60,0,5,24,1633,-0.091,0.846,59.9,485,-0.146,0.670,52.5,-19.4,0
r40,2,10,60,0,5,48,1633,-0.091,0.846,59.9,485,-0.146,0.671,52.5,-19.3,0
r40,2,10,60,2,2,0,1937,-0.137,0.775,57.6,551,-0.184,0.628,52.5,-22.1,0
r40,2,10,60,2,2,24,1937,-0.137,0.775,57.6,551,-0.184,0.628,52.5,-22.1,0
r40,2,10,60,2,2,48,1937,-0.137,0.775,57.6,551,-0.184,0.628,52.5,-22.1,0
r40,2,10,60,2,3,0,1753,-0.117,0.803,59.1,511,-0.186,0.610,52.3,-22.4,0
r40,2,10,60,2,3,24,1753,-0.117,0.803,59.1,511,-0.186,0.610,52.3,-22.4,0
r40,2,10,60,2,3,48,1753,-0.117,0.803,59.1,511,-0.186,0.610,52.3,-22.4,0
r40,2,10,60,2,5,0,1634,-0.091,0.844,60.0,485,-0.146,0.671,52.5,-19.3,0
r40,2,10,60,2,5,24,1634,-0.091,0.844,60.0,485,-0.146,0.670,52.5,-19.4,0
r40,2,10,60,2,5,48,1634,-0.091,0.844,60.0,485,-0.146,0.671,52.5,-19.3,0
r40,2,10,60,3,2,0,1936,-0.142,0.767,57.4,551,-0.184,0.628,52.5,-22.1,0
r40,2,10,60,3,2,24,1936,-0.142,0.767,57.4,551,-0.184,0.628,52.5,-22.1,0
r40,2,10,60,3,2,48,1936,-0.142,0.767,57.4,551,-0.184,0.628,52.5,-22.1,0
r40,2,10,60,3,3,0,1752,-0.118,0.803,59.0,511,-0.186,0.610,52.3,-22.4,0
r40,2,10,60,3,3,24,1752,-0.118,0.803,59.0,511,-0.186,0.610,52.3,-22.4,0
r40,2,10,60,3,3,48,1752,-0.118,0.803,59.0,511,-0.186,0.610,52.3,-22.4,0
r40,2,10,60,3,5,0,1633,-0.093,0.842,59.9,485,-0.146,0.671,52.5,-19.3,0
r40,2,10,60,3,5,24,1633,-0.093,0.842,59.9,485,-0.146,0.670,52.5,-19.4,0
r40,2,10,60,3,5,48,1633,-0.093,0.842,59.9,485,-0.146,0.671,52.5,-19.3,0
r40,2,10,70,0,2,0,1886,-0.123,0.818,57.3,533,-0.168,0.691,54.6,-20.9,0
r40,2,10,70,0,2,24,1886,-0.123,0.818,57.3,533,-0.168,0.691,54.6,-20.9,0
r40,2,10,70,0,2,48,1886,-0.123,0.818,57.3,533,-0.168,0.691,54.6,-20.9,0
r40,2,10,70,0,3,0,1682,-0.093,0.860,59.5,487,-0.170,0.676,55.0,-21.6,0
r40,2,10,70,0,3,24,1682,-0.093,0.860,59.5,487,-0.170,0.676,55.0,-21.6,0
r40,2,10,70,0,3,48,1682,-0.093,0.860,59.5,487,-0.170,0.676,55.0,-21.6,0
r40,2,10,70,0,5,0,1552,-0.065,0.906,61.3,457,-0.119,0.744,55.6,-18.3,1
r40,2,10,70,0,5,24,1552,-0.065,0.906,61.3,457,-0.122,0.740,55.6,-18.5,1
r40,2,10,70,0,5,48,1552,-0.065,0.906,61.3,457,-0.119,0.744,55.6,-18.3,1
r40,2,10,70,2,2,0,1889,-0.124,0.815,57.7,533,-0.178,0.673,54.6,-21.5,0
r40,2,10,70,2,2,24,1889,-0.124,0.815,57.7,533,-0.178,0.673,54.6,-21.5,0
r40,2,10,70,2,2,48,1889,-0.124,0.815,57.7,533,-0.178,0.673,54.6,-21.5,0
r40,2,10,70,2,3,0,1686,-0.102,0.843,59.8,487,-0.180,0.659,55.0,-22.0,0
r40,2,10,70,2,3,24,1686,-0.102,0.843,59.8,487,-0.180,0.659,55.0,-22.0,0
r40,2,10,70,2,3,48,1686,-0.102,0.843,59.8,487,-0.180,0.659,55.0,-22.0,0
r40,2,10,70,2,5,0,1556,-0.070,0.895,61.6,457,-0.121,0.741,55.6,-18.3,1
r40,2,10,70,2,5,24,1556,-0.070,0.895,61.6,457,-0.124,0.737,55.6,-18.5,1
r40,2,10,70,2,5,48,1556,-0.070,0.895,61.6,457,-0.121,0.741,55.6,-18.3,1
r40,2,10,70,3,2,0,1887,-0.125,0.813,57.4,533,-0.168,0.691,54.6,-20.9,0
r40,2,10,70,3,2,24,1887,-0.125,0.813,57.4,533,-0.168,0.691,54.6,-20.9,0
r40,2,10,70,3,2,48,1887,-0.125,0.813,57.4,533,-0.168,0.691,54.6,-20.9,0
r40,2,10,70,3,3,0,1683,-0.098,0.851,59.5,487,-0.170,0.676,55.0,-21.6,0
r40,2,10,70,3,3,24,1683,-0.098,0.851,59.5,487,-0.170,0.676,55.0,-21.6,0
r40,2,10,70,3,3,48,1683,-0.098,0.851,59.5,487,-0.170,0.676,55.0,-21.6,0
r40,2,10,70,3,5,0,1553,-0.072,0.894,61.4,457,-0.119,0.744,55.6,-18.3,1
r40,2,10,70,3,5,24,1553,-0.072,0.894,61.4,457,-0.122,0.740,55.6,-18.5,1
r40,2,10,70,3,5,48,1553,-0.072,0.894,61.4,457,-0.119,0.744,55.6,-18.3,1
r40,2,15,60,0,2,0,2685,-0.151,0.743,56.6,747,-0.202,0.599,53.4,-28.2,0
r40,2,15,60,0,2,24,2685,-0.151,0.743,56.6,747,-0.202,0.599,53.4,-28.2,0
r40,2,15,60,0,2,48,2685,-0.151,0.743,56.6,747,-0.202,0.599,53.4,-28.2,0
r40,2,15,60,0,3,0,2424,-0.129,0.780,58.1,685,-0.202,0.595,53.5,-27.8,0
r40,2,15,60,0,3,24,2424,-0.129,0.780,58.1,685,-0.202,0.595,53.5,-27.8,0
r40,2,15,60,0,3,48,2424,-0.129,0.780,58.1,685,-0.202,0.595,53.5,-27.8,0
r40,2,15,60,0,5,0,2245,-0.102,0.811,58.8,651,-0.181,0.619,53.8,-25.5,0
r40,2,15,60,0,5,24,2245,-0.102,0.811,58.8,651,-0.182,0.618,53.8,-25.5,0
r40,2,15,60,0,5,48,2245,-0.102,0.811,58.8,651,-0.181,0.619,53.8,-25.5,0
r40,2,15,60,2,2,0,2686,-0.149,0.745,56.8,747,-0.202,0.599,53.4,-28.2,0
r40,2,15,60,2,2,24,2686,-0.149,0.745,56.8,747,-0.202,0.599,53.4,-28.2,0
r40,2,15,60,2,2,48,2686,-0.149,0.745,56.8,747,-0.202,0.599,53.4,-28.2,0
r40,2,15,60,2,3,0,2426,-0.131,0.776,58.1,685,-0.202,0.595,53.5,-27.8,0
r40,2,15,60,2,3,24,2426,-0.131,0.776,58.1,685,-0.202,0.595,53.5,-27.8,0
r40,2,15,60,2,3,48,2426,-0.131,0.776,58.1,685,-0.202,0.595,53.5,-27.8,0
r40,2,15,60,2,5,0,2248,-0.101,0.811,58.9,651,-0.181,0.619,53.8,-25.5,0
r40,2,15,60,2,5,24,2248,-0.101,0.811,58.9,651,-0.182,0.618,53.8,-25.5,0
r40,2,15,60,2,5,48,2248,-0.101,0.811,58.9,651,-0.181,0.619,53.8,-25.5,0
r40,2,15,60,3,2,0,2685,-0.152,0.740,56.6,747,-0.202,0.599,53.4,-28.2,0
r40,2,15,60,3,2,24,2685,-0.152,0.740,56.6,747,-0.202,0.599,53.4,-28.2,0
r40,2,15,60,3,2,48,2685,-0.152,0.740,56.6,747,-0.202,0.599,53.4,-28.2,0
r40,2,15,60,3,3,0,2424,-0.130,0.778,58.1,685,-0.202,0.595,53.5,-27.8,0
r40,2,15,60,3,3,24,2424,-0.130,0.778,58.1,685,-0.202,0.595,53.5,-27.8,0
r40,2,15,60,3,3,48,2424,-0.130,0.778,58.1,685,-0.202,0.595,53.5,-27.8,0
r40,2,15,60,3,5,0,2245,-0.104,0.809,58.8,651,-0.181,0.619,53.8,-25.5,0
r40,2,15,60,3,5,24,2245,-0.104,0.809,58.8,651,-0.182,0.618,53.8,-25.5,0
r40,2,15,60,3,5,48,2245,-0.104,0.809,58.8,651,-0.181,0.619,53.8,-25.5,0
r40,2,15,70,0,2,0,2574,-0.131,0.802,56.2,710,-0.194,0.664,54.1,-27.7,0
r40,2,15,70,0,2,24,2574,-0.131,0.802,56.2,710,-0.194,0.664,54.1,-27.7,0
r40,2,15,70,0,2,48,2574,-0.131,0.802,56.2,710,-0.194,0.664,54.1,-27.7,0
r40,2,15,70,0,3,0,2282,-0.099,0.850,58.5,640,-0.204,0.650,53.8,-27.6,0
r40,2,15,70,0,3,24,2282,-0.099,0.850,58.5,640,-0.204,0.650,53.8,-27.6,0
r40,2,15,70,0,3,48,2282,-0.099,0.850,58.5,640,-0.204,0.650,53.8,-27.6,0
r40,2,15,70,0,5,0,2084,-0.068,0.891,59.8,600,-0.171,0.681,54.9,-24.6,0
r40,2,15,70,0,5,24,2084,-0.068,0.891,59.8,600,-0.173,0.678,54.9,-24.8,0
r40,2,15,70,0,5,48,2084,-0.068,0.891,59.8,600,-0.171,0.681,54.9,-24.6,0
r40,2,15,70,2,2,0,2579,-0.135,0.794,56.5,710,-0.202,0.650,54.1,-28.3,0
r40,2,15,70,2,2,24,2579,-0.135,0.794,56.5,710,-0.202,0.650,54.1,-28.3,0
r40,2,15,70,2,2,48,2579,-0.135,0.794,56.5,710,-0.202,0.650,54.1,-28.3,0
r40,2,15,70,2,3,0,2289,-0.109,0.832,58.7,640,-0.212,0.636,53.8,-28.1,0
r40,2,15,70,2,3,24,2289,-0.109,0.832,58.7,640,-0.212,0.636,53.8,-28.1,0
r40,2,15,70,2,3,48,2289,-0.109,0.832,58.7,640,-0.212,0.636,53.8,-28.1,0
r40,2,15,70,2,5,0,2092,-0.072,0.881,60.0,600,-0.175,0.675,54.9,-24.8,0
r40,2,15,70,2,5,24,2092,-0.072,0.881,60.0,600,-0.178,0.672,54.9,-25.0,0
r40,2,15,70,2,5,48,2092,-0.072,0.881,60.0,600,-0.175,0.675,54.9,-24.8,0
r40,2,15,70,3,2,0,2575,-0.136,0.794,56.2,710,-0.194,0.664,54.1,-27.7,0
r40,2,15,70,3,2,24,2575,-0.136,0.794,56.2,710,-0.194,0.664,54.1,-27.7,0
r40,2,15,70,3,2,48,2575,-0.136,0.794,56.2,710,-0.194,0.664,54.1,-27.7,0
r40,2,15,70,3,3,0,2283,-0.105,0.839,58.5,640,-0.204,0.650,53.8,-27.6,0
r40,2,15,70,3,3,24,2283,-0.105,0.839,58.5,640,-0.204,0.650,53.8,-27.6,0
r40,2,15,70,3,3,48,2283,-0.105,0.839,58.5,640,-0.204,0.650,53.8,-27.6,0
r40,2,15,70,3,5,0,2085,-0.076,0.878,59.8,600,-0.171,0.681,54.9,-24.6,0
r40,2,15,70,3,5,24,2085,-0.076,0.878,59.8,600,-0.173,0.678,54.9,-24.8,0
r40,2,15,70,3,5,48,2085,-0.076,0.878,59.8,600,-0.171,0.681,54.9,-24.6,0
r40,3,5,60,0,2,0,221,-0.091,0.825,54.8,83,-0.052,0.782,62.5,-6.6,1
r40,3,5,60,0,2,24,221,-0.091,0.825,54.8,83,-0.052,0.782,62.5,-6.6,1
r40,3,5,60,0,2,48,221,-0.091,0.825,54.8,83,-0.052,0.782,62.5,-6.6,1
r40,3,5,60,0,3,0,206,-0.112,0.813,57.2,77,-0.001,0.862,62.3,-5.6,2
r40,3,5,60,0,3,24,206,-0.112,0.813,57.2,77,-0.001,0.862,62.3,-5.6,2
r40,3,5,60,0,3,48,206,-0.112,0.813,57.2,77,-0.001,0.862,62.3,-5.6,2
r40,3,5,60,0,5,0,193,-0.026,0.916,59.5,75,0.014,0.893,62.5,-5.4,2
r40,3,5,60,0,5,24,193,-0.026,0.916,59.5,75,0.012,0.888,62.5,-5.4,2
r40,3,5,60,0,5,48,193,-0.026,0.916,59.5,75,0.014,0.893,62.5,-5.4,2
r40,3,5,60,2,2,0,221,-0.096,0.819,55.9,83,-0.100,0.701,62.5,-6.7,1
r40,3,5,60,2,2,24,221,-0.096,0.819,55.9,83,-0.100,0.701,62.5,-6.7,1
r40,3,5,60,2,2,48,221,-0.096,0.819,55.9,83,-0.100,0.701,62.5,-6.7,1
r40,3,5,60,2,3,0,206,-0.146,0.777,57.7,77,-0.022,0.834,62.3,-5.6,2
r40,3,5,60,2,3,24,206,-0.146,0.777,57.7,77,-0.022,0.834,62.3,-5.6,2
r40,3,5,60,2,3,48,206,-0.146,0.777,57.7,77,-0.022,0.834,62.3,-5.6,2
r40,3,5,60,2,5,0,193,-0.086,0.850,59.5,75,-0.007,0.861,62.5,-5.4,2
r40,3,5,60,2,5,24,193,-0.086,0.850,59.5,75,-0.009,0.857,62.5,-5.4,2
r40,3,5,60,2,5,48,193,-0.086,0.850,59.5,75,-0.007,0.861,62.5,-5.4,2
r40,3,5,60,3,2,0,221,-0.128,0.791,54.8,83,-0.052,0.782,62.5,-6.6,1
r40,3,5,60,3,2,24,221,-0.128,0.791,54.8,83,-0.052,0.782,62.5,-6.6,1
r40,3,5,60,3,2,48,221,-0.128,0.791,54.8,83,-0.052,0.782,62.5,-6.6,1
r40,3,5,60,3,3,0,206,-0.150,0.778,57.2,77,-0.001,0.862,62.3,-5.6,2
r40,3,5,60,3,3,24,206,-0.150,0.778,57.2,77,-0.001,0.862,62.3,-5.6,2
r40,3,5,60,3,3,48,206,-0.150,0.778,57.2,77,-0.001,0.862,62.3,-5.6,2
r40,3,5,60,3,5,0,193,-0.066,0.875,59.5,75,0.014,0.893,62.5,-5.4,2
r40,3,5,60,3,5,24,193,-0.066,0.875,59.5,75,0.012,0.888,62.5,-5.4,2
r40,3,5,60,3,5,48,193,-0.066,0.875,59.5,75,0.014,0.893,62.5,-5.4,2
r40,3,5,70,0,2,0,220,-0.105,0.832,50.5,83,0.054,0.892,65.3,-6.7,1
r40,3,5,70,0,2,24,220,-0.098,0.837,50.5,83,0.043,0.884,65.3,-6.8,1
r40,3,5,70,0,2,48,220,-0.105,0.832,50.5,83,0.054,0.892,65.3,-6.7,1
r40,3,5,70,0,3,0,204,-0.163,0.804,54.7,77,0.062,0.984,65.2,-6.5,1
r40,3,5,70,0,3,24,204,-0.164,0.804,54.7,77,0.075,0.994,65.2,-6.3,1
r40,3,5,70,0,3,48,204,-0.163,0.804,54.7,77,0.062,0.984,65.2,-6.5,1
r40,3,5,70,0,5,0,191,-0.006,0.956,57.3,74,0.113,1.098,65.1,-5.7,1
r40,3,5,70,0,5,24,191,-0.024,0.939,57.3,74,0.094,1.054,65.1,-6.0,1
r40,3,5,70,0,5,48,191,-0.006,0.956,57.3,74,0.113,1.098,65.1,-5.7,1
r40,3,5,70,2,2,0,220,-0.172,0.769,52.0,83,-0.031,0.780,65.3,-6.7,1
r40,3,5,70,2,2,24,220,-0.165,0.774,52.0,83,-0.042,0.773,65.3,-6.8,1
r40,3,5,70,2,2,48,220,-0.172,0.769,52.0,83,-0.031,0.780,65.3,-6.7,1
r40,3,5,70,2,3,0,204,-0.281,0.705,55.3,77,0.004,0.914,65.2,-6.5,1
r40,3,5,70,2,3,24,204,-0.281,0.705,55.3,77,0.017,0.923,65.2,-6.3,1
r40,3,5,70,2,3,48,204,-0.281,0.705,55.3,77,0.004,0.914,65.2,-6.5,1
r40,3,5,70,2,5,0,191,-0.170,0.802,57.3,74,0.055,1.012,65.1,-5.7,1
r40,3,5,70,2,5,24,191,-0.188,0.787,57.3,74,0.036,0.971,65.1,-6.0,1
r40,3,5,70,2,5,48,191,-0.170,0.802,57.3,74,0.055,1.012,65.1,-5.7,1
r40,3,5,70,3,2,0,220,-0.176,0.773,50.9,83,0.036,0.875,65.3,-6.7,1
r40,3,5,70,3,2,24,220,-0.169,0.778,50.9,83,0.025,0.867,65.3,-6.8,1
r40,3,5,70,3,2,48,220,-0.176,0.773,50.9,83,0.036,0.875,65.3,-6.7,1
r40,3,5,70,3,3,0,204,-0.257,0.730,54.7,77,0.045,0.963,65.2,-6.5,1
r40,3,5,70,3,3,24,204,-0.257,0.730,54.7,77,0.058,0.973,65.2,-6.3,1
r40,3,5,70,3,3,48,204,-0.257,0.730,54.7,77,0.045,0.963,65.2,-6.5,1
r40,3,5,70,3,5,0,191,-0.112,0.858,57.3,74,0.096,1.073,65.1,-5.7,1
r40,3,5,70,3,5,24,191,-0.130,0.842,57.3,74,0.076,1.029,65.1,-6.0,1
r40,3,5,70,3,5,48,191,-0.112,0.858,57.3,74,0.096,1.073,65.1,-5.7,1
r40,3,10,60,0,2,0,702,-0.135,0.812,55.2,235,-0.190,0.687,54.6,-14.3,1
r40,3,10,60,0,2,24,702,-0.135,0.812,55.2,235,-0.190,0.687,54.6,-14.3,1
r40,3,10,60,0,2,48,702,-0.135,0.812,55.2,235,-0.190,0.687,54.6,-14.3,1
r40,3,10,60,0,3,0,634,-0.074,0.885,60.4,217,-0.166,0.730,57.6,-13.0,0
r40,3,10,60,0,3,24,634,-0.074,0.885,60.4,217,-0.167,0.728,57.6,-13.0,0
r40,3,10,60,0,3,48,634,-0.074,0.885,60.4,217,-0.166,0.730,57.6,-13.0,0
r40,3,10,60,0,5,0,581,-0.073,0.896,62.1,200,-0.128,0.770,57.8,-11.4,1
r40,3,10,60,0,5,24,581,-0.073,0.896,62.1,201,-0.131,0.767,57.9,-11.6,1
r40,3,10,60,0,5,48,581,-0.073,0.896,62.1,200,-0.128,0.770,57.8,-11.4,1
r40,3,10,60,2,2,0,702,-0.150,0.791,55.7,235,-0.207,0.660,54.6,-14.8,1
r40,3,10,60,2,2,24,702,-0.150,0.791,55.7,235,-0.207,0.660,54.6,-14.8,1
r40,3,10,60,2,2,48,702,-0.150,0.791,55.7,235,-0.207,0.660,54.6,-14.8,1
r40,3,10,60,2,3,0,634,-0.112,0.832,60.7,217,-0.185,0.701,57.6,-13.6,0
r40,3,10,60,2,3,24,634,-0.112,0.832,60.7,217,-0.187,0.699,57.6,-13.7,0
r40,3,10,60,2,3,48,634,-0.112,0.832,60.7,217,-0.185,0.701,57.6,-13.6,0
r40,3,10,60,2,5,0,582,-0.109,0.845,62.4,200,-0.128,0.770,57.8,-11.4,1
r40,3,10,60,2,5,24,582,-0.109,0.845,62.4,201,-0.131,0.767,57.9,-11.6,1
r40,3,10,60,2,5,48,582,-0.109,0.845,62.4,200,-0.128,0.770,57.8,-11.4,1
r40,3,10,60,3,2,0,702,-0.153,0.791,55.2,235,-0.190,0.687,54.6,-14.3,1
r40,3,10,60,3,2,24,702,-0.153,0.791,55.2,235,-0.190,0.687,54.6,-14.3,1
r40,3,10,60,3,2,48,702,-0.153,0.791,55.2,235,-0.190,0.687,54.6,-14.3,1
r40,3,10,60,3,3,0,634,-0.099,0.853,60.4,217,-0.166,0.730,57.6,-13.0,0
r40,3,10,60,3,3,24,634,-0.099,0.853,60.4,217,-0.167,0.728,57.6,-13.0,0
r40,3,10,60,3,3,48,634,-0.099,0.853,60.4,217,-0.166,0.730,57.6,-13.0,0
r40,3,10,60,3,5,0,581,-0.100,0.861,62.1,200,-0.128,0.770,57.8,-11.4,1
r40,3,10,60,3,5,24,581,-0.100,0.861,62.1,201,-0.131,0.767,57.9,-11.6,1
r40,3,10,60,3,5,48,581,-0.100,0.861,62.1,200,-0.128,0.770,57.8,-11.4,1
r40,3,10,70,0,2,0,696,-0.104,0.864,54.5,233,-0.253,0.675,54.3,-17.5,0
r40,3,10,70,0,2,24,696,-0.103,0.865,54.5,233,-0.243,0.681,54.3,-17.2,0
r40,3,10,70,0,2,48,696,-0.104,0.864,54.5,233,-0.253,0.675,54.3,-17.5,0
r40,3,10,70,0,3,0,623,-0.044,0.935,60.0,210,-0.244,0.695,58.8,-15.8,0
r40,3,10,70,0,3,24,623,-0.047,0.932,60.0,211,-0.244,0.695,59.0,-15.9,0
r40,3,10,70,0,3,48,623,-0.044,0.935,60.0,210,-0.244,0.695,58.8,-15.8,0
r40,3,10,70,0,5,0,565,-0.028,0.960,62.7,190,-0.200,0.738,60.4,-14.2,0
r40,3,10,70,0,5,24,565,-0.027,0.960,62.7,193,-0.222,0.719,60.3,-14.7,0
r40,3,10,70,0,5,48,565,-0.028,0.960,62.7,190,-0.194,0.742,60.4,-14.1,0
r40,3,10,70,2,2,0,696,-0.128,0.838,55.9,233,-0.285,0.635,54.3,-18.0,0
r40,3,10,70,2,2,24,696,-0.127,0.840,55.9,233,-0.274,0.641,54.3,-17.7,0
r40,3,10,70,2,2,48,696,-0.128,0.838,55.9,233,-0.285,0.635,54.3,-18.0,0
r40,3,10,70,2,3,0,624,-0.095,0.875,61.2,210,-0.279,0.653,58.8,-16.8,0
r40,3,10,70,2,3,24,624,-0.098,0.873,61.2,211,-0.279,0.653,59.0,-16.9,0
r40,3,10,70,2,3,48,624,-0.095,0.875,61.2,210,-0.279,0.653,58.8,-16.8,0
r40,3,10,70,2,5,0,567,-0.062,0.920,63.8,190,-0.207,0.727,60.4,-14.1,0
r40,3,10,70,2,5,24,567,-0.066,0.915,63.8,193,-0.229,0.709,60.3,-14.6,0
r40,3,10,70,2,5,48,567,-0.062,0.920,63.8,190,-0.201,0.732,60.4,-14.0,0
r40,3,10,70,3,2,0,696,-0.110,0.864,55.1,233,-0.259,0.670,54.3,-17.5,0
r40,3,10,70,3,2,24,696,-0.109,0.865,55.1,233,-0.248,0.676,54.3,-17.2,0
r40,3,10,70,3,2,48,696,-0.110,0.864,55.1,233,-0.259,0.670,54.3,-17.5,0
r40,3,10,70,3,3,0,624,-0.060,0.922,60.5,210,-0.250,0.690,58.8,-16.0,0
r40,3,10,70,3,3,24,624,-0.063,0.919,60.5,211,-0.250,0.690,59.0,-16.1,0
r40,3,10,70,3,3,48,624,-0.060,0.922,60.5,210,-0.250,0.690,58.8,-16.0,0
r40,3,10,70,3,5,0,566,-0.030,0.961,63.2,190,-0.200,0.738,60.4,-14.2,0
r40,3,10,70,3,5,24,566,-0.034,0.957,63.2,193,-0.222,0.719,60.3,-14.7,0
r40,3,10,70,3,5,48,566,-0.030,0.961,63.2,190,-0.194,0.742,60.4,-14.1,0
r40,3,15,60,0,2,0,1225,-0.136,0.817,56.7,376,-0.171,0.724,56.5,-17.0,1
r40,3,15,60,0,2,24,1225,-0.136,0.817,56.7,376,-0.171,0.724,56.5,-17.0,1
r40,3,15,60,0,2,48,1225,-0.136,0.817,56.7,376,-0.171,0.724,56.5,-17.0,1
r40,3,15,60,0,3,0,1084,-0.079,0.888,61.0,342,-0.173,0.716,59.3,-16.7,0
r40,3,15,60,0,3,24,1084,-0.079,0.888,61.0,342,-0.173,0.716,59.3,-16.8,0
r40,3,15,60,0,3,48,1084,-0.079,0.888,61.0,342,-0.173,0.716,59.3,-16.7,0
r40,3,15,60,0,5,0,990,-0.052,0.938,62.8,313,-0.122,0.772,59.6,-14.2,1
r40,3,15,60,0,5,24,990,-0.052,0.938,62.8,314,-0.125,0.769,59.7,-14.4,1
r40,3,15,60,0,5,48,990,-0.052,0.938,62.8,313,-0.122,0.772,59.6,-14.2,1
r40,3,15,60,2,2,0,1225,-0.138,0.810,57.3,376,-0.186,0.701,56.5,-17.6,1
r40,3,15,60,2,2,24,1225,-0.138,0.810,57.3,376,-0.186,0.701,56.5,-17.6,1
r40,3,15,60,2,2,48,1225,-0.138,0.810,57.3,376,-0.186,0.701,56.5,-17.6,1
r40,3,15,60,2,3,0,1085,-0.095,0.859,61.4,342,-0.187,0.694,59.3,-17.4,0
r40,3,15,60,2,3,24,1085,-0.095,0.859,61.4,342,-0.188,0.694,59.3,-17.5,0
r40,3,15,60,2,3,48,1085,-0.095,0.859,61.4,342,-0.187,0.694,59.3,-17.4,0
r40,3,15,60,2,5,0,992,-0.072,0.904,63.1,313,-0.125,0.769,59.6,-14.3,1
r40,3,15,60,2,5,24,992,-0.072,0.904,63.1,314,-0.127,0.766,59.7,-14.5,1
r40,3,15,60,2,5,48,992,-0.072,0.904,63.1,313,-0.125,0.769,59.6,-14.3,1
r40,3,15,60,3,2,0,1225,-0.145,0.806,56.8,376,-0.171,0.724,56.5,-17.0,1
r40,3,15,60,3,2,24,1225,-0.145,0.806,56.8,376,-0.171,0.724,56.5,-17.0,1
r40,3,15,60,3,2,48,1225,-0.145,0.806,56.8,376,-0.171,0.724,56.5,-17.0,1
r40,3,15,60,3,3,0,1084,-0.098,0.864,61.0,342,-0.173,0.716,59.3,-16.7,0
r40,3,15,60,3,3,24,1084,-0.098,0.864,61.0,342,-0.173,0.716,59.3,-16.8,0
r40,3,15,60,3,3,48,1084,-0.098,0.864,61.0,342,-0.173,0.716,59.3,-16.7,0
r40,3,15,60,3,5,0,990,-0.072,0.910,62.8,313,-0.122,0.772,59.6,-14.2,1
r40,3,15,60,3,5,24,990,-0.072,0.910,62.8,314,-0.125,0.769,59.7,-14.4,1
r40,3,15,60,3,5,48,990,-0.072,0.910,62.8,313,-0.122,0.772,59.6,-14.2,1
r40,3,15,70,0,2,0,1189,-0.147,0.828,53.6,361,-0.253,0.669,53.6,-20.0,0
r40,3,15,70,0,2,24,1189,-0.147,0.828,53.6,361,-0.253,0.668,53.3,-20.0,0
r40,3,15,70,0,2,48,1189,-0.147,0.828,53.6,361,-0.253,0.669,53.6,-20.0,0
r40,3,15,70,0,3,0,1028,-0.083,0.904,58.7,321,-0.268,0.662,57.2,-20.1,0
r40,3,15,70,0,3,24,1028,-0.086,0.901,58.7,322,-0.269,0.661,56.9,-20.1,0
r40,3,15,70,0,3,48,1028,-0.083,0.904,58.7,321,-0.268,0.662,57.2,-20.1,0
r40,3,15,70,0,5,0,925,-0.051,0.946,61.0,285,-0.240,0.678,57.4,-17.1,0
r40,3,15,70,0,5,24,926,-0.053,0.943,61.1,289,-0.252,0.668,56.8,-17.8,0
r40,3,15,70,0,5,48,925,-0.051,0.946,61.0,285,-0.240,0.678,57.4,-17.1,0
r40,3,15,70,2,2,0,1191,-0.157,0.812,55.0,361,-0.266,0.646,53.9,-20.8,0
r40,3,15,70,2,2,24,1191,-0.157,0.812,55.0,361,-0.266,0.645,53.6,-20.7,0
r40,3,15,70,2,2,48,1191,-0.157,0.812,55.0,361,-0.266,0.646,53.9,-20.8,0
r40,3,15,70,2,3,0,1034,-0.102,0.874,60.0,321,-0.295,0.628,57.2,-21.2,0
r40,3,15,70,2,3,24,1034,-0.105,0.871,60.0,322,-0.297,0.627,56.9,-21.2,0
r40,3,15,70,2,3,48,1034,-0.102,0.874,60.0,321,-0.295,0.628,57.2,-21.2,0
r40,3,15,70,2,5,0,935,-0.062,0.930,62.1,285,-0.251,0.664,57.4,-17.4,0
r40,3,15,70,2,5,24,936,-0.063,0.927,62.2,289,-0.263,0.654,56.8,-18.1,0
r40,3,15,70,2,5,48,935,-0.062,0.930,62.1,285,-0.251,0.664,57.4,-17.4,0
r40,3,15,70,3,2,0,1189,-0.154,0.823,54.2,361,-0.258,0.662,53.6,-20.2,0
r40,3,15,70,3,2,24,1189,-0.154,0.823,54.2,361,-0.258,0.662,53.3,-20.2,0
r40,3,15,70,3,2,48,1189,-0.154,0.823,54.2,361,-0.258,0.662,53.6,-20.2,0
r40,3,15,70,3,3,0,1030,-0.103,0.883,59.1,321,-0.275,0.655,57.2,-20.3,0
r40,3,15,70,3,3,24,1030,-0.106,0.880,59.1,322,-0.276,0.654,56.9,-20.4,0
r40,3,15,70,3,3,48,1030,-0.103,0.883,59.1,321,-0.275,0.655,57.2,-20.3,0
r40,3,15,70,3,5,0,929,-0.058,0.942,61.5,285,-0.244,0.674,57.4,-17.2,0
r40,3,15,70,3,5,24,930,-0.060,0.940,61.5,289,-0.255,0.664,56.8,-17.8,0
r40,3,15,70,3,5,48,929,-0.058,0.942,61.5,285,-0.244,0.674,57.4,-17.2,0
r40,4,5,60,0,2,0,54,-0.413,0.555,43.2,19,-0.383,0.952,57.5,-2.7,2
r40,4,5,60,0,2,24,54,-0.413,0.555,43.2,19,-0.205,1.067,57.5,-2.4,2
r40,4,5,60,0,2,48,54,-0.413,0.555,43.2,19,-0.383,0.952,57.5,-2.7,2
r40,4,5,60,0,3,0,51,-0.427,0.581,51.4,18,-0.393,1.011,56.7,-2.8,3
r40,4,5,60,0,3,24,51,-0.440,0.575,51.4,18,-0.215,1.116,56.7,-2.5,2
r40,4,5,60,0,3,48,51,-0.427,0.581,51.4,18,-0.393,1.011,56.7,-2.8,3
r40,4,5,60,0,5,0,48,-0.238,0.683,56.4,17,-0.196,1.141,60.0,-1.8,3
r40,4,5,60,0,5,24,48,-0.189,0.719,56.4,17,-0.231,1.057,60.0,-1.9,2
r40,4,5,60,0,5,48,48,-0.238,0.683,56.4,17,-0.196,1.141,60.0,-1.8,3
r40,4,5,60,2,2,0,54,-0.459,0.516,45.2,19,-0.505,0.730,57.5,-2.7,1
r40,4,5,60,2,2,24,54,-0.459,0.516,45.2,19,-0.327,0.818,57.5,-2.4,1
r40,4,5,60,2,2,48,54,-0.459,0.516,45.2,19,-0.505,0.730,57.5,-2.7,1
r40,4,5,60,2,3,0,51,-0.506,0.530,53.4,18,-0.514,0.768,56.7,-2.8,3
r40,4,5,60,2,3,24,51,-0.519,0.525,53.4,18,-0.337,0.848,56.7,-2.5,2
r40,4,5,60,2,3,48,51,-0.506,0.530,53.4,18,-0.514,0.768,56.7,-2.8,3
r40,4,5,60,2,5,0,48,-0.329,0.624,58.6,17,-0.196,1.141,60.0,-1.8,3
r40,4,5,60,2,5,24,48,-0.280,0.658,58.6,17,-0.231,1.057,60.0,-1.9,2
r40,4,5,60,2,5,48,48,-0.329,0.624,58.6,17,-0.196,1.141,60.0,-1.8,3
r40,4,5,60,3,2,0,54,-0.541,0.470,43.2,19,-0.383,0.952,57.5,-2.7,2
r40,4,5,60,3,2,24,54,-0.541,0.470,43.2,19,-0.205,1.067,57.5,-2.4,2
r40,4,5,60,3,2,48,54,-0.541,0.470,43.2,19,-0.383,0.952,57.5,-2.7,2
r40,4,5,60,3,3,0,51,-0.555,0.497,51.4,18,-0.393,1.011,56.7,-2.8,3
r40,4,5,60,3,3,24,51,-0.568,0.492,51.4,18,-0.215,1.116,56.7,-2.5,2
r40,4,5,60,3,3,48,51,-0.555,0.497,51.4,18,-0.393,1.011,56.7,-2.8,3
r40,4,5,60,3,5,0,48,-0.383,0.584,56.4,17,-0.196,1.141,60.0,-1.8,3
r40,4,5,60,3,5,24,48,-0.334,0.615,56.4,17,-0.231,1.057,60.0,-1.9,2
r40,4,5,60,3,5,48,48,-0.383,0.584,56.4,17,-0.196,1.141,60.0,-1.8,3
r40,4,5,70,0,2,0,54,-0.362,0.620,40.7,19,-0.442,0.898,48.3,-3.6,1
r40,4,5,70,0,2,24,54,-0.414,0.590,39.2,19,-0.169,1.136,52.5,-2.9,2
r40,4,5,70,0,2,48,54,-0.362,0.620,40.7,19,-0.442,0.898,48.3,-3.6,1
r40,4,5,70,0,3,0,51,-0.447,0.614,48.9,18,-0.177,1.355,51.7,-2.5,3
r40,4,5,70,0,3,24,51,-0.480,0.597,47.3,18,-0.072,1.378,51.7,-2.4,3
r40,4,5,70,0,3,48,51,-0.447,0.614,48.9,18,-0.177,1.355,51.7,-2.5,3
r40,4,5,70,0,5,0,48,-0.426,0.619,54.1,17,0.026,1.748,55.0,-1.5,3
r40,4,5,70,0,5,24,48,-0.306,0.668,52.4,17,-0.088,1.426,55.0,-1.9,3
r40,4,5,70,0,5,48,48,-0.394,0.633,54.1,17,0.026,1.748,55.0,-1.5,3
r40,4,5,70,2,2,0,54,-0.498,0.515,42.7,19,-0.569,0.723,48.3,-3.6,1
r40,4,5,70,2,2,24,54,-0.550,0.489,41.2,19,-0.297,0.916,52.5,-2.9,2
r40,4,5,70,2,2,48,54,-0.498,0.515,42.7,19,-0.569,0.723,48.3,-3.6,1
r40,4,5,70,2,3,0,51,-0.625,0.502,50.9,18,-0.304,1.089,51.7,-2.5,3
r40,4,5,70,2,3,24,51,-0.649,0.490,49.3,18,-0.200,1.097,51.7,-2.4,3
r40,4,5,70,2,3,48,51,-0.625,0.502,50.9,18,-0.304,1.089,51.7,-2.5,3
r40,4,5,70,2,5,0,48,-0.627,0.503,56.3,17,0.026,1.748,55.0,-1.5,3
r40,4,5,70,2,5,24,48,-0.497,0.547,54.6,17,-0.088,1.426,55.0,-1.9,3
r40,4,5,70,2,5,48,48,-0.595,0.515,56.3,17,0.026,1.748,55.0,-1.5,3
r40,4,5,70,3,2,0,54,-0.580,0.470,40.7,19,-0.448,0.890,48.3,-3.6,1
r40,4,5,70,3,2,24,54,-0.632,0.446,39.2,19,-0.175,1.126,52.5,-2.9,2
r40,4,5,70,3,2,48,54,-0.580,0.470,40.7,19,-0.448,0.890,48.3,-3.6,1
r40,4,5,70,3,3,0,51,-0.666,0.475,48.9,18,-0.183,1.342,51.7,-2.5,3
r40,4,5,70,3,3,24,51,-0.698,0.461,47.3,18,-0.078,1.364,51.7,-2.4,3
r40,4,5,70,3,3,48,51,-0.666,0.475,48.9,18,-0.183,1.342,51.7,-2.5,3
r40,4,5,70,3,5,0,48,-0.672,0.475,54.1,17,0.026,1.748,55.0,-1.5,3
r40,4,5,70,3,5,24,48,-0.552,0.513,52.4,17,-0.088,1.426,55.0,-1.9,3
r40,4,5,70,3,5,48,48,-0.639,0.487,54.1,17,0.026,1.748,55.0,-1.5,3
r40,4,10,60,0,2,0,272,-0.005,0.935,53.4,100,-0.075,0.762,59.4,-8.9,1
r40,4,10,60,0,2,24,272,-0.007,0.933,53.4,100,-0.056,0.775,59.4,-8.7,1
r40,4,10,60,0,2,48,272,-0.005,0.935,53.4,100,-0.075,0.762,59.4,-8.9,1
r40,4,10,60,0,3,0,250,-0.038,0.941,57.3,92,-0.068,0.803,60.7,-8.7,1
r40,4,10,60,0,3,24,250,-0.041,0.939,57.3,92,-0.067,0.799,60.7,-8.7,1
r40,4,10,60,0,3,48,250,-0.038,0.941,57.3,92,-0.068,0.803,60.7,-8.7,1
r40,4,10,60,0,5,0,231,0.072,1.063,58.3,86,-0.079,0.791,60.1,-8.5,1
r40,4,10,60,0,5,24,231,0.058,1.046,58.3,86,-0.112,0.755,60.1,-9.0,1
r40,4,10,60,0,5,48,231,0.072,1.063,58.3,86,-0.079,0.791,60.1,-8.5,1
r40,4,10,60,2,2,0,272,-0.093,0.851,54.4,100,-0.147,0.673,59.4,-9.4,1
r40,4,10,60,2,2,24,272,-0.094,0.850,54.4,100,-0.128,0.685,59.4,-9.2,1
r40,4,10,60,2,2,48,272,-0.093,0.851,54.4,100,-0.147,0.673,59.4,-9.4,1
r40,4,10,60,2,3,0,250,-0.161,0.822,57.7,92,-0.142,0.708,60.7,-9.2,1
r40,4,10,60,2,3,24,250,-0.164,0.820,57.7,92,-0.141,0.705,60.7,-9.2,1
r40,4,10,60,2,3,48,250,-0.161,0.822,57.7,92,-0.142,0.708,60.7,-9.2,1
r40,4,10,60,2,5,0,231,-0.076,0.904,58.3,86,-0.129,0.732,60.1,-8.5,1
r40,4,10,60,2,5,24,231,-0.091,0.890,58.3,86,-0.163,0.699,60.1,-9.0,1
r40,4,10,60,2,5,48,231,-0.076,0.904,58.3,86,-0.129,0.732,60.1,-8.5,1
r40,4,10,60,3,2,0,272,-0.075,0.874,53.6,100,-0.090,0.748,59.4,-8.9,1
r40,4,10,60,3,2,24,272,-0.077,0.872,53.6,100,-0.071,0.762,59.4,-8.7,1
r40,4,10,60,3,2,48,272,-0.075,0.874,53.6,100,-0.090,0.748,59.4,-8.9,1
r40,4,10,60,3,3,0,250,-0.120,0.866,57.3,92,-0.083,0.788,60.7,-8.7,1
r40,4,10,60,3,3,24,250,-0.123,0.863,57.3,92,-0.082,0.785,60.7,-8.7,1
r40,4,10,60,3,3,48,250,-0.120,0.866,57.3,92,-0.083,0.788,60.7,-8.7,1
r40,4,10,60,3,5,0,231,-0.016,0.970,58.3,86,-0.093,0.774,60.1,-8.5,1
r40,4,10,60,3,5,24,231,-0.030,0.955,58.3,86,-0.127,0.739,60.1,-9.0,1
r40,4,10,60,3,5,48,231,-0.016,0.970,58.3,86,-0.093,0.774,60.1,-8.5,1
r40,4,10,70,0,2,0,272,0.037,0.983,51.6,98,-0.072,0.782,55.3,-9.6,2
r40,4,10,70,0,2,24,272,0.022,0.971,50.7,98,0.005,0.866,56.1,-8.4,2
r40,4,10,70,0,2,48,272,0.037,0.983,51.6,98,-0.072,0.782,55.3,-9.6,2
r40,4,10,70,0,3,0,248,0.021,0.998,57.4,90,-0.012,0.881,59.4,-8.3,2
r40,4,10,70,0,3,24,248,-0.009,0.974,56.1,90,0.003,0.885,59.2,-8.5,2
r40,4,10,70,0,3,48,248,0.021,0.998,57.4,90,-0.015,0.879,59.4,-8.3,2
r40,4,10,70,0,5,0,229,0.103,1.075,62.2,84,-0.012,0.892,59.7,-8.6,2
r40,4,10,70,0,5,24,229,0.068,1.041,60.4,84,-0.019,0.861,58.7,-8.7,1
r40,4,10,70,0,5,48,229,0.103,1.075,62.2,84,-0.016,0.889,59.7,-8.6,2
r40,4,10,70,2,2,0,272,0.010,0.972,55.1,99,-0.102,0.741,55.8,-10.3,2
r40,4,10,70,2,2,24,272,-0.008,0.956,54.2,99,-0.047,0.807,56.6,-8.9,2
r40,4,10,70,2,2,48,272,0.010,0.972,55.1,99,-0.102,0.741,55.8,-10.3,2
r40,4,10,70,2,3,0,249,-0.041,0.949,59.9,91,-0.044,0.835,59.8,-9.1,2
r40,4,10,70,2,3,24,249,-0.069,0.927,58.9,91,-0.069,0.812,59.7,-9.4,2
r40,4,10,70,2,3,48,249,-0.041,0.949,59.9,91,-0.047,0.833,59.8,-9.1,2
r40,4,10,70,2,5,0,230,0.008,1.006,63.5,85,-0.018,0.886,60.2,-8.7,2
r40,4,10,70,2,5,24,230,-0.027,0.976,62.4,85,-0.101,0.804,59.1,-9.4,1
r40,4,10,70,2,5,48,230,0.008,1.006,63.5,85,-0.021,0.884,60.2,-8.7,2
r40,4,10,70,3,2,0,272,0.027,0.992,53.6,99,-0.032,0.818,55.8,-9.6,2
r40,4,10,70,3,2,24,272,0.009,0.977,52.7,99,0.022,0.891,56.6,-8.4,2
r40,4,10,70,3,2,48,272,0.027,0.992,53.6,99,-0.032,0.818,55.8,-9.6,2
r40,4,10,70,3,3,0,249,0.018,1.007,59.5,91,0.029,0.922,59.8,-8.4,2
r40,4,10,70,3,3,24,249,-0.014,0.980,58.2,91,0.004,0.898,59.7,-8.8,2
r40,4,10,70,3,3,48,249,0.018,1.007,59.5,91,0.026,0.919,59.8,-8.4,2
r40,4,10,70,3,5,0,230,0.079,1.073,63.5,85,0.032,0.940,60.2,-8.6,2
r40,4,10,70,3,5,24,230,0.039,1.036,62.1,85,-0.051,0.853,59.1,-9.3,1
r40,4,10,70,3,5,48,230,0.079,1.073,63.5,85,0.029,0.937,60.2,-8.6,2
r40,4,15,60,0,2,0,659,-0.105,0.863,53.8,206,-0.248,0.681,54.7,-15.6,0
r40,4,15,60,0,2,24,659,-0.106,0.862,53.8,206,-0.236,0.689,54.7,-15.2,0
r40,4,15,60,0,2,48,659,-0.105,0.863,53.8,206,-0.248,0.681,54.7,-15.6,0
r40,4,15,60,0,3,0,586,-0.029,0.952,60.8,187,-0.249,0.690,58.3,-14.5,0
r40,4,15,60,0,3,24,586,-0.031,0.950,60.8,188,-0.246,0.692,58.5,-14.6,0
r40,4,15,60,0,3,48,586,-0.029,0.952,60.8,187,-0.249,0.690,58.3,-14.5,0
r40,4,15,60,0,5,0,527,0.051,1.054,63.1,168,-0.237,0.697,58.7,-14.2,1
r40,4,15,60,0,5,24,527,0.040,1.041,63.1,171,-0.240,0.698,59.3,-14.5,1
r40,4,15,60,0,5,48,527,0.051,1.054,63.1,168,-0.237,0.697,58.7,-14.2,1
r40,4,15,60,2,2,0,659,-0.129,0.837,55.3,206,-0.280,0.639,54.7,-16.1,0
r40,4,15,60,2,2,24,659,-0.130,0.837,55.3,206,-0.268,0.646,54.7,-15.7,0
r40,4,15,60,2,2,48,659,-0.129,0.837,55.3,206,-0.280,0.639,54.7,-16.1,0
r40,4,15,60,2,3,0,588,-0.068,0.903,62.0,187,-0.285,0.646,58.3,-15.5,0
r40,4,15,60,2,3,24,588,-0.070,0.901,62.0,188,-0.281,0.648,58.5,-15.5,0
r40,4,15,60,2,3,48,588,-0.068,0.903,62.0,187,-0.285,0.646,58.3,-15.5,0
r40,4,15,60,2,5,0,530,0.025,1.026,64.2,168,-0.242,0.690,58.7,-14.1,1
r40,4,15,60,2,5,24,530,0.015,1.013,64.2,171,-0.245,0.691,59.3,-14.4,1
r40,4,15,60,2,5,48,530,0.025,1.026,64.2,168,-0.242,0.690,58.7,-14.1,1
r40,4,15,60,3,2,0,659,-0.123,0.850,54.3,206,-0.254,0.675,54.7,-15.6,0
r40,4,15,60,3,2,24,659,-0.124,0.850,54.3,206,-0.242,0.683,54.7,-15.2,0
r40,4,15,60,3,2,48,659,-0.123,0.850,54.3,206,-0.254,0.675,54.7,-15.6,0
r40,4,15,60,3,3,0,587,-0.056,0.926,61.2,187,-0.256,0.684,58.3,-14.7,0
r40,4,15,60,3,3,24,587,-0.058,0.924,61.2,188,-0.252,0.686,58.5,-14.8,0
r40,4,15,60,3,3,48,587,-0.056,0.926,61.2,187,-0.256,0.684,58.3,-14.7,0
r40,4,15,60,3,5,0,528,0.030,1.037,63.5,168,-0.237,0.697,58.7,-14.2,1
r40,4,15,60,3,5,24,528,0.020,1.024,63.5,171,-0.240,0.698,59.3,-14.5,1
r40,4,15,60,3,5,48,528,0.030,1.037,63.5,168,-0.237,0.697,58.7,-14.2,1
r40,4,15,70,0,2,0,651,-0.134,0.855,49.8,199,-0.275,0.688,53.2,-17.3,0
r40,4,15,70,0,2,24,651,-0.132,0.856,49.0,200,-0.258,0.697,52.0,-16.7,0
r40,4,15,70,0,2,48,651,-0.134,0.855,49.8,199,-0.275,0.688,53.2,-17.3,0
r40,4,15,70,0,3,0,574,-0.054,0.937,57.9,179,-0.274,0.712,57.7,-15.2,0
r40,4,15,70,0,3,24,574,-0.059,0.931,56.6,181,-0.281,0.700,56.1,-15.7,1
r40,4,15,70,0,3,48,574,-0.052,0.938,57.9,179,-0.274,0.712,57.7,-15.2,0
r40,4,15,70,0,5,0,507,-0.024,0.958,62.3,160,-0.248,0.729,58.8,-15.0,1
r40,4,15,70,0,5,24,511,-0.044,0.944,61.0,164,-0.333,0.674,56.5,-16.2,0
r40,4,15,70,0,5,48,507,-0.029,0.954,62.3,160,-0.242,0.732,58.8,-14.9,1
r40,4,15,70,2,2,0,654,-0.123,0.867,53.3,201,-0.251,0.706,54.2,-16.9,0
r40,4,15,70,2,2,24,654,-0.123,0.867,52.6,201,-0.230,0.719,53.3,-16.2,0
r40,4,15,70,2,2,48,654,-0.123,0.867,53.3,201,-0.251,0.706,54.2,-16.9,0
r40,4,15,70,2,3,0,579,-0.076,0.907,60.9,181,-0.260,0.717,58.2,-15.0,0
r40,4,15,70,2,3,24,579,-0.081,0.901,59.7,182,-0.257,0.715,57.5,-15.1,1
r40,4,15,70,2,3,48,579,-0.073,0.908,60.9,181,-0.260,0.717,58.2,-15.0,0
r40,4,15,70,2,5,0,514,-0.009,0.976,65.1,161,-0.238,0.739,59.0,-15.0,1
r40,4,15,70,2,5,24,517,-0.035,0.955,63.9,165,-0.314,0.690,57.3,-16.2,0
r40,4,15,70,2,5,48,514,-0.014,0.971,65.1,161,-0.233,0.742,59.0,-14.9,1
r40,4,15,70,3,2,0,653,-0.123,0.872,51.3,201,-0.237,0.727,53.7,-16.9,0
r40,4,15,70,3,2,24,653,-0.123,0.872,50.5,201,-0.216,0.740,52.9,-16.2,0
r40,4,15,70,3,2,48,653,-0.123,0.872,51.3,201,-0.237,0.727,53.7,-16.9,0
r40,4,15,70,3,3,0,577,-0.070,0.925,59.1,181,-0.228,0.753,58.2,-14.5,0
r40,4,15,70,3,3,24,577,-0.077,0.918,57.8,182,-0.225,0.751,57.5,-14.5,1
r40,4,15,70,3,3,48,577,-0.068,0.927,59.1,181,-0.228,0.753,58.2,-14.5,0
r40,4,15,70,3,5,0,509,-0.021,0.969,63.5,161,-0.224,0.756,59.0,-15.0,1
r40,4,15,70,3,5,24,513,-0.047,0.948,62.2,165,-0.301,0.706,57.3,-16.0,0
r40,4,15,70,3,5,48,509,-0.026,0.964,63.5,161,-0.219,0.760,59.0,-14.9,1